Well Name,Depth,Facies,GR,AC,LLS,LLD
JY11-4,2251,1,153.283,208.917,36.85,33.82
JY11-4,2252.125,1,131.242,229.899,51.297,52.338
JY11-4,2252.25,1,112.105,220.857,79.479,79.705
JY11-4,2252.375,1,99.377,206.779,107.584,105.885
JY11-4,2252.5,1,98.209,192.924,123.158,119.664
JY11-4,2252.625,1,102.866,187.758,125.878,121.821
JY11-4,2252.75,1,103.858,188.059,128.512,125.379
JY11-4,2252.875,1,96.011,186.762,148.829,146.424
JY11-4,2253.5,1,91.981,184.692,164.723,155.965
JY11-4,2253.625,1,97.823,188.307,133.042,126.241
JY11-4,2253.75,1,101.556,190.935,113.819,108.741
JY11-4,2253.875,1,103.668,193.752,106.326,102.019
JY11-4,2254,1,103.168,194.265,103.094,98.776
JY11-4,2254.125,1,100.926,192.839,97.537,93.282
JY11-4,2254.25,1,99.986,194.152,92.361,88.525
JY11-4,2255,1,79.855,186.602,571.954,549.602
JY11-4,2255.125,1,79.181,182.998,675.917,637.093
JY11-4,2255.25,1,80.43,181.274,606.046,559.45
JY11-4,2255.375,1,85.225,182.225,408.841,368.926
JY11-4,2255.5,1,96.691,191.798,202.776,179.536
JY11-4,2255.625,1,115.082,208.854,87.763,78.103
JY11-4,2255.75,1,131.424,224.409,50.664,47.203
JY11-4,2255.875,1,136.17,231.133,50.002,48.66
JY11-4,2256,1,124.485,229.295,76.383,77.002
JY11-4,2256.125,1,105.093,217.858,162.653,164.935
JY11-4,2256.25,1,87.226,201.19,345.046,344.347
JY11-4,2256.375,1,77.1,187.589,554.175,544.039
JY11-4,2256.5,1,73.577,182.959,679.104,656.112
JY11-4,2256.625,1,75.087,183.193,632.424,601.458
JY11-4,2256.75,1,81.11,185.263,469.431,439.137
JY11-4,2256.875,1,91.729,188.139,283.422,260.793
JY11-4,2257,1,107.123,192.85,148.261,134.656
JY11-4,2257.125,1,124.002,202.108,72.351,65.811
JY11-4,2257.25,1,137.271,213.685,43.555,40.66
JY11-4,2257.375,1,142.172,220.088,35.054,33.706
JY11-4,2257.5,1,139.292,220.458,35.206,34.58
JY11-4,2257.625,1,132.202,219.655,42.007,41.791
JY11-4,2257.75,1,123.149,214.159,54.888,54.795
JY11-4,2257.875,1,112.639,204.316,75.74,75.646
JY11-4,2258,1,101.948,199.191,113.562,112.96
JY11-4,2258.125,1,94.431,196.903,166.444,164.104
JY11-4,2258.25,1,90.457,191.98,219.516,214.404
JY11-4,2258.375,1,88.139,188.737,253.164,245.919
JY11-4,2258.5,1,85.953,189.158,269.949,262.221
JY11-4,2258.625,1,84.202,188.997,288.069,281.156
JY11-4,2258.75,1,82.544,187.12,323.127,316.557
JY11-4,2258.875,1,80.163,185.324,366.696,359.343
JY11-4,2259,1,78.11,183.991,399.012,390.234
JY11-4,2259.125,1,78.157,184.253,407.95,397.838
JY11-4,2259.25,1,80.097,184.64,387.717,376.381
JY11-4,2259.375,1,83.282,183.201,329.747,318.015
JY11-4,2259.5,1,88.966,181.381,248.499,238.254
JY11-4,2259.625,1,96.921,182.475,170.091,163.398
JY11-4,2259.75,1,102.749,184.566,126.771,124.001
JY11-4,2259.875,1,99.56,184.798,125.637,126.248
JY11-4,2260,1,87.872,183.278,184.791,188.844
JY11-4,2260.125,1,72.961,179.953,326.5,332.73
JY11-4,2260.25,1,61.906,175.394,522.517,527.719
JY11-4,2260.375,1,56.331,174.03,701.685,703.631
JY11-4,2260.5,1,56.033,177.54,804.021,805.389
JY11-4,2260.625,1,58.805,182.922,835.138,841.038
JY11-4,2260.75,1,62.122,188.135,830.346,844.256
JY11-4,2260.875,1,64.706,194.746,822.724,843.62
JY11-4,2261,1,66.467,203.228,819.886,844.801
JY11-4,2261.125,1,67.268,209.632,815.633,840.78
JY11-4,2261.25,1,67.183,209.857,794.861,817.488
JY11-4,2261.375,1,66.982,206.245,747.377,766.027
JY11-4,2261.5,1,67.337,199.549,678.869,693.976
JY11-4,2265.125,2,157.848,220.712,30.697,29.044
JY11-4,2265.25,2,158.666,218.015,31.616,29.746
JY11-4,2265.375,2,159.859,217.003,31.655,29.659
JY11-4,2265.75,2,159.856,221.967,29.806,27.764
JY11-4,2265.875,2,159.99,225.382,29.171,27.161
JY11-4,2266,2,159.624,228.794,28.597,26.623
JY11-4,2266.75,2,159.481,230.419,28.019,26.066
JY11-4,2266.875,2,158.711,227.974,28.741,26.704
JY11-4,2267,2,157.415,225.114,29.485,27.331
JY11-4,2267.625,2,154.93,232.759,27.553,25.394
JY11-4,2267.75,2,158.615,235.14,27.249,25.164
JY11-4,2267.875,2,162.738,235.912,27.33,25.24
JY11-4,2268.625,2,163.259,238.259,27.336,24.845
JY11-4,2268.75,2,161.386,238.078,26.602,24.141
JY11-4,2268.875,2,160.316,237.593,26.158,23.721
JY11-4,2269.625,2,158.366,234.939,24.87,24.352
JY11-4,2269.75,2,159.951,234.672,23.869,23.906
JY11-4,2269.875,2,162.662,234.889,23.192,23.647
JY11-4,2270,1,164.005,235.474,22.815,23.607
JY11-4,2270.125,1,163.181,235.905,22.714,23.791
JY11-4,2270.75,2,164.481,234.086,23.561,25.479
JY11-4,2270.875,2,162.038,234.211,23.161,25.085
JY11-4,2271,2,159.34,234.814,22.109,24.027
JY11-4,2271.625,2,162.575,241.822,20.863,23.471
JY11-4,2271.75,2,162.644,243.424,22.25,25.018
JY11-4,2271.875,2,163.555,244.89,23.209,26.017
JY11-4,2272.5,2,164.061,251.363,22.247,24.652
JY11-4,2272.625,2,162.007,249.104,22.248,24.606
JY11-4,2272.75,2,162.149,246.529,22.396,24.712
JY11-4,2273,2,175.889,247.28,22.068,23.962
JY11-4,2273.125,2,182.417,249.446,20.281,21.591
JY11-4,2273.25,2,184.495,253.503,16.373,17.047
JY11-4,2273.375,2,183.122,257.063,11.544,11.866
JY11-4,2273.5,2,181.825,258.377,7.518,7.848
JY11-4,2273.625,2,181.409,258.895,5.667,6.224
JY11-4,2273.75,2,180.309,259.695,5.582,6.438
JY11-4,2273.875,2,178.423,260.409,7.192,8.439
JY11-4,2274,2,176.88,260.41,10.501,12.146
JY11-4,2274.375,2,171.291,261.533,20.311,22.246
JY11-4,2274.5,2,170.148,262.113,21.864,23.669
JY11-4,2274.625,2,170.607,262.844,22.453,24.089
JY11-4,2275.625,2,177.384,261.546,5.475,6.139
JY11-4,2275.75,2,176.996,261.43,7.449,8.5
JY11-4,2275.875,2,174.653,261.158,11.381,12.833
JY11-4,2276.375,2,170.457,266.26,20.946,22.573
JY11-4,2276.5,2,171.153,268.807,20.948,22.584
JY11-4,2276.625,2,172.41,270.942,21.114,22.777
JY11-4,2277.5,2,169.888,269.331,22.444,24.406
JY11-4,2277.625,2,167.773,263.57,22.756,24.707
JY11-4,2277.75,2,164.226,257.785,22.75,24.646
JY11-4,2278.5,2,168.896,270.651,20.855,23.012
JY11-4,2278.625,2,168.164,270.273,21.169,23.436
JY11-4,2278.75,2,166.007,269.669,21.481,23.804
JY11-4,2279.75,2,165.103,264.721,17.703,19.697
JY11-4,2279.875,2,165.631,263.647,19.186,21.188
JY11-4,2280,2,164.353,262.851,19.967,21.817
JY11-4,2281,2,170.103,265.786,20.51,21.945
JY11-4,2281.125,2,172.508,267.673,18.11,19.192
JY11-4,2281.25,2,175.654,269.241,14.877,15.799
JY11-4,2282,2,173.175,266.983,12.776,13.6
JY11-4,2282.125,2,171.665,266.275,12.922,13.604
JY11-4,2282.25,2,172.004,265.695,12.29,12.825
JY11-4,2283,2,174.995,261.051,13.376,14.509
JY11-4,2283.125,2,177.342,259.542,16.98,18.127
JY11-4,2283.25,2,183.386,257.444,19.924,20.966
JY11-4,2283.625,2,197.481,252.389,20.475,20.997
JY11-4,2283.75,2,197.213,251.26,18.249,18.643
JY11-4,2283.875,2,196.836,251.889,15.757,16.086
JY11-4,2285,2,164.452,273.11,13.418,13.87
JY11-4,2285.125,2,161.596,283.052,13.687,14.118
JY11-4,2285.25,2,158.791,284.242,13.219,13.775
JY11-4,2285.5,2,151.744,257.208,18.787,20.07
JY11-4,2285.625,2,149.637,234.968,29.145,31.02
JY11-4,2285.75,2,148.424,227.431,43.078,45.572
JY11-4,2285.875,2,146.667,226.966,55.773,58.799
JY11-4,2286,2,143.487,222.629,65.864,69.384
JY11-4,2286.125,2,137.622,213.431,76,80.156
JY11-4,2286.25,2,127.198,203.654,89.932,95.019
JY11-4,2286.375,2,113.507,194.178,109.409,115.739
JY11-4,2286.5,2,99.762,186.974,133.017,140.338
JY11-4,2286.625,2,91.232,186.189,152.131,159.453
JY11-4,2286.75,2,89.517,193.297,155.964,162.103
JY11-4,2287,2,115.013,235.32,84.61,87.312
JY11-4,2287.25,2,137.358,257.743,47.523,49.476
JY11-4,2287.375,2,139.107,260.851,41.262,42.728
JY11-4,2287.5,2,142.982,263.559,35.213,36.232
JY11-4,2287.625,2,149.485,266.861,29.902,30.674
JY11-4,2288.75,2,175.295,266.702,24.075,24.493
JY11-4,2289,2,173.896,266.398,14.191,14.264
JY11-4,2289.125,2,173.91,265.489,11.046,11.281
JY11-4,2289.25,2,174.92,264.535,9.653,10.069
JY11-4,2289.375,2,176.34,263.425,9.998,10.59
JY11-4,2289.625,2,188.559,244.51,22.056,23.189
JY11-4,2290.5,2,230.905,267.009,33.018,34.107
JY11-4,2290.625,2,231.72,263.816,33.284,34.388
JY11-4,2290.75,2,226.221,259.268,33.315,34.364
JY11-4,2291,2,194.391,240.299,54.829,55.874
JY11-4,2291.125,2,198.053,241.618,50.163,50.626
JY11-4,2291.25,2,206.598,246.819,40.105,40.293
JY11-4,2291.375,2,192.676,276.221,17.462,17.985
JY11-4,2291.625,2,196.519,281.65,18.682,18.566
JY11-4,2292.5,2,198.884,289.937,10.426,10.93
JY11-4,2292.625,2,199.276,290.707,11.939,12.555
JY11-4,2293.75,2,202.439,289.176,20.869,21.616
JY11-4,2293.875,2,205.146,287.485,21.319,22.089
JY11-4,2294.5,2,183.352,274.199,21.523,20.882
JY11-4,2295.125,2,184.55,275.827,15.696,14.931
JY11-4,2295.25,2,207.038,292.488,12.123,12.88
JY11-4,2295.875,2,191.198,288.088,27.377,27.595
JY11-4,2296,2,196.747,288.147,23.985,24.018
JY11-4,2297,2,153.892,237.748,34.03,36.096
JY11-4,2297.125,2,144.007,234.656,44.388,46.49
JY11-4,2297.25,2,153.408,244.324,50.461,52.07
JY11-4,2299.125,2,153.868,237.22,52.881,54.585
JY11-4,2299.25,2,152.584,236.018,52.26,53.98
JY11-4,2299.375,2,144.601,233.366,58.322,60.97
JY11-4,2300,2,143.744,233.068,59.621,62.245
JY11-4,2300.125,2,140.831,232.61,59.865,62.384
JY11-4,2300.25,2,147.502,233.93,53.685,55.568
JY11-4,2300.875,2,148.899,233.436,53.286,55.182
JY11-4,2301,2,148.456,232.837,53.723,55.741
JY11-4,2301.125,2,149.76,241.222,52.761,54.761
JY11-4,2301.625,2,149.311,241.346,51.827,53.794
JY11-4,2301.75,2,148.926,240.264,51.32,53.245
JY11-4,2301.875,2,153.795,238.648,48.576,50.225
JY11-4,2302.875,2,154.394,240.498,46.984,48.664
JY11-4,2303,2,155.773,242.861,46.056,47.755
JY11-4,2303.125,2,156.869,244.405,46.237,47.99
JY11-4,2303.875,2,156.614,245.279,47.388,49.224
JY11-4,2304,2,155.87,245.825,49.008,50.904
JY11-4,2304.125,2,155.477,245.856,50.303,52.226
JY11-4,2304.75,2,156.749,245.55,51.034,52.986
JY11-4,2304.875,2,159.43,245.025,51.394,53.416
JY11-4,2305,2,161.593,243.657,52.022,54.177
JY11-4,2305.875,2,160.766,241.068,53.463,55.837
JY11-4,2306,2,156.531,237.795,56.054,58.699
JY11-4,2306.125,2,151.433,235.002,59.161,62.031
JY11-4,2307,2,149.198,233.557,61.903,64.865
JY11-4,2307.125,2,151.132,234.067,63.061,65.917
JY11-4,2307.25,2,156.826,236.277,62.36,65.01
JY11-4,2307.375,2,162.899,239.164,60.222,62.694
JY11-4,2307.5,2,166.481,241.32,57.941,60.335
JY11-4,2307.625,2,167.077,242.35,56.342,58.708
JY11-4,2307.75,2,166.698,242.633,55.546,57.868
JY11-4,2307.875,2,158.243,241.83,54.87,57.642
JY11-4,2308,2,154.257,241.027,54.864,57.668
JY11-4,2308.125,2,152.184,239.881,55.005,57.779
JY11-4,2308.25,2,149.925,234.669,56.107,58.73
JY11-4,2308.375,2,152.562,236.069,54.838,57.383
JY11-4,2308.5,2,154.054,238.551,53.11,55.676
JY11-4,2308.625,2,156.777,244.683,50.575,53.509
JY11-4,2308.75,2,159.148,247.228,50.566,53.669
JY11-4,2308.875,2,161.285,248.519,51.099,54.285
JY11-4,2309,2,162.185,248.682,51.535,54.776
JY11-4,2309.125,2,162.264,248.418,51.674,54.98
JY11-4,2309.25,2,162.393,247.679,50.937,54.186
JY11-4,2309.375,2,162.331,240.733,32.954,35.262
JY11-4,2309.875,2,163.005,239.587,32.547,35.088
JY11-4,2310,2,162.535,239.412,35.528,38.373
JY11-4,2310.125,2,214.533,249.866,11.049,11.674
JY11-4,2310.75,2,223.144,246.406,12.189,13.222
JY11-4,2310.875,2,218.058,241.36,15.916,17.444
JY11-4,2311,2,170.755,241.451,44.366,46.099
JY11-4,2311.625,2,173.461,240.528,18.869,19.601
JY11-4,2311.75,2,175.602,239.085,18.104,19.136
JY11-4,2311.875,2,178.363,238.04,20.81,22.109
JY11-4,2312.375,2,179.257,236.032,25.767,27.234
JY11-4,2312.5,2,177.016,234.305,31.621,33.077
JY11-4,2312.625,2,172.866,234.067,36.777,38.059
JY11-4,2313.5,2,169.885,234.033,40.952,41.982
JY11-4,2313.625,2,163.122,245.269,28.942,27.965
JY11-4,2313.75,2,164.722,245.513,19.414,18.653
JY11-4,2314.625,2,165.655,245.628,13.425,13.052
JY11-4,2314.75,2,163.354,237.989,6.824,7.307
JY11-4,2314.875,2,163.965,238.676,11.353,12.251
JY11-4,2315,2,165.205,239.877,21.747,22.933
JY11-4,2315.125,2,156.273,237.38,57.838,58.922
JY11-4,2315.25,2,156.191,235.604,59.21,60.454
JY11-4,2315.375,2,155.07,232.663,61.137,62.467
JY11-4,2315.5,2,161.454,238.713,48.49,48.582
JY11-4,2315.625,2,164.328,241.12,41.379,41.546
JY11-4,2315.75,2,163.985,241.032,36.285,36.735
JY11-4,2315.875,2,160.193,238.127,19.094,19.435
JY11-4,2316.75,2,160.856,237.507,19.799,20.645
JY11-4,2316.875,2,162.622,236.828,26.301,27.639
JY11-4,2317,2,157.995,243.378,55.158,57.104
JY11-4,2317.75,2,160.327,243.024,52.893,54.944
JY11-4,2317.875,2,162.228,240.052,50.316,52.512
JY11-4,2318,2,169.966,260.624,40.383,41.802
JY11-4,2318.75,2,167.504,263.382,41.565,42.776
JY11-4,2318.875,2,166.597,266.186,39.629,40.422
JY11-4,2319,2,178.419,270.606,22.04,22.604
JY11-4,2319.625,2,180.344,270.149,22.133,22.83
JY11-4,2319.75,2,177.43,268.891,23.445,24.236
JY11-4,2319.875,2,172.414,271.85,36.761,38.39
JY11-4,2320.875,2,171.81,270.648,43.757,45.362
JY11-4,2321,2,169.281,269.024,47.789,49.296
JY11-4,2321.125,2,166.736,266.175,47.026,48.132
JY11-4,2322.375,2,167.894,266.695,42.872,43.814
JY11-4,2322.5,2,168.561,267.001,38.809,39.749
JY11-4,2322.625,2,169.127,267.728,48.329,50.381
JY11-4,2323.875,2,168.774,267.358,49.987,52.186
JY11-4,2324,2,166.464,266.161,52.285,54.659
JY11-4,2324.125,2,163.085,263.835,54.832,57.323
JY11-4,2324.625,2,163.573,263.887,53.457,55.863
JY11-4,2324.75,2,164.119,264.41,51.013,53.338
JY11-4,2324.875,2,164.015,264.835,48.949,51.345
JY11-4,2326.125,2,163.905,264.559,48.332,51.018
JY11-4,2326.25,2,164.123,263.51,49.996,53.146
JY11-4,2326.375,2,163.809,262.657,53.072,56.707
JY11-4,2327,2,163.1,262.497,56.227,60.3
JY11-4,2327.125,2,162.834,262.397,58.156,62.6
JY11-4,2327.25,2,165.279,262.636,58.955,63.852
JY11-4,2328.125,2,166.6,262.389,59.078,64.111
JY11-4,2328.25,2,167.408,261.522,59.758,64.965
JY11-4,2328.375,2,175.077,263.683,57.561,63.174
JY11-4,2328.625,2,176.341,264.705,56.099,61.563
JY11-4,2328.75,2,178.067,266.093,55.114,60.426
JY11-4,2328.875,2,179.01,270.227,57.272,62.123
JY11-4,2329,2,180.449,270.77,58.48,63.393
JY11-4,2329.125,2,180.047,269.798,59.336,64.012
JY11-4,2329.25,2,198.448,270.63,20.327,21.352
JY11-4,2329.375,2,206.855,268.563,17.846,18.939
JY11-4,2329.5,2,216.506,266.748,17.768,19.004
JY11-4,2329.625,2,181.873,255.288,35.717,37.162
JY11-4,2329.875,2,184.478,253.087,31.779,32.445
JY11-4,2330,2,194.863,254.481,23.734,23.755
JY11-4,2330.125,2,206.087,271.189,22.412,23.866
JY11-4,2330.875,2,205.397,271.861,29.401,30.753
JY11-4,2331,2,207.143,272.663,32.207,33.276
JY11-4,2331.125,2,196.362,260.902,28.929,29.71
JY11-4,2332.5,2,192.422,257.624,27.793,28.719
JY11-4,2332.625,2,188.826,253.416,28.461,29.684
JY11-4,2332.75,2,179.002,243.366,41.667,43.349
JY11-4,2333.375,2,177.646,242.935,43.69,45.15
JY11-4,2333.5,2,178.672,244.103,42.881,44.086
JY11-4,2333.625,2,179.444,240.697,49.075,51.63
JY11-4,2334.375,2,182.431,239.975,50.94,53.735
JY11-4,2334.5,2,182.045,239.408,51.198,54.219
JY11-4,2334.625,2,172.97,234.333,68.253,73.854
JY11-4,2335.375,2,173.468,233.847,68.931,74.543
JY11-4,2335.5,2,173.38,236.201,65.47,70.568
JY11-4,2335.625,2,166.064,241.368,46.385,49.247
JY11-4,2336.5,2,170.419,240.527,41.008,43.707
JY11-4,2336.625,2,172.534,239.605,38.809,41.292
JY11-4,2336.75,2,198.556,253.737,20.998,22.306
JY11-4,2337.125,2,197.41,253.592,23.697,25.396
JY11-4,2337.25,2,192.841,251.304,28.091,30.067
JY11-4,2337.375,2,187.372,242.073,57.087,61.953
JY11-4,2338.25,2,191.513,243.541,68.476,73.993
JY11-4,2338.375,2,195.9,245.708,74.987,80.62
JY11-4,2338.5,2,202.469,252.7,60.377,64.338
JY11-4,2339.625,2,200.515,251.951,64.857,69.131
JY11-4,2339.75,2,200.661,251.757,70.815,75.322
JY11-4,2339.875,2,203.276,256.572,29.508,31.547
JY11-4,2341.25,2,202.268,255.609,36.037,38.781
JY11-4,2341.375,2,198.601,254.336,44.653,47.934
JY11-4,2341.5,2,192.571,252.486,51.557,55.041
JY11-4,2342.125,2,196.875,253.184,50.209,53.468
JY11-4,2342.25,2,201.49,254.494,47.999,50.771
JY11-4,2342.375,2,204.439,255.558,43.716,45.95
JY11-4,2343.125,2,204.158,255.435,38.409,40.307
JY11-4,2343.25,2,199.854,253.041,34.831,36.805
JY11-4,2343.375,2,191.476,248.557,34.969,37.44
JY11-4,2344.25,2,182.745,245.123,39.639,42.904
JY11-4,2344.375,2,177.904,244.055,46.609,50.536
JY11-4,2344.5,2,180.647,244.524,51.56,55.708
JY11-4,2345.375,2,189.015,246.284,51.84,55.787
JY11-4,2345.5,2,200.906,249.611,41.945,45.122
JY11-4,2345.625,2,196.245,248.016,39.857,42.869
JY11-4,2346,2,191.263,247.132,38.237,41.048
JY11-4,2346.125,2,206.914,252.55,39.912,43.553
JY11-4,2346.25,2,207.291,251.464,47.449,51.857
JY11-4,2346.375,2,203.996,248.337,53.598,58.121
JY11-4,2346.5,2,203.621,256.037,24.716,26.686
JY11-4,2346.625,2,203.081,256.178,30.018,32.96
JY11-4,2346.75,2,201.408,256.412,39.541,43.559
JY11-4,2346.875,2,195.862,257.427,40.22,43.864
JY11-4,2347,2,193.378,257.677,38.913,42.416
JY11-4,2347.125,2,195.024,257.572,38.264,41.652
JY11-4,2347.25,2,172.133,249.371,50.098,53.696
JY11-4,2347.625,2,174.314,249.049,42.804,45.794
JY11-4,2347.75,2,175.692,247.99,39.105,42.145
JY11-4,2347.875,2,167.934,246.477,60.53,65.546
JY11-4,2348.5,2,171.757,245.444,60.197,64.608
JY11-4,2348.625,2,176.881,244.913,53.886,56.911
JY11-4,2348.75,2,197.305,245.833,13.949,15.203
JY11-4,2350.125,2,196.232,247.136,16.173,17.564
JY11-4,2350.25,2,196.303,249.751,18.933,20.668
JY11-4,2350.375,2,216.699,251.314,88.46,96.385
JY11-4,2351.125,2,218.656,252.587,80.486,87.231
JY11-4,2351.25,2,217.274,253.937,69.349,74.48
JY11-4,2351.375,2,337.253,264.497,25.895,28.792
JY11-4,2352.25,2,356.106,258.039,35.627,39.363
JY11-4,2352.375,2,343.032,246.535,43.925,48.038
JY11-4,2352.5,2,195.852,257.657,11.656,12.511
JY11-4,2353.25,2,190.887,255.75,13.055,14.354
JY11-4,2353.375,2,183.363,250.557,18.899,20.739
JY11-4,2353.5,2,180.706,244.078,28.232,30.898
JY11-4,2354.375,2,177.142,245.377,33.329,36.746
JY11-4,2354.5,2,181.327,246.697,40.489,44.516
JY11-4,2354.625,2,181.015,252.122,49.113,53.399
JY11-4,2355.625,2,174.749,249.314,50.362,54.643
JY11-4,2355.75,2,166.82,247.208,51.773,56.024
JY11-4,2355.875,2,120.891,258.705,15.749,15.442
JY11-4,2356.75,2,123.442,260.115,11.961,11.629
JY11-4,2356.875,2,130.404,263.127,8.598,8.435
JY11-4,2357,2,177.772,282.766,21.49,22.612
JY41-5,2494.5,2,165.888,238.551,36.016,35.941
JY41-5,2494.625,2,164.232,238.706,35.66,35.624
JY41-5,2496.625,2,164.439,238.303,37.91,35.192
JY41-5,2496.75,2,165.382,240.761,36.687,34.052
JY41-5,2496.875,2,165.65,242.55,35.682,33.146
JY41-5,2502.25,1,170.613,233.924,40.182,37.677
JY41-5,2502.375,1,166.583,232.456,41.119,38.387
JY41-5,2502.5,1,160.729,231.785,41.041,38.044
JY41-5,2502.625,1,158.16,232.531,39.762,36.614
JY41-5,2503.375,1,171.199,242.725,31.972,29.535
JY41-5,2503.5,1,174.744,243.383,30.969,28.622
JY41-5,2503.625,1,176.548,244.149,30.018,27.765
JY41-5,2508,1,89.398,198.598,431.399,390.261
JY41-5,2508.125,1,90.29,198.407,385.632,349.227
JY41-5,2508.25,1,90.675,198.382,341.263,309.408
JY41-5,2508.375,1,90.239,198.727,296.333,269.286
JY41-5,2508.5,1,90.293,199.637,257.244,235.017
JY41-5,2508.625,1,92.36,200.983,233.623,215.096
JY41-5,2508.75,1,95.2,202.542,230.548,213.995
JY41-5,2508.875,1,95.399,203.84,248.694,232.745
JY41-5,2509,1,92.413,204.339,289.88,273.208
JY41-5,2509.125,1,88.891,203.738,355.544,336.208
JY41-5,2509.25,1,86.698,202.094,433.505,410.099
JY41-5,2509.375,1,85.319,199.835,519.287,490.864
JY41-5,2509.5,1,84.053,197.367,618.275,582.481
JY41-5,2509.625,1,83.363,195.333,712.277,666.562
JY41-5,2509.75,1,84.698,194.182,761.528,706.309
JY41-5,2509.875,1,88.621,194.229,727.02,668.221
JY41-5,2510,1,94.56,195.297,641.64,585.341
JY41-5,2510.125,1,101.495,197.098,547.663,497.231
JY41-5,2510.25,1,107.449,199.423,478.468,434.158
JY41-5,2510.375,1,111.332,201.981,445.745,406.16
JY41-5,2510.5,1,111.996,204.724,463.516,425.32
JY41-5,2510.625,1,108.866,207.803,541.667,500.164
JY41-5,2510.75,1,102.677,211.188,694.131,643.231
JY41-5,2510.875,1,95.448,214.656,939.022,868.126
JY41-5,2511,1,89.072,217.661,1210.787,1109.881
JY41-5,2511.125,1,84.427,219.639,1406.589,1274.164
JY41-5,2511.25,1,83.135,219.946,1413.531,1262.83
JY41-5,2511.375,1,86.135,218.708,1234.17,1086.19
JY41-5,2511.5,1,93.129,217.077,909.025,786.498
JY41-5,2511.625,1,102.801,216.58,541.507,459.592
JY41-5,2511.75,1,116.386,218.187,251.589,208.525
JY41-5,2511.875,1,136.575,222.339,99.961,81.616
JY41-5,2512,1,160.315,229.064,51.231,42.334
JY41-5,2512.125,1,180.526,236.33,36.883,30.975
JY41-5,2512.25,1,188.658,242.226,31.874,27.178
JY41-5,2512.375,1,187.331,245.357,30.915,26.672
JY41-5,2512.5,1,182.253,246.017,32.286,27.985
JY41-5,2512.625,1,177.715,244.469,34.92,30.307
JY41-5,2512.75,1,173.028,241.397,38.647,33.624
JY41-5,2512.875,1,167.059,237.604,44.293,38.644
JY41-5,2514.125,1,149.036,219.814,64.661,53.275
JY41-5,2514.25,1,149.769,222.147,62.558,51.418
JY41-5,2514.375,1,149.604,223.473,60.834,49.625
JY41-5,2514.5,1,149.746,224.726,57.022,46.083
JY41-5,2514.625,1,151.69,226.732,50.716,40.666
JY41-5,2514.75,1,156.551,230.062,43.779,34.994
JY41-5,2516,1,179.744,241.529,41.156,33.093
JY41-5,2516.125,1,176.27,238.953,44.236,35.401
JY41-5,2516.25,1,171.798,236.415,46.949,37.357
JY41-5,2516.375,1,168.34,234.147,48.653,38.518
JY41-5,2517.375,1,67.229,194.375,983.152,902.488
JY41-5,2517.5,1,57.202,187.77,1262.004,1148.016
JY41-5,2517.625,1,54.608,183.86,1277.254,1156.172
JY41-5,2518,1,59.953,186.926,1099.338,1009.13
JY41-5,2518.125,1,60.121,189.957,1263.724,1155.229
JY41-5,2518.25,1,60.273,192.652,1413.136,1271.571
JY41-5,2518.375,1,61.048,194.865,1419.704,1248.492
JY41-5,2518.5,1,62.489,196.416,1232.158,1054.409
JY41-5,2518.625,1,64.5,197.491,931.813,776.592
JY41-5,2518.75,1,68.112,199.014,616.569,501.98
JY41-5,2518.875,1,77.557,201.797,353.4,282.314
JY41-5,2519,1,95.925,206.39,172.146,134.902
JY41-5,2519.125,1,122.782,212.937,77.845,60.418
JY41-5,2519.25,1,150.702,221.363,47.696,37.431
JY41-5,2519.375,1,172.899,230.303,36.508,29.039
JY41-5,2519.5,1,186.824,238.368,32.169,25.914
JY41-5,2519.625,1,194.064,244.451,30.961,25.197
JY41-5,2519.75,1,196.473,248.338,31.046,25.477
JY41-5,2519.875,1,195.612,250.147,31.804,26.292
JY41-5,2520,1,193.074,250.169,33.009,27.444
JY41-5,2520.125,2,188.447,249.275,34.515,28.796
JY41-5,2520.25,2,181.884,247.823,36.195,30.262
JY41-5,2521,2,174.907,238.665,40.163,33.995
JY41-5,2521.125,2,176.183,238.368,39.414,33.401
JY41-5,2521.25,2,177.935,238.672,38.281,32.521
JY41-5,2522.125,2,181.222,242.698,35.557,29.935
JY41-5,2522.25,2,184.508,243.803,29.618,24.775
JY41-5,2522.375,2,187.919,245.654,23.136,19.484
JY41-5,2523.25,2,189.081,253.41,31.594,26.823
JY41-5,2523.375,2,191.613,253.397,29.421,25.062
JY41-5,2523.5,2,194.113,253.462,28.056,24.03
JY41-5,2524.25,2,186.462,254.463,34.942,30.101
JY41-5,2524.375,2,183.164,254.525,34.494,29.981
JY41-5,2524.5,2,182.628,254.347,34.154,29.949
JY41-5,2525.125,2,174.938,251.576,33.351,30.595
JY41-5,2525.25,2,175.701,251.445,33.169,30.517
JY41-5,2525.375,2,176.596,251.55,33.04,30.474
JY41-5,2526.125,2,178.725,254.019,25.803,24.118
JY41-5,2526.25,2,180.339,254.521,24.605,23.192
JY41-5,2526.375,2,183.28,255.012,24.68,23.443
JY41-5,2527.125,2,181.617,255.457,31.366,29.803
JY41-5,2527.25,2,179.41,254.761,31.51,29.965
JY41-5,2527.375,2,177.695,253.873,31.055,29.561
JY41-5,2528,2,178.108,250.025,24.481,24.091
JY41-5,2528.125,2,175.971,249.991,26.513,26.104
JY41-5,2528.25,2,175.205,250.204,28.936,28.348
JY41-5,2528.875,2,182.537,249.494,32.001,31.152
JY41-5,2529,2,178.026,248.254,32.878,31.96
JY41-5,2529.125,2,172.929,246.999,33.263,32.248
JY41-5,2529.75,2,179.54,247.462,29.011,27.889
JY41-5,2529.875,2,180.642,248.073,29.633,28.449
JY41-5,2530,2,180.674,248.408,30.66,29.36
JY41-5,2530.625,2,178.624,249.629,32.51,30.898
JY41-5,2530.75,2,177.418,250.406,32.444,30.772
JY41-5,2530.875,2,177.107,251.216,32.223,30.511
JY41-5,2531.375,2,184.077,252.736,30.965,29.496
JY41-5,2531.5,2,184.536,252.677,30.845,29.403
JY41-5,2531.625,2,185.313,252.583,30.817,29.349
JY41-5,2532.375,2,181.358,253.602,30.6,29.105
JY41-5,2532.5,2,178.836,253.917,30.523,28.998
JY41-5,2532.625,2,177.019,254.249,30.435,28.873
JY41-5,2533.25,2,176.368,255.209,30.695,29.215
JY41-5,2533.375,2,178.819,255.004,29.364,27.738
JY41-5,2533.5,2,180.659,254.698,25.719,24.131
JY41-5,2534,2,187.24,253.679,15.809,15.461
JY41-5,2534.125,2,186.378,253.541,18.956,18.604
JY41-5,2534.25,2,183.233,253.293,23.895,23.251
JY41-5,2534.875,2,177.201,251.546,30.864,29.101
JY41-5,2535,2,174.544,252.181,27.992,26.259
JY41-5,2535.125,2,173.179,253.212,24.077,22.567
JY41-5,2535.875,2,182.827,255.4,31.094,29.593
JY41-5,2536,2,181.282,254.563,33.002,31.154
JY41-5,2536.125,2,181.363,253.808,33.177,31.151
JY41-5,2536.875,2,190.692,257.522,27.333,25.574
JY41-5,2537,2,193.229,258.335,27.467,25.742
JY41-5,2537.125,2,194.289,258.538,28.017,26.251
JY41-5,2537.875,2,188.411,253.603,23.773,22.123
JY41-5,2538,2,187.172,253.741,25.34,23.34
JY41-5,2538.125,2,187.972,254.11,25.316,22.905
JY41-5,2538.875,2,186.225,259.364,11.955,11.503
JY41-5,2539,2,189.167,259.999,15.535,14.715
JY41-5,2539.125,2,190.624,260.012,17.626,16.45
JY41-5,2540,2,186.347,258.339,22.065,20.729
JY41-5,2540.125,2,185.876,258.724,24.283,22.799
JY41-5,2540.25,2,182.737,259.065,26.337,24.566
JY41-5,2541.5,2,198.955,259.219,38.876,35.996
JY41-5,2541.625,2,195.759,259.344,39.047,36.041
JY41-5,2541.75,2,193.833,259.454,38.665,35.568
JY41-5,2542.625,2,213.597,257.861,20.896,19.16
JY41-5,2542.75,2,213.005,257.608,19.837,18.126
JY41-5,2542.875,2,211.356,257.574,18.55,16.976
JY41-5,2543.375,2,208.361,259.004,15.188,13.415
JY41-5,2543.5,2,207.693,259.275,11.56,10.17
JY41-5,2543.625,2,204.293,259.335,8.619,7.795
JY41-5,2544.375,2,193.576,255.294,32.334,30.398
JY41-5,2544.5,2,190.745,255.548,31.991,29.942
JY41-5,2544.625,2,187.679,256.479,30.246,28.209
JY41-5,2545.25,2,181.529,261.384,26.11,24.679
JY41-5,2545.375,2,183.592,261.623,28.722,26.93
JY41-5,2545.5,2,185.671,261.727,29.283,27.162
JY41-5,2546,2,186.347,258.892,15.716,14.727
JY41-5,2546.125,2,188.056,257.383,15.966,15.191
JY41-5,2546.25,2,189.358,255.968,18.051,17.368
JY41-5,2547,2,189.517,252.368,49.644,46.207
JY41-5,2547.125,2,185.922,251.095,41.697,38.467
JY41-5,2547.25,2,182.934,249.675,31.787,29.222
JY41-5,2548,2,187.422,254.492,36.673,35.067
JY41-5,2548.125,2,191.494,258.258,38.908,37.162
JY41-5,2548.25,2,196.788,262.074,39.565,37.804
JY41-5,2548.875,2,209.681,268.286,37.134,35.233
JY41-5,2549,2,226.167,272.177,19.643,18.635
JY41-5,2549.125,2,227.265,272.069,16.357,15.747
JY41-5,2550,2,224.231,271.349,15.604,15.272
JY41-5,2550.125,2,211.656,260.947,55.965,55.016
JY41-5,2550.25,2,209.697,258.875,62.139,60.999
JY41-5,2551,2,203.426,255.842,66.853,65.524
JY41-5,2551.125,2,196.786,251.406,59.811,57.763
JY41-5,2551.25,2,202.558,255.024,54.222,51.898
JY41-5,2552.125,2,205.121,258.064,45.413,43.013
JY41-5,2552.25,2,236.308,262.619,28.567,26.574
JY41-5,2552.375,2,238.167,263.646,23.686,21.617
JY41-5,2553.25,2,233.436,264.675,17.091,15.461
JY41-5,2553.375,2,189.345,266.035,32.813,30.254
JY41-5,2553.5,2,194.573,267.743,25.437,23.231
JY41-5,2554,2,202.383,269.929,18.681,17.12
JY41-5,2554.125,2,201.701,274.962,18.336,17.153
JY41-5,2554.25,2,199.152,275.312,19.45,18.061
JY41-5,2554.5,2,200.275,275.912,19.369,17.974
JY41-5,2554.625,2,210.141,277.714,19.101,17.891
JY41-5,2554.75,2,214.849,278.49,19.229,17.997
JY41-5,2556,2,215.899,278.956,19.027,17.758
JY41-5,2556.125,2,203.313,275.996,32.877,30.394
JY41-5,2556.25,2,207.325,276.358,32.952,30.452
JY41-5,2556.875,2,208.796,277.032,32.608,30.15
JY41-5,2557,2,206.54,275.696,32.565,30.252
JY41-5,2557.125,2,211.89,275.105,32.826,30.509
JY41-5,2557.25,2,216.394,274.662,33.005,30.588
JY41-5,2557.375,2,219.059,273.804,31.896,29.355
JY41-5,2557.5,2,221.301,272.217,28.397,25.918
JY41-5,2557.625,2,222.288,269.969,22.878,20.826
JY41-5,2557.75,2,219.019,267.53,17.839,16.36
JY41-5,2557.875,2,212.127,265.33,15.046,14.031
JY41-5,2558,2,206.949,263.805,15.208,14.427
JY41-5,2558.125,2,204.513,262.725,18.369,17.575
JY41-5,2558.25,2,200.94,261.501,24.682,23.527
JY41-5,2558.375,2,193.492,259.639,31.811,30.005
JY41-5,2558.5,2,185.071,257.583,36.339,33.871
JY41-5,2558.625,2,182.01,256.205,35.468,32.706
JY41-5,2558.75,2,185.571,256.586,30.717,28.14
JY41-5,2558.875,2,194.44,258.898,25.087,23.001
JY41-5,2559,2,204.926,262.689,21.38,19.789
JY41-5,2559.125,2,213.233,266.65,20.124,18.838
JY41-5,2559.25,2,216.993,269.823,21.055,19.86
JY41-5,2560,2,217.087,271.58,23.626,22.322
JY41-5,2560.125,2,201.586,269.349,31.048,28.722
JY41-5,2560.25,2,203.269,268.205,29.168,26.831
JY41-5,2561,2,203.825,266.862,26.296,24.137
JY41-5,2561.125,2,199.503,263.025,24.466,22.568
JY41-5,2561.25,2,201.476,263.584,24.772,22.627
JY41-5,2562,2,202.295,264.03,23.02,20.878
JY41-5,2562.125,2,199.093,261.659,30.383,28.189
JY41-5,2562.25,2,196.023,259.733,32.245,29.722
JY41-5,2563,2,193.823,256.777,31.866,29.372
JY41-5,2563.125,2,204.875,234.661,38.067,36.184
JY41-5,2563.25,2,200.661,233.046,42.344,40.421
JY41-5,2563.75,2,192.464,231.648,49.387,47.151
JY41-5,2563.875,2,158.541,229.975,65.515,61.835
JY41-5,2564,2,155.52,230.674,65.196,61.541
JY41-5,2564.75,2,155.098,231.303,64.781,61.142
JY41-5,2564.875,2,159.902,234.444,59.074,55.94
JY41-5,2565,2,160.393,236.269,58.538,55.428
JY41-5,2566,2,160.523,238.058,58.196,55.113
JY41-5,2566.125,2,172.429,243.33,56.069,54.162
JY41-5,2566.25,2,174.058,242.662,56.305,54.41
JY41-5,2566.625,2,174.191,242.049,56.226,54.298
JY41-5,2566.75,2,171.805,242.13,55.951,54.36
JY41-5,2566.875,2,171.844,242.635,56.758,55.217
JY41-5,2567.625,2,172.628,243.134,57.152,55.571
JY41-5,2567.75,2,164.314,244.245,46.486,45.144
JY41-5,2567.875,2,164.189,244.276,48.031,46.725
JY41-5,2568.625,2,164.181,244.227,50.365,48.991
JY41-5,2568.75,2,181.129,245.416,20.902,19.428
JY41-5,2568.875,2,181.484,244.744,17.789,16.957
JY41-5,2570,2,179.584,243.47,19.879,19.28
JY41-5,2570.125,2,194.686,237.19,47.294,44.964
JY41-5,2570.25,2,185.233,236.344,48.076,45.378
JY41-5,2571.25,2,178.96,235.445,45.639,42.764
JY41-5,2571.375,2,164.553,231.103,45.439,42.176
JY41-5,2571.5,2,167.477,233.485,45.676,42.095
JY41-5,2572.125,2,171.507,235.824,43.489,39.985
JY41-5,2572.25,2,178.792,241.142,39.187,34.177
JY41-5,2572.375,2,180.409,241.286,28.749,24.53
JY41-5,2573,2,180.39,241.186,17.231,14.674
JY41-5,2573.125,2,179.445,238.496,41.292,38.396
JY41-5,2573.25,2,175.719,238.031,49.027,45.041
JY41-5,2574.125,2,171.511,237.796,51.817,47.384
JY41-5,2574.25,2,169.824,239.641,61.463,56.578
JY41-5,2574.375,2,165.928,239.22,54.998,50.404
JY41-5,2575.75,2,162.779,238.511,46.43,42.529
JY41-5,2575.875,2,178.003,235.485,55.844,52.091
JY41-5,2576,2,174.519,235.679,60.821,56.72
JY41-5,2576.375,2,169.647,235.154,64.783,59.97
JY41-5,2576.5,2,166.337,233.593,40.729,36.368
JY41-5,2576.625,2,166.2,234.225,27.373,24.518
JY41-5,2577.375,2,166.478,235.434,20.097,18.435
JY41-5,2577.5,2,173.285,240.015,58.678,55.878
JY41-5,2577.625,2,172.173,239.874,59.07,56.92
JY41-5,2578.375,2,170.322,239.725,58.83,57.329
JY41-5,2578.5,2,176.621,242.061,56.245,54.601
JY41-5,2578.625,2,175.189,242.531,53.262,51.606
JY41-5,2579.375,2,172.771,242.4,50.912,49.298
JY41-5,2579.5,2,172.552,243.682,49.831,47.518
JY41-5,2579.625,2,182.054,245.784,46.198,44.045
JY41-5,2580.125,2,188.941,247.3,44.63,42.717
JY41-5,2580.25,2,173.683,247.552,49.259,46.669
JY41-5,2580.375,2,170.007,248.977,45.211,42.651
JY41-5,2581,2,171.452,251.371,40.642,38.276
JY41-5,2581.125,2,188.632,258.277,33.174,30.865
JY41-5,2581.25,2,185.84,258.119,31.475,28.766
JY41-5,2582.125,2,182.989,258.343,26.365,23.609
JY41-5,2582.25,2,188.116,261.861,42.117,40.648
JY41-5,2582.375,2,183.574,260.598,49.902,47.579
JY41-5,2583,2,177.455,259.094,52.99,49.963
JY41-5,2583.125,2,174.52,258.302,15.007,13.695
JY41-5,2583.25,2,176.783,260.133,13.05,12.426
JY41-5,2584,2,181.318,262.086,16.678,16.301
JY41-5,2584.125,2,173.995,259.973,54.703,51.617
JY41-5,2584.25,2,169.614,258.43,55.325,52.101
JY41-5,2584.875,2,168.014,257.437,54.668,51.34
JY41-5,2585,2,183.465,259.502,45.649,43.133
JY41-5,2585.125,2,181.611,259.835,46.683,44.31
JY41-5,2585.875,2,178.709,260.021,48.949,46.669
JY41-5,2586,2,175.467,257.939,64.355,61.872
JY41-5,2586.125,2,175.689,257.554,63.545,61.178
JY41-5,2586.875,2,177.12,257.844,62.373,60.149
JY41-5,2587,2,172.485,255.594,61.57,61.454
JY41-5,2587.125,2,175.887,254.226,61.816,61.551
JY41-5,2587.5,2,178.931,253.753,61.299,60.897
JY41-5,2587.625,2,174.865,255.242,58.543,57.912
JY41-5,2587.75,2,177.89,255.735,58.425,57.719
JY41-5,2588.25,2,182.521,255.841,58.208,57.518
JY41-5,2588.375,2,182.611,256.147,54.634,54.7
JY41-5,2588.5,2,182.077,256.884,54.337,54.405
JY41-5,2589.25,2,184.195,257.827,54.333,54.305
JY41-5,2589.375,2,180.289,260.049,55.474,54.724
JY41-5,2589.5,2,187.911,260.764,56.024,55.07
JY41-5,2590,2,196.425,261.303,56.875,55.663
JY41-5,2590.125,2,199.122,263.684,42.431,39.265
JY41-5,2590.25,2,203.248,265.595,28.566,26.018
JY41-5,2590.75,2,207.846,267.631,17.94,16.413
JY41-5,2590.875,2,206.391,265.292,29.025,28.427
JY41-5,2591,2,206.396,263.224,35.667,34.534
JY41-5,2591.5,2,208.832,261.939,38.248,36.723
JY41-5,2591.625,2,224.591,264.146,33.9,31.998
JY41-5,2591.75,2,221.792,263.805,31.016,28.985
JY41-5,2592.125,2,219.453,262.434,26.812,24.885
JY41-5,2592.25,2,206.544,253.336,23.082,22.022
JY41-5,2592.375,2,198.637,250.072,27.765,26.627
JY41-5,2592.875,2,192.166,247.448,33.896,32.371
JY41-5,2593,2,197.125,244.679,28.066,25.597
JY41-5,2593.125,2,196.612,244.407,21.835,19.99
JY41-5,2594,2,193.395,243.562,18.517,17.282
JY41-5,2594.125,2,204.756,239.814,57.41,55.1
JY41-5,2594.25,2,205.576,240.681,59.195,56.968
JY41-5,2594.875,2,202.104,241.135,63.205,60.799
JY41-5,2595,2,199.093,237.712,41.81,39.565
JY41-5,2595.125,2,198.877,236.745,39.524,38.046
JY41-5,2595.25,2,198.393,235.695,42.874,42.096
JY41-5,2595.375,2,198.058,234.842,50.249,49.957
JY41-5,2595.5,2,195.853,234.401,57.622,57.385
JY41-5,2595.625,2,192.33,234.634,61.121,60.599
JY41-5,2595.75,2,189.898,235.71,60.225,59.358
JY41-5,2595.875,2,189.222,237.568,57.198,56.035
JY41-5,2596,2,188.601,239.631,53.036,51.561
JY41-5,2596.125,2,186.891,241.517,46.502,44.768
JY41-5,2596.25,2,185.888,242.971,37.646,35.947
JY41-5,2596.375,2,187.297,243.876,29.087,27.757
JY41-5,2596.5,2,190.715,244.091,23.758,22.94
JY41-5,2596.625,2,192.871,243.622,23.246,22.936
JY41-5,2596.875,2,191.861,242.734,28.818,28.971
JY41-5,2597,2,182.962,240.586,56.746,56.718
JY41-5,2597.125,2,178.033,239.958,65.71,64.784
JY41-5,2597.5,2,174.576,239.94,62.408,60.685
JY41-5,2597.625,2,176.678,241.866,37.334,36.182
JY41-5,2597.75,2,177.352,242.261,40.362,39.382
JY41-5,2598,2,177.064,242.365,46.892,45.505
JY41-5,2598.125,2,179.621,242.955,44.843,42.234
JY41-5,2598.25,2,186.635,243.763,33.346,31.058
JY41-5,2599,2,197.623,244.817,22.735,21.26
JY41-5,2599.125,2,189.561,243.856,25.713,24.07
JY41-5,2599.25,2,190.65,242.753,21.496,20.208
JY41-5,2600.125,2,192.043,241.893,20.003,19.204
JY41-5,2600.25,2,215.668,244.925,66.018,64.055
JY41-5,2600.375,2,218.968,245.006,65.471,63.408
JY41-5,2601.25,2,221.128,245.276,64.574,62.297
JY41-5,2601.375,2,208.536,244.58,27.313,26.861
JY41-5,2601.5,2,204.895,244.382,37.564,36.869
JY41-5,2602.125,2,201.955,244.504,46.079,44.547
JY41-5,2602.25,2,215.49,246.738,21.219,20.791
JY41-5,2602.375,2,215.713,246.327,28.301,28.051
JY41-5,2602.875,2,212.872,245.661,38.688,38.304
JY41-5,2603,2,199.345,245.908,53.948,53.105
JY41-5,2603.125,2,202.089,246.521,54.892,53.899
JY41-5,2603.375,2,206.246,246.97,55.459,54.024
JY41-5,2603.5,2,211.898,247.156,43.035,40.921
JY41-5,2603.625,2,211.615,246.821,31.098,29.406
JY41-5,2604.625,2,209.679,245.937,21.955,20.973
JY41-5,2604.75,2,207.178,242.944,52.464,50.98
JY41-5,2604.875,2,215.454,243.753,41.459,39.871
JY41-5,2605.625,2,221.195,243.723,31.353,30.042
JY41-5,2605.75,2,214.896,241.951,37.438,35.923
JY41-5,2605.875,2,212.919,242.216,29.747,28.109
JY41-5,2606.625,2,215.747,242.794,20.804,19.578
JY41-5,2606.75,2,230.913,249.027,22.545,21.963
JY41-5,2606.875,2,227.116,249.364,21.062,20.479
JY41-5,2607.625,2,224.172,249.535,19.765,19.311
JY41-5,2607.75,2,223.06,251.188,25.578,25.679
JY41-5,2607.875,2,222.867,251.252,31.727,31.984
JY41-5,2608.625,2,222.311,250.928,39.811,40.075
JY41-5,2608.75,2,203.647,244.484,50.671,49.405
JY41-5,2608.875,2,199.438,244.347,40.297,39.255
JY41-5,2609.5,2,198.176,244.24,33.298,32.699
JY41-5,2609.625,2,175.398,241.019,45.034,44.87
JY41-5,2609.75,2,182.158,241.498,46.845,46.698
JY41-5,2610.5,2,188.019,242.216,51.016,51.025
JY41-5,2610.625,2,205.167,248.024,21.39,20.219
JY41-5,2610.75,2,215.214,249.208,13.954,13.246
JY41-5,2611.5,2,224.492,249.54,10.969,10.61
JY41-5,2611.625,2,247.499,246.207,25.351,24.895
JY41-5,2611.75,2,247.18,246.25,26.115,25.292
JY41-5,2612.5,2,245.463,246.578,23.249,22.322
JY41-5,2612.625,2,231.26,252.164,13.88,13.579
JY41-5,2612.75,2,236.597,252.315,15.168,15.146
JY41-5,2613.5,2,242.518,252.026,21.176,21.534
JY41-5,2613.625,2,240.104,247.168,63.978,63.79
JY41-5,2613.75,2,235.295,246.424,66.97,66.788
JY41-5,2614.625,2,232.853,246.094,71.816,71.342
JY41-5,2614.75,2,342.241,265.573,14.338,13.774
JY41-5,2614.875,2,383.445,267.251,15.119,14.654
JY41-5,2615,2,418.372,266.23,16.956,16.514
JY41-5,2615.125,2,439.984,261.819,20.279,19.868
JY41-5,2615.25,2,435.24,254.145,26.792,26.374
JY41-5,2615.375,2,395.534,244.298,36.886,36.156
JY41-5,2615.5,2,326.75,234.854,46.304,44.871
JY41-5,2615.625,2,256.282,228.106,48.833,46.694
JY41-5,2615.75,2,213.388,226.21,42.848,40.447
JY41-5,2615.875,2,203.697,228.734,32.818,30.651
JY41-5,2616,2,210.302,234.457,23.516,21.823
JY41-5,2616.125,2,214.836,241.067,16.796,15.629
JY41-5,2616.25,2,213.092,246.825,12.651,11.983
JY41-5,2616.375,2,207.351,250.569,11.469,11.201
JY41-5,2616.5,2,198.681,252.206,13.82,13.77
JY41-5,2616.625,2,188.415,252.166,19.568,19.422
JY41-5,2616.75,2,182.427,250.89,26.249,25.627
JY41-5,2616.875,2,184.242,249.099,29.672,28.477
JY41-5,2617.625,2,190.967,247.141,28.278,26.847
JY41-5,2617.75,2,199.499,247.019,23.443,22.333
JY41-5,2617.875,2,202.452,248.231,22.022,21.16
JY41-5,2618.5,2,201.064,248.967,22.707,22.042
JY41-5,2618.625,2,174.656,247.25,24.36,22.67
JY41-5,2618.75,2,168.856,246.184,21.966,20.94
JY41-5,2619.625,2,162.439,244.483,27.822,27.069
JY41-5,2619.75,2,142.771,247.148,44.89,40.365
JY41-5,2619.875,2,138.054,249.61,34.561,30.583
JY41-5,2620.5,2,134.219,251.71,24.288,21.225
JY41-5,2620.625,2,158.97,269.262,26.057,24.883
JY41-5,2620.75,2,168.608,273.406,35.107,33.092
JY56-z1,2850.5,1,181.624,219.336,74.969,87.647
JY56-z1,2850.625,1,175.532,214.466,130.747,152.177
JY56-z1,2850.75,1,167.215,208.01,205.017,237.81
JY56-z1,2850.875,1,156.31,203.385,264.884,306.543
JY56-z1,2851,1,142.783,198.718,294.022,339.448
JY56-z1,2851.125,1,129.831,193.254,296.527,341.219
JY56-z1,2851.25,1,121.653,195.31,288.777,331.178
JY56-z1,2851.375,1,117.821,201.337,272.296,311.574
JY56-z1,2851.5,1,117.349,207.898,242.8,277.653
JY56-z1,2851.625,1,120.561,212.349,207.303,237.029
JY56-z1,2851.75,1,128.202,218.369,175.406,200.318
JY56-z1,2851.875,1,138.768,223.733,152.239,173.235
JY56-z1,2852,1,148.658,227.805,131.599,148.962
JY56-z1,2855.5,1,123.936,221.486,109.772,125.439
JY56-z1,2855.625,1,138.077,227.815,104.177,118.635
JY56-z1,2855.75,1,157.527,231.036,88.11,100.166
JY56-z1,2855.875,1,173.599,233.573,70.641,80.353
JY56-z1,2856,1,179.531,235.512,59.083,67.352
JY56-z1,2857.125,1,143.246,230.967,66.354,78.411
JY56-z1,2857.25,1,115.554,223.34,105.099,124.538
JY56-z1,2857.375,1,97.285,211.666,185.81,219.9
JY56-z1,2857.5,1,88.442,198.533,308.011,363.403
JY56-z1,2857.625,1,85.757,193.633,423.893,498.381
JY56-z1,2857.75,1,89.945,197.679,444.724,521.173
JY56-z1,2857.875,1,102.954,203.097,354.969,415.075
JY56-z1,2858,1,122.538,208.713,216.437,253.168
JY56-z1,2858.125,1,138.085,212.239,120.466,141.919
JY56-z1,2858.25,1,139.593,212.103,85.569,101.942
JY56-z1,2858.375,1,125.024,208.472,91.914,110.023
JY56-z1,2858.5,1,102.122,201.853,158.723,189.519
JY56-z1,2858.625,1,80.944,193.841,355.935,423.848
JY56-z1,2858.75,1,66.77,187.124,725.516,863.725
JY56-z1,2858.875,1,60.311,181.812,1161.286,1383.51
JY56-z1,2859,1,59.364,178.297,1508.01,1797.428
JY56-z1,2859.125,1,61.256,177.375,1671.102,1991.133
JY56-z1,2859.25,1,63.627,178.562,1709.227,2034.375
JY56-z1,2859.375,1,65.753,179.888,1699.068,2019.652
JY56-z1,2859.5,1,67.127,181.135,1669.77,1982.736
JY56-z1,2859.625,1,67.825,183.455,1613.424,1914.354
JY56-z1,2859.75,1,68.768,185.42,1510.468,1791.477
JY56-z1,2859.875,1,71.49,185.05,1358.773,1612.763
JY56-z1,2860,1,74.991,184.353,1203.086,1431.319
JY56-z1,2860.125,1,76.854,183.379,1086.569,1297.256
JY56-z1,2860.25,1,75.214,182.324,1027.193,1229.777
JY56-z1,2860.375,1,71.643,182.024,1003.569,1203.007
JY56-z1,2860.5,1,68.575,182.954,996.541,1195.151
JY56-z1,2860.625,1,67.023,184.847,994.328,1193.1
JY56-z1,2860.75,1,66.567,186.284,992.11,1190.664
JY56-z1,2860.875,1,67.285,187.117,986.932,1183.545
JY56-z1,2861,1,70.205,186.848,980.783,1174.517
JY56-z1,2861.125,1,76.12,185.703,977.246,1168.609
JY56-z1,2861.25,1,83.49,183.614,976.834,1166.723
JY56-z1,2861.375,1,88.732,181.525,974.94,1163
JY56-z1,2861.5,1,90.112,179.966,970.34,1155.557
JY56-z1,2861.625,1,88.34,179.193,969.244,1151.743
JY56-z1,2861.75,1,84.858,178.65,982.405,1165.114
JY56-z1,2861.875,1,80.392,178.679,1026.984,1217.17
JY56-z1,2862,1,76.703,179.268,1127.068,1337.18
JY56-z1,2862.125,1,75.041,179.477,1290.227,1532.29
JY56-z1,2862.25,1,76.065,179.46,1503.732,1783.684
JY56-z1,2862.375,1,79.989,178.184,1716.001,2027.676
JY56-z1,2862.5,1,86.574,176.232,1887.56,2217.047
JY56-z1,2862.625,1,94.253,175.248,1991.205,2319.354
JY56-z1,2862.75,1,100.602,174.808,2022.824,2331.803
JY56-z1,2862.875,1,105.836,177.415,1928.989,2197.164
JY56-z1,2863,1,113.16,189.253,1592.787,1793.551
JY56-z1,2863.125,1,124.666,202.101,1073.873,1196.466
JY56-z1,2864.75,2,186.334,239.097,37.771,40.147
JY56-z1,2865,2,183.139,237.273,38.364,40.527
JY56-z1,2865.375,2,180.382,236.383,39.994,41.903
JY56-z1,2865.5,2,178.409,237.074,40.82,42.634
JY56-z1,2865.625,2,178.192,238.154,41.743,43.441
JY56-z1,2866.375,2,152.601,223.37,71.349,72.815
JY56-z1,2866.5,2,133.628,214.84,90.943,92.315
JY56-z1,2866.75,2,104.356,202.746,152.793,153.105
JY56-z1,2867.125,2,115.596,213.184,163.46,165.635
JY56-z1,2867.25,2,131.687,221.84,130.628,132.459
JY56-z1,2867.375,2,149.31,232.963,92.214,93.229
JY56-z1,2867.625,2,177.197,254.803,49.864,50.217
JY56-z1,2867.875,2,192.797,264.676,32.84,33.768
JY56-z1,2868,2,198.527,264.848,30.062,31.167
JY56-z1,2868.25,2,202.489,264.334,27.772,29.357
JY56-z1,2868.375,2,200.754,263.861,27.537,29.381
JY56-z1,2868.625,2,198.02,262.39,29.079,31.277
JY56-z1,2868.75,2,199.364,261.685,29.802,32.065
JY56-z1,2869,2,203.933,261.522,27.495,29.752
JY56-z1,2869.25,2,200.315,263.08,24.408,26.775
JY56-z1,2869.375,2,199.042,263.997,24.848,27.378
JY56-z1,2869.5,2,200.104,264.448,26.862,29.631
JY56-z1,2869.75,2,203.809,263.232,33.652,37.154
JY56-z1,2869.875,2,202.465,261.771,36.891,40.824
JY56-z1,2870,2,198.784,259.954,39.25,43.555
JY56-z1,2870.25,2,193.824,256.697,42.147,46.842
JY56-z1,2870.375,2,194.304,256.262,43.342,48.033
JY56-z1,2870.625,2,195.741,259.285,43.948,48.303
JY56-z1,2870.875,2,199.771,265.331,42.177,46.044
JY56-z1,2871,2,204.394,268.315,40.938,44.588
JY56-z1,2871.25,2,211.455,271.449,38.432,41.798
JY56-z1,2871.5,2,226.782,268.876,37.647,41.035
JY56-z1,2871.625,2,230.538,264.967,38.078,41.606
JY56-z1,2871.75,2,224.608,260.144,38.661,42.398
JY56-z1,2872,2,200.83,249.726,39.812,44.01
JY56-z1,2872.125,2,194.706,244.837,40.752,44.996
JY56-z1,2872.25,2,193.199,240.661,40.943,44.926
JY56-z1,2874.125,2,187.071,242.143,48.152,53.313
JY56-z1,2874.25,2,186.125,243.295,44.782,48.761
JY56-z1,2874.375,2,185.95,244.358,37.12,39.834
JY56-z1,2874.5,2,185.556,244.924,26.459,28.239
JY56-z1,2874.625,2,185.417,245.329,17.044,18.336
JY56-z1,2874.75,2,186.492,245.699,11.899,13.082
JY56-z1,2875,2,190.021,245.966,12.27,13.911
JY56-z1,2875.125,2,189.493,245.589,17.547,19.83
JY56-z1,2875.25,2,189.136,244.793,25.559,28.815
JY56-z1,2875.5,2,191.197,242.298,44.38,50.463
JY56-z1,2875.625,2,189.202,241.303,53.061,60.652
JY56-z1,2875.75,2,185.499,240.591,60.186,69.009
JY56-z1,2876,2,181.968,239.408,67.595,77.622
JY56-z1,2876.125,2,182.889,238.572,68.897,79.102
JY56-z1,2876.25,2,184.038,237.444,69.171,79.461
JY56-z1,2876.5,2,180.435,234.906,70.002,81.066
JY56-z1,2876.625,2,173.312,234.057,72.361,84.404
JY56-z1,2876.75,2,164.72,233.544,75.651,88.785
JY56-z1,2877.625,2,180.531,239.221,70.858,83.3
JY56-z1,2877.75,2,185.464,239.757,65.972,77.531
JY56-z1,2877.875,2,189.524,239.646,60.21,70.78
JY56-z1,2878,2,189.772,239.903,54.73,64.446
JY56-z1,2878.125,2,187.322,240.407,50.622,59.849
JY56-z1,2878.25,2,184.482,240.931,49.277,58.695
JY56-z1,2878.375,2,181.292,241.241,50.974,61.338
JY56-z1,2878.5,2,177.188,241.159,55.22,67.131
JY56-z1,2878.625,2,173.101,240.67,60.521,74.078
JY56-z1,2880,2,176.698,245.5,69.053,86.223
JY56-z1,2880.125,2,180.847,245.249,69.449,86.73
JY56-z1,2880.25,2,185.538,244.428,68.241,85.244
JY56-z1,2883.125,2,186.201,264.913,59.908,75.527
JY56-z1,2883.25,2,188.081,265.071,62.128,78.257
JY56-z1,2883.375,2,189.515,265.097,62.31,78.35
JY56-z1,2883.5,2,190.817,265.103,61.464,77.167
JY56-z1,2883.625,2,193.05,265.091,60.456,75.832
JY56-z1,2884,2,185.804,264.795,59.995,74.784
JY56-z1,2884.125,2,180.803,264.706,60.941,75.663
JY56-z1,2884.25,2,179.035,265.148,61.926,76.497
JY56-z1,2884.75,2,191.306,268.203,64.643,78.378
JY56-z1,2884.875,2,191.494,267.972,65.621,79.515
JY56-z1,2886.125,2,190.466,267.539,31.394,35.158
JY56-z1,2886.25,2,191.143,267.968,26.02,28.652
JY56-z1,2886.375,2,190.942,268.856,17.415,19.203
JY56-z1,2886.75,2,190.201,272.27,10.379,12.579
JY56-z1,2886.875,2,191.312,272.557,19.524,23.354
JY56-z1,2887,2,190.751,271.908,35.838,42.573
JY56-z1,2887.875,2,184.363,268.444,63.027,74.921
JY56-z1,2888,2,185.138,268.838,54.51,64.748
JY56-z1,2888.125,2,184.536,269.326,44.174,52.591
JY56-z1,2889,2,189.27,267.933,74.522,89.025
JY56-z1,2889.125,2,187.888,265.961,77.846,92.977
JY56-z1,2889.25,2,186.128,264.033,78.829,94.194
JY56-z1,2890,2,180.871,267.685,60.419,73.015
JY56-z1,2890.125,2,183.39,268.104,61.562,75.055
JY56-z1,2890.25,2,185.988,267.901,65.667,81.124
JY56-z1,2891,2,187.658,265.427,83.328,105.444
JY56-z1,2891.125,2,185.36,265.641,84.481,106.63
JY56-z1,2891.25,2,185.304,265.625,84.657,106.589
JY56-z1,2892.125,2,190.088,262.345,76.235,95.962
JY56-z1,2892.25,2,191.606,262.193,76.551,96.508
JY56-z1,2892.375,2,192.134,262.406,78.016,98.368
JY56-z1,2893,2,206.04,262.707,92.089,114.51
JY56-z1,2893.125,2,206.639,262.014,93.812,116.356
JY56-z1,2893.25,2,206.094,260.985,94.081,116.395
JY56-z1,2893.875,2,197.798,258.876,88.539,109.098
JY56-z1,2894,2,198.72,257.888,87.83,108.065
JY56-z1,2894.125,2,201.937,256.577,88.086,108.003
JY56-z1,2894.625,2,225.633,268.316,70.406,82.968
JY56-z1,2894.75,2,232.297,274.879,47.688,55.802
JY56-z1,2894.875,2,237.981,280.058,27.835,32.668
JY56-z1,2895.5,2,230.469,271.712,27.781,33.117
JY56-z1,2895.625,2,219.259,265.931,28.299,33.935
JY56-z1,2895.75,2,211.028,260.664,27.791,33.657
JY56-z1,2896.5,2,202.826,252.122,56.741,68.429
JY56-z1,2896.625,2,211.022,252.492,53.92,64.637
JY56-z1,2896.75,2,213.836,252.878,48.623,57.805
JY56-z1,2897.375,2,201.478,247.118,33.84,40.263
JY56-z1,2897.5,2,202.957,245.983,55.149,65.335
JY56-z1,2897.625,2,203.683,245.696,79.421,93.981
JY56-z1,2898.375,2,214.601,246.731,84.329,100.365
JY56-z1,2898.5,2,213.344,247.116,92.281,109.969
JY56-z1,2898.625,2,209.516,248.093,99.248,118.631
JY56-z1,2899.125,2,209.189,250.04,75.522,92.999
JY56-z1,2899.25,2,209.761,249.581,71.29,88.277
JY56-z1,2899.375,2,213.236,249.166,71.558,88.948
JY56-z1,2900.125,2,203.368,248.531,107.591,134.583
JY56-z1,2900.25,2,200.59,250.257,105.533,131.738
JY56-z1,2900.375,2,196.759,251.841,99.981,124.29
JY56-z1,2901.125,2,207.358,251.644,32.996,41.97
JY56-z1,2901.25,2,203.285,250.595,47.976,61.053
JY56-z1,2901.375,2,200.415,250.002,73.368,93.14
JY56-z1,2902.125,2,185.318,245.169,90.739,115.008
JY56-z1,2902.25,2,187.379,246.973,95.171,119.828
JY56-z1,2902.375,2,191.92,250.404,92.557,115.589
JY56-z1,2903,2,221.162,256.914,31.738,38.916
JY56-z1,2903.125,2,214.866,254.28,40.406,49.235
JY56-z1,2903.25,2,205.511,252.369,57.322,69.025
JY51-2,3026.875,1,152.842,70.275,13.918,59.481
JY51-2,3027,1,151.346,70.329,17.749,62.687
JY51-2,3027.125,1,133.311,70.304,17.674,81.805
JY51-2,3027.25,1,111.097,70.193,13.122,122.574
JY51-2,3027.375,1,95.076,70.031,7.872,182.98
JY51-2,3027.5,1,89.788,69.863,4.927,241.054
JY51-2,3027.625,1,89.977,69.736,4.071,278.267
JY51-2,3027.75,1,89.579,69.7,4.529,295.778
JY51-2,3027.875,1,85.342,69.808,5.364,314.258
JY51-2,3028,1,79.596,70.072,5.858,335.184
JY51-2,3028.125,1,76.603,70.498,5.731,328.796
JY51-2,3028.25,1,80.937,71.073,5.334,275.998
JY51-2,3028.375,1,94.514,71.757,5.352,190.381
JY51-2,3028.5,1,116.948,72.486,6.464,113.982
JY51-2,3034,1,102.363,57.479,6.128,394.631
JY51-2,3034.125,1,98.089,57.463,4.738,452.011
JY51-2,3034.25,1,97.199,57.476,3.912,483.495
JY51-2,3034.375,1,98.918,57.53,3.74,485.64
JY51-2,3034.5,1,101.835,57.602,4.037,468.019
JY51-2,3034.625,1,104.275,57.659,4.528,439.559
JY51-2,3034.75,1,105.732,57.669,5.017,405.102
JY51-2,3034.875,1,107.441,57.622,5.478,365.984
JY51-2,3035,1,110.598,57.554,6.017,325.78
JY51-2,3035.125,1,114.647,57.55,6.725,290.305
JY51-2,3035.25,1,117.88,57.677,7.571,263.544
JY51-2,3035.375,1,120.065,57.955,8.423,246.406
JY51-2,3035.5,1,121.504,58.338,9.047,237.095
JY51-2,3035.625,1,121.927,58.721,9.205,237.661
JY51-2,3035.75,1,120.171,58.973,8.755,253.25
JY51-2,3035.875,1,114.751,58.987,7.759,289.379
JY51-2,3036,1,105.472,58.776,6.417,351.328
JY51-2,3036.125,1,94.655,58.443,4.988,428.749
JY51-2,3036.25,1,86.881,58.135,3.841,485.368
JY51-2,3036.375,1,85.403,57.949,3.309,482.79
JY51-2,3036.5,1,90.13,57.914,3.625,420.835
JY51-2,3036.625,1,96.922,57.974,4.737,332.71
JY51-2,3036.75,1,102.505,58.056,6.349,255.327
JY51-2,3036.875,1,106.05,58.118,7.922,202.956
JY51-2,3037,1,108.26,58.191,8.985,174.91
JY51-2,3037.125,1,108.194,58.327,9.437,167.677
JY51-2,3037.25,1,104.542,58.549,9.243,171.574
JY51-2,3037.375,1,99.798,58.812,8.314,175.814
JY51-2,3037.5,1,99.265,59.047,6.931,173.182
JY51-2,3037.625,1,105.841,59.194,5.887,165.508
JY51-2,3037.75,1,115.016,59.266,5.815,159.63
JY51-2,3037.875,1,118.758,59.335,6.888,165.883
JY51-2,3038,1,113.078,59.497,8.615,201.546
JY51-2,3038.125,1,101.73,59.794,9.898,287.101
JY51-2,3038.25,1,91.404,60.191,9.52,414.216
JY51-2,3038.375,1,86.169,60.571,7.572,527.945
JY51-2,3038.5,1,86.162,60.813,5.477,555.402
JY51-2,3038.625,1,90.361,60.858,4.435,482.505
JY51-2,3038.75,1,97.758,60.775,4.551,357.543
JY51-2,3038.875,1,107.478,60.691,5.573,249.809
JY51-2,3039,1,117.074,60.737,7.058,186.007
JY51-2,3039.125,1,123.644,60.97,8.52,155.532
JY51-2,3039.25,1,126.573,61.379,9.659,140.585
JY51-2,3039.375,1,127.578,61.884,10.531,135.549
JY51-2,3039.5,1,126.489,62.389,11.312,140.009
JY51-2,3039.625,1,119.644,62.827,11.655,155.062
JY51-2,3039.75,1,105.863,63.178,10.778,184.627
JY51-2,3040.5,1,138.542,65.797,7.668,144.684
JY51-2,3040.625,1,139.72,66.44,10.86,138.499
JY51-2,3040.75,1,134.788,66.99,13.389,149.561
JY51-2,3040.875,1,128.2,67.436,13.75,171.929
JY51-2,3041,1,121.84,67.824,12.021,195.605
JY51-2,3041.125,1,116.728,68.226,9.786,207.211
JY51-2,3041.25,1,114.588,68.674,8.123,194.951
JY51-2,3041.375,1,118.042,69.15,7.44,159.464
JY51-2,3041.5,1,129.052,69.598,7.923,113.969
JY51-2,3044.625,1,127.651,71.113,11.098,233.079
JY51-2,3044.75,1,117.801,71.25,8.2,312.008
JY51-2,3044.875,1,111.139,71.376,6.401,389.534
JY51-2,3045,1,106.641,71.54,5.734,458.144
JY51-2,3045.125,1,102.335,71.794,5.82,538.198
JY51-2,3045.25,1,97.409,72.166,6.087,666.061
JY51-2,3045.375,1,92.652,72.629,6.084,845.14
JY51-2,3045.5,1,88.501,73.125,5.712,1016.283
JY51-2,3045.625,1,84.747,73.59,5.175,1096.703
JY51-2,3045.75,1,81.209,73.983,4.727,1054.631
JY51-2,3045.875,1,78.499,74.312,4.517,935.525
JY51-2,3046,1,77.573,74.635,4.593,800.664
JY51-2,3046.125,1,79.308,75.037,4.944,670.613
JY51-2,3046.25,1,84.369,75.565,5.471,531.187
JY51-2,3046.375,1,93.316,76.194,6.029,381.276
JY51-2,3046.5,1,107.821,76.864,6.63,244.753
JY51-2,3046.625,1,128.999,77.514,7.561,146.983
JY51-2,3046.75,1,154.639,78.103,9.368,92.008
JY51-2,3046.875,1,179.036,78.621,12.676,65.349
JY51-2,3050.875,2,181.742,87.178,15.981,43.868
JY51-2,3051,2,175.43,87.082,16.008,46.33
JY51-2,3051.125,2,167.55,87.023,15.857,53.919
JY51-2,3051.25,2,157.413,87.017,14.985,70.227
JY51-2,3051.375,2,143.621,87.044,13.185,96.95
JY51-2,3051.5,2,127.417,87.084,11.071,132.088
JY51-2,3051.625,2,113.334,87.133,9.548,168.895
JY51-2,3051.75,2,105.441,87.207,8.991,196.271
JY51-2,3051.875,2,104.238,87.309,9.221,202.942
JY51-2,3052,2,107.913,87.43,10.009,184.75
JY51-2,3052.125,2,115.207,87.58,11.332,148.903
JY51-2,3052.75,2,159.607,89.594,18.091,32.02
JY51-2,3052.875,2,161.003,90.077,18.433,24.504
JY51-2,3053,2,162.138,90.503,18.745,18.926
JY51-2,3053.75,2,192.832,93.346,20.975,25.98
JY51-2,3053.875,2,195.509,93.915,20.935,26.377
JY51-2,3054,2,196.842,94.448,20.968,26.599
JY51-2,3054.75,2,199.708,96.034,22.316,27.84
JY51-2,3054.875,2,198.12,96.168,21.955,28.368
JY51-2,3055,2,197.041,96.353,21.615,28.847
JY51-2,3055.75,2,198.012,96.834,19.692,30.48
JY51-2,3055.875,2,198.917,96.652,19.852,30.702
JY51-2,3056,2,200.281,96.473,20.101,30.801
JY51-2,3056.75,2,188.383,95.618,21.278,29.343
JY51-2,3056.875,2,187.104,95.502,21.464,27.621
JY51-2,3057,2,186.594,95.338,21.149,24.392
JY51-2,3057.75,2,188.286,93.883,19.871,23.95
JY51-2,3057.875,2,188.588,93.79,19.678,25.868
JY51-2,3058,2,188.402,93.722,19.752,24.497
JY51-2,3058.75,2,194.526,93.223,20.477,24.805
JY51-2,3058.875,2,198.933,93.494,20.502,27.582
JY51-2,3059,2,199.656,93.937,20.433,26.661
JY51-2,3059.75,2,196.919,95.239,19.612,11.157
JY51-2,3059.875,2,196.461,95.096,19.423,13.22
JY51-2,3060,2,197.179,94.976,19.115,17.148
JY51-2,3060.75,2,194.546,94.353,17.28,35.043
JY51-2,3060.875,2,194.005,94.265,17.544,34.891
JY51-2,3061,2,192.133,94.219,18.054,33.558
JY51-2,3061.75,2,190.989,94.297,18.207,29.631
JY51-2,3061.875,2,192.788,94.321,18.084,29.846
JY51-2,3062,2,193.159,94.302,18.25,29.277
JY51-2,3062.75,2,196.484,94.451,19.15,18.646
JY51-2,3062.875,2,197.961,94.478,19.413,13.781
JY51-2,3063,2,197.691,94.451,19.591,11.157
JY51-2,3063.75,2,204.037,94.499,19.914,23.908
JY51-2,3063.875,2,205.067,94.53,20.388,27.252
JY51-2,3064,2,206.055,94.537,20.517,29.282
JY51-2,3064.75,2,209.6,94.474,19.255,35.302
JY51-2,3064.875,2,209.411,94.422,19.169,35.646
JY51-2,3065,2,211.269,94.392,19.144,36.135
JY51-2,3065.75,2,228.722,94.749,19.237,26.24
JY51-2,3065.875,2,230.068,94.801,18.263,28.436
JY51-2,3066,2,226.645,94.803,17.735,32.177
JY51-2,3066.75,2,213.593,93.531,17.387,17.054
JY51-2,3066.875,2,216.469,93.407,17.305,25.858
JY51-2,3067,2,219.479,93.413,17.526,36.844
JY51-2,3067.75,2,222.793,94.041,17.389,50.717
JY51-2,3067.875,2,222.377,94.182,17.136,50.313
JY51-2,3068,2,220.049,94.443,16.877,49.667
JY51-2,3068.75,2,175.776,97.033,14.998,52.666
JY51-2,3068.875,2,163.135,97.229,13.797,55.345
JY51-2,3069,2,165.213,97.349,13.613,55.43
JY51-2,3069.625,2,217.704,98.292,20.11,31.297
JY51-2,3069.75,2,211.116,98.532,19.675,29.193
JY51-2,3069.875,2,209.662,98.742,19.527,27.04
JY51-2,3070.75,2,218.409,99.046,21.047,19.82
JY51-2,3070.875,2,215.081,99.143,20.799,21.904
JY51-2,3071,2,211.919,99.337,20.817,23.268
JY51-2,3071.75,2,210.497,101.04,21.749,6.053
JY51-2,3071.875,2,210.757,101.213,21.713,7.221
JY51-2,3072,2,210.919,101.341,21.777,11.228
JY51-2,3072.75,2,217.588,101.354,21.511,20.501
JY51-2,3072.875,2,219.99,101.315,21.849,19.956
JY51-2,3073,2,222.261,101.272,22.454,20.194
JY51-2,3073.75,2,216.372,100.076,21.182,15.223
JY51-2,3073.875,2,216.792,99.797,21.02,17.908
JY51-2,3074,2,216.262,99.578,21.062,21.659
JY51-2,3074.5,2,207.473,99.147,21.349,15.19
JY51-2,3074.625,2,207.258,98.987,21.476,12.608
JY51-2,3074.75,2,206.158,98.757,21.326,12.081
JY51-2,3075.75,2,222.267,95.182,22.005,16.358
JY51-2,3075.875,2,222.459,95.045,21.038,19.094
JY51-2,3076,2,223.23,94.948,20.398,21.398
JY51-2,3076.75,2,187.233,94.849,16.351,31.581
JY51-2,3076.875,2,183.019,94.883,15.949,30.748
JY51-2,3077,2,186.233,94.936,16.777,28.298
JY51-2,3077.75,2,222.666,94.686,22.875,14.818
JY51-2,3077.875,2,222.648,94.437,22.477,15.299
JY51-2,3078,2,219.95,94.265,22.128,16.971
JY51-2,3078.75,2,206.502,93.212,20.793,25.298
JY51-2,3078.875,2,207.183,93.034,20.767,25.192
JY51-2,3079,2,209.669,92.941,20.793,24.101
JY51-2,3079.75,2,200.463,91.875,19.061,17.263
JY51-2,3079.875,2,197.487,91.664,18.976,23.256
JY51-2,3080,2,197.418,91.514,19.121,28.239
JY51-2,3080.75,2,206.696,89.437,21.014,15.364
JY51-2,3080.875,2,210.274,89.177,20.066,15.863
JY51-2,3081,2,212.296,89.116,19.864,17.328
JY51-2,3081.75,2,204.642,89.681,20.2,11.762
JY51-2,3081.875,2,200.055,89.548,19.533,12.092
JY51-2,3082,2,193.909,89.398,18.333,15.615
JY51-2,3082.75,2,176.19,87.801,16.262,46.017
JY51-2,3082.875,2,175.625,87.568,16.515,45.829
JY51-2,3083,2,176.26,87.406,16.495,45.834
JY51-2,3083.75,2,173.385,85.406,15.129,45.963
JY51-2,3083.875,2,173.186,84.851,15.297,45.199
JY51-2,3084,2,174.259,84.322,15.846,44.233
JY51-2,3084.75,2,183.019,82.528,16.657,40.705
JY51-2,3084.875,2,184.422,82.42,16.853,37.274
JY51-2,3085,2,186.361,82.304,16.721,34.523
JY51-2,3085.625,2,171.218,81.6,14.75,54.592
JY51-2,3085.75,2,170.72,81.544,14.929,57.722
JY51-2,3085.875,2,175.23,81.565,15.058,58.233
JY51-2,3086.75,2,183.576,83.242,15.662,46.412
JY51-2,3086.875,2,182.357,83.777,15.794,46.529
JY51-2,3087,2,182.943,84.264,15.805,47.216
JY51-2,3087.75,2,183.292,84.131,15.076,48.653
JY51-2,3087.875,2,178.57,82.913,15.153,47.189
JY51-2,3088,2,176.388,82.061,15.418,45.894
JY51-2,3088.625,2,168.557,81.252,14.481,39.77
JY51-2,3088.75,2,166.05,81.988,14.11,42.158
JY51-2,3088.875,2,165.266,82.631,14.017,45.294
JY51-2,3089.75,2,183.617,83.744,16.216,47.3
JY51-2,3089.875,2,184.631,83.621,16.268,46.559
JY51-2,3090,2,184.048,83.586,16.319,45.971
JY51-2,3091.125,2,202.465,85.976,14.182,33.358
JY51-2,3091.25,2,218.361,86.227,14.612,25.767
JY51-2,3091.375,2,230.36,86.293,14.876,20.842
JY51-2,3091.75,2,230.973,85.625,14.161,21.588
JY51-2,3091.875,2,224.817,85.462,14.195,23.128
JY51-2,3092,2,215.501,85.426,14.48,24.044
JY51-2,3092.75,2,180.91,84.711,15.002,28.274
JY51-2,3092.875,2,182.833,84.622,15.086,20.511
JY51-2,3093,2,187.042,84.543,15.355,13.612
JY51-2,3093.75,2,190.698,84.338,16.106,44.356
JY51-2,3093.875,2,188.154,84.231,16.317,44.011
JY51-2,3094,2,186.204,84.058,16.415,42.147
JY51-2,3094.75,2,194.543,82.812,15.757,22.185
JY51-2,3094.875,2,194.153,82.702,15.492,15.491
JY51-2,3095,2,192.255,82.653,15.321,12.309
JY51-2,3095.75,2,187.398,81.786,16.553,42.527
JY51-2,3095.875,2,187.586,81.588,16.617,43.224
JY51-2,3096,2,188.935,81.429,16.356,43.72
JY51-2,3096.75,2,182.256,80.686,15.29,52.927
JY51-2,3096.875,2,180.725,80.617,15.253,54.985
JY51-2,3097,2,180.748,80.611,15.251,57.085
JY51-2,3097.75,2,182.415,80.379,13.685,83.611
JY51-2,3097.875,2,187.478,80.234,14.005,86.143
JY51-2,3098,2,190.779,80.15,14.727,83.937
JY51-2,3098.75,2,179.885,81.244,15.756,36.613
JY51-2,3098.875,2,177.437,81.558,15.468,36.05
JY51-2,3099,2,177.88,81.85,15.266,38.537
JY51-2,3099.75,2,180.313,82.744,15.763,23.979
JY51-2,3099.875,2,181.074,83.015,15.494,18.948
JY51-2,3100,2,182.266,83.337,15.262,18.606
JY51-2,3100.75,2,177.452,83.828,16.66,49.857
JY51-2,3100.875,2,179.555,83.782,16.198,47.958
JY51-2,3101,2,182.562,83.804,15.344,44.13
JY51-2,3101.75,2,193.25,84.322,14.839,50.946
JY51-2,3101.875,2,194.613,84.565,14.864,50.901
JY51-2,3102,2,195.716,84.759,15.129,50.738
JY51-2,3102.75,2,175.825,84.324,14.182,59.448
JY51-2,3102.875,2,170.635,84.353,14.142,52.35
JY51-2,3103,2,168.991,84.436,14.285,44.585
JY51-2,3103.75,2,197.258,85.372,17.747,43.568
JY51-2,3103.875,2,199.402,85.464,17.93,36.138
JY51-2,3104,2,197.59,85.54,17.539,27.411
JY51-2,3104.625,2,191.839,86.394,15.964,13.187
JY51-2,3104.75,2,190.085,86.502,16.004,17.691
JY51-2,3104.875,2,190.832,86.585,16.306,26.033
JY51-2,3105.75,2,173.356,87.839,15.183,43.685
JY51-2,3105.875,2,171.859,87.918,15.334,45.18
JY51-2,3106,2,175.51,88.022,16.21,45.304
JY51-2,3106.75,2,186.727,87.7,17.156,38.289
JY51-2,3106.875,2,188.457,87.796,17.114,43.112
JY51-2,3107,2,190.33,88.001,17.138,44.729
JY51-2,3107.625,2,191.686,89.99,16.012,19.407
JY51-2,3107.75,2,189.283,90.387,16.106,19.506
JY51-2,3107.875,2,188.522,90.733,16.294,19.974
JY51-2,3108.75,2,188.018,90.599,17.65,21.888
JY51-2,3108.875,2,189.291,90.112,17.994,36.491
JY51-2,3109,2,187.283,89.679,17.948,47.402
JY51-2,3109.75,2,178.96,88.9,16.803,39.709
JY51-2,3109.875,2,180.471,89.038,16.203,33.552
JY51-2,3110,2,179.885,89.251,15.646,26.085
JY51-2,3110.75,2,191.847,90.7,17.069,33.257
JY51-2,3110.875,2,191.334,90.663,16.888,41.2
JY51-2,3111,2,189.526,90.479,16.755,47.496
JY51-2,3111.75,2,170.925,87.538,15.614,46.018
JY51-2,3111.875,2,179.531,87.141,15.814,44.732
JY51-2,3112,2,185.418,86.788,16.133,46.047
JY51-2,3112.75,2,183.183,84.56,15.553,43.22
JY51-2,3112.875,2,181.664,84.454,15.181,30.961
JY51-2,3113,2,180.4,84.462,15.046,21.221
JY51-2,3113.75,2,181.889,85.093,15.285,60.521
JY51-2,3113.875,2,183.554,85.067,14.805,62.51
JY51-2,3114,2,187.087,85.001,14.338,64.317
JY51-2,3114.75,2,207.024,86.456,15.137,63.757
JY51-2,3114.875,2,210.453,86.92,15.668,57.996
JY51-2,3115,2,213.125,87.299,16.205,49.662
JY51-2,3115.75,2,238.033,89.027,17.495,24.226
JY51-2,3115.875,2,241.981,89.286,17.762,27.892
JY51-2,3116,2,244.594,89.464,17.748,31.536
JY51-2,3116.625,2,223.049,89.409,16.012,13.652
JY51-2,3116.75,2,216.3,89.218,15.622,16.34
JY51-2,3116.875,2,212.292,88.934,15.316,26.608
JY51-2,3117.75,2,210.991,86.973,14.509,44.617
JY51-2,3117.875,2,212.119,87.043,14.751,42.893
JY51-2,3118,2,211.245,87.143,14.8,37.95
JY51-2,3118.75,2,201.062,86.065,13.046,55.388
JY51-2,3118.875,2,201.109,85.742,12.916,64.794
JY51-2,3119,2,200.958,85.385,13.127,67.429
JY51-2,3119.75,2,216.691,81.938,14.572,69.571
JY51-2,3119.875,2,216.053,81.805,14.861,70.403
JY51-2,3120,2,213.587,81.84,14.884,67.637
JY51-2,3120.75,2,203.315,80.841,12.928,45.767
JY51-2,3120.875,2,204.388,80.329,13.13,47.8
JY51-2,3121,2,206.197,79.91,13.837,51.513
JY51-2,3121.75,2,197.751,82.348,13.681,67.485
JY51-2,3121.875,2,199.076,83.353,13.563,52.444
JY51-2,3122,2,200.575,84.303,13.482,37.139
JY51-2,3122.75,2,199.617,87.188,13.715,45.792
JY51-2,3122.875,2,194.529,87.296,12.95,68.363
JY51-2,3123,2,190.145,87.344,12.607,84.952
JY51-2,3123.75,2,177.034,87.803,12.483,91.525
JY51-2,3123.875,2,179.197,87.828,12.668,80.966
JY51-2,3124,2,187.739,87.895,12.891,63.217
JY51-2,3124.75,2,220.514,88.132,13.977,33.637
JY51-2,3124.875,2,209.618,88.021,13.058,61.783
JY51-2,3125,2,200.075,87.938,12.377,88.287
JY51-2,3125.75,2,195.766,87.596,12.956,34.808
JY51-2,3125.875,2,198.144,87.496,12.266,23.094
JY51-2,3126,2,200.502,87.365,11.892,16.766
JY51-2,3126.75,2,210.597,87.254,12.549,136.532
JY51-2,3126.875,2,213.353,87.307,12.874,130.003
JY51-2,3127,2,215.856,87.332,13.187,121.324
JY51-2,3127.75,2,220.436,86.589,12.897,100.257
JY51-2,3127.875,2,219.861,86.496,12.769,105.058
JY51-2,3128,2,217.983,86.474,12.637,103.454
JY51-2,3128.75,2,208.031,86.716,13.1,18.34
JY51-2,3128.875,2,208.617,86.818,13.139,24.706
JY51-2,3129,2,211.984,86.998,13.074,29.053
JY51-2,3129.75,2,206.528,88.497,12.015,21.696
JY51-2,3129.875,2,205.527,88.696,11.904,37.006
JY51-2,3130,2,206.843,88.952,11.731,71.285
JY51-2,3130.75,2,209.244,91.377,12.227,86.728
JY51-2,3130.875,2,212.2,91.659,12.254,80.249
JY51-2,3131,2,214.879,91.839,12.17,82.426
JY51-2,3131.75,2,219.961,91.684,12.059,92.576
JY51-2,3131.875,2,235.09,91.747,12.672,80.353
JY51-2,3132,2,253.443,91.821,13.445,62.62
JY51-2,3132.75,2,241.844,91.023,12.637,40.905
JY51-2,3132.875,2,236.655,90.954,12.715,47.521
JY51-2,3133,2,238.573,90.992,13.08,51.14
JY51-2,3133.75,2,233.777,93.004,12.706,39.466
JY51-2,3133.875,2,232.485,93.637,12.44,35.869
JY51-2,3134,2,232.517,94.347,12.481,29.466
JY51-2,3134.875,2,332.175,97.994,15.977,18.132
JY51-2,3135,2,341.333,98.232,16.073,14.019
JY51-2,3135.125,2,336.199,98.39,15.556,13.502
JY51-2,3135.75,2,276.671,98.397,12.583,20.761
JY51-2,3135.875,2,272.344,98.358,12.587,19.319
JY51-2,3136,2,266.95,98.324,12.574,20.238
JY51-2,3136.75,2,274.743,99,10.65,123.96
JY51-2,3136.875,2,293.19,99.162,10.741,99.418
JY51-2,3137,2,322.456,99.329,11.043,58.178
JY51-2,3138.25,2,404.745,100.284,11.309,19.634
JY51-2,3138.375,2,436.878,100.292,11.41,19.074
JY51-2,3138.5,2,457.92,100.375,11.954,26.341
JY51-2,3139.75,2,244.393,102.668,9.72,16.313
JY51-2,3139.875,2,232.701,102.827,10.917,20.606
JY51-2,3140,2,225.779,102.938,11.382,21.876
JY51-2,3140.75,2,217.185,103.791,10.56,37.996
JY51-2,3140.875,2,221.863,103.61,10.544,55.825
JY51-2,3141,2,225.801,103.315,10.508,65.907
JY51-2,3141.75,2,194.118,101.821,9.914,92.236
JY51-2,3141.875,2,184.389,102.104,9.918,101.744
JY51-2,3142,2,176.891,102.628,9.992,105.542
JY51-2,3142.75,2,159.184,104.986,15.175,26.269
JY51-2,3142.875,2,155.465,104.954,14.436,20.933
JY51-2,3143,2,155.957,104.782,13.825,14.779
JY51-2,3143.75,2,193.836,101.402,18.442,220.936
JY51-2,3143.875,2,195.247,100.645,18.693,193.663
JY51-2,3144,2,196.91,99.903,18.967,121.665
JY51-2,3144.75,2,160.242,96.731,15.495,43.415
JY51-2,3144.875,2,137.797,96.323,13.76,61.27
JY51-2,3145,2,110.346,95.926,11.296,107.925
