Well Name,Depth,Facies,GR,AC,DEN,CNL,LLS
JY11-4,2265.125,4,157.848,220.712,2.722,21.219,30.697
JY11-4,2265.25,4,158.666,218.015,2.726,18.188,31.616
JY11-4,2265.375,4,159.859,217.003,2.72,17.333,31.655
JY11-4,2265.75,4,159.856,221.967,2.693,18.24,29.806
JY11-4,2265.875,4,159.99,225.382,2.688,18.15,29.171
JY11-4,2266,4,159.624,228.794,2.684,18.281,28.597
JY11-4,2266.75,4,159.481,230.419,2.706,20.186,28.019
JY11-4,2266.875,4,158.711,227.974,2.706,19.641,28.741
JY11-4,2267,4,157.415,225.114,2.701,18.85,29.485
JY11-4,2267.625,4,154.93,232.759,2.683,19.231,27.553
JY11-4,2267.75,4,158.615,235.14,2.681,19.914,27.249
JY11-4,2267.875,4,162.738,235.912,2.683,19.995,27.33
JY11-4,2268.625,4,163.259,238.259,2.657,21.431,27.336
JY11-4,2268.75,4,161.386,238.078,2.658,22.195,26.602
JY11-4,2268.875,4,160.316,237.593,2.663,22.72,26.158
JY11-4,2269.625,4,158.366,234.939,2.679,20.294,24.87
JY11-4,2269.75,4,159.951,234.672,2.686,19.749,23.869
JY11-4,2269.875,4,162.662,234.889,2.69,19.523,23.192
JY11-4,2270.75,4,164.481,234.086,2.671,20.6,23.561
JY11-4,2270.875,4,162.038,234.211,2.669,20.317,23.161
JY11-4,2271,4,159.34,234.814,2.67,20.209,22.109
JY11-4,2271.625,4,162.575,241.822,2.697,20.586,20.863
JY11-4,2271.75,4,162.644,243.424,2.695,21.108,22.25
JY11-4,2271.875,4,163.555,244.89,2.693,21.255,23.209
JY11-4,2272.5,4,164.061,251.363,2.696,22.318,22.247
JY11-4,2272.625,4,162.007,249.104,2.708,22.32,22.248
JY11-4,2272.75,4,162.149,246.529,2.722,21.224,22.396
JY11-4,2273,5,175.889,247.28,2.738,19.225,22.068
JY11-4,2273.125,5,182.417,249.446,2.726,19.597,20.281
JY11-4,2273.25,5,184.495,253.503,2.706,20.312,16.373
JY11-4,2273.375,5,183.122,257.063,2.691,20.635,11.544
JY11-4,2273.5,5,181.825,258.377,2.685,20.416,7.518
JY11-4,2273.625,5,181.409,258.895,2.687,20.269,5.667
JY11-4,2273.75,5,180.309,259.695,2.689,20.595,5.582
JY11-4,2273.875,5,178.423,260.409,2.689,21.317,7.192
JY11-4,2274,5,176.88,260.41,2.687,21.786,10.501
JY11-4,2274.375,4,171.291,261.533,2.699,21.605,20.311
JY11-4,2274.5,4,170.148,262.113,2.699,22.122,21.864
JY11-4,2274.625,4,170.607,262.844,2.693,22.436,22.453
JY11-4,2275.625,4,177.384,261.546,2.685,21.637,5.475
JY11-4,2275.75,4,176.996,261.43,2.684,22.007,7.449
JY11-4,2275.875,4,174.653,261.158,2.681,22.379,11.381
JY11-4,2276.375,4,170.457,266.26,2.688,22.221,20.946
JY11-4,2276.5,4,171.153,268.807,2.692,22.523,20.948
JY11-4,2276.625,4,172.41,270.942,2.691,22.748,21.114
JY11-4,2277.5,4,169.888,269.331,2.682,21.296,22.444
JY11-4,2277.625,4,167.773,263.57,2.687,21.134,22.756
JY11-4,2277.75,4,164.226,257.785,2.699,20.847,22.75
JY11-4,2278.5,4,168.896,270.651,2.696,21.968,20.855
JY11-4,2278.625,4,168.164,270.273,2.691,21.767,21.169
JY11-4,2278.75,4,166.007,269.669,2.688,21.052,21.481
JY11-4,2279.75,4,165.103,264.721,2.668,21.02,17.703
JY11-4,2279.875,4,165.631,263.647,2.669,21.14,19.186
JY11-4,2280,4,164.353,262.851,2.672,21.345,19.967
JY11-4,2281,4,170.103,265.786,2.668,19.88,20.51
JY11-4,2281.125,4,172.508,267.673,2.665,20.295,18.11
JY11-4,2281.25,4,175.654,269.241,2.659,20.804,14.877
JY11-4,2282,4,173.175,266.983,2.661,21.573,12.776
JY11-4,2282.125,4,171.665,266.275,2.665,21.69,12.922
JY11-4,2282.25,4,172.004,265.695,2.67,21.35,12.29
JY11-4,2283,3,174.995,261.051,2.677,19.02,13.376
JY11-4,2283.125,3,177.342,259.542,2.676,18.373,16.98
JY11-4,2283.25,3,183.386,257.444,2.673,17.726,19.924
JY11-4,2283.625,3,197.481,252.389,2.653,16.906,20.475
JY11-4,2283.75,3,197.213,251.26,2.647,16.901,18.249
JY11-4,2283.875,3,196.836,251.889,2.642,16.741,15.757
JY11-4,2285,3,164.452,273.11,2.507,17.648,13.418
JY11-4,2285.125,3,161.596,283.052,2.447,20.478,13.687
JY11-4,2285.25,3,158.791,284.242,2.414,23.642,13.219
JY11-4,2285.5,5,151.744,257.208,2.475,19.852,18.787
JY11-4,2285.625,5,149.637,234.968,2.537,15.582,29.145
JY11-4,2285.75,5,148.424,227.431,2.583,13.348,43.078
JY11-4,2285.875,5,146.667,226.966,2.601,12.961,55.773
JY11-4,2286,5,143.487,222.629,2.604,13.108,65.864
JY11-4,2286.125,5,137.622,213.431,2.609,13.097,76
JY11-4,2286.25,5,127.198,203.654,2.627,12.414,89.932
JY11-4,2286.375,5,113.507,194.178,2.653,11.038,109.409
JY11-4,2286.5,5,99.762,186.974,2.677,9.485,133.017
JY11-4,2286.625,5,91.232,186.189,2.689,8.566,152.131
JY11-4,2286.75,5,89.517,193.297,2.688,8.537,155.964
JY11-4,2287,4,115.013,235.32,2.642,12.88,84.61
JY11-4,2287.25,4,137.358,257.743,2.619,17.982,47.523
JY11-4,2287.375,4,139.107,260.851,2.621,18.541,41.262
JY11-4,2287.5,4,142.982,263.559,2.622,19.334,35.213
JY11-4,2287.625,4,149.485,266.861,2.621,20.58,29.902
JY11-4,2288.75,4,175.295,266.702,2.647,19.284,24.075
JY11-4,2289,4,173.896,266.398,2.659,19.753,14.191
JY11-4,2289.125,4,173.91,265.489,2.655,19.522,11.046
JY11-4,2289.25,4,174.92,264.535,2.649,19.184,9.653
JY11-4,2289.375,4,176.34,263.425,2.643,18.801,9.998
JY11-4,2289.625,4,188.559,244.51,2.639,15.989,22.056
JY11-4,2290.5,4,230.905,267.009,2.616,18.577,33.018
JY11-4,2290.625,3,231.72,263.816,2.61,17.884,33.284
JY11-4,2290.75,3,226.221,259.268,2.604,17.179,33.315
JY11-4,2291,4,194.391,240.299,2.646,13.575,54.829
JY11-4,2291.125,4,198.053,241.618,2.65,14.257,50.163
JY11-4,2291.25,4,206.598,246.819,2.65,15.666,40.105
JY11-4,2291.375,4,192.676,276.221,2.671,19.713,17.462
JY11-4,2291.625,4,196.519,281.65,2.64,21.324,18.682
JY11-4,2292.5,4,198.884,289.937,2.624,22.509,10.426
JY11-4,2292.625,4,199.276,290.707,2.617,22.3,11.939
JY11-4,2293.75,4,202.439,289.176,2.616,20.158,20.869
JY11-4,2293.875,4,205.146,287.485,2.617,20.53,21.319
JY11-4,2294.5,4,183.352,274.199,2.653,18.084,21.523
JY11-4,2295.125,4,184.55,275.827,2.657,18.268,15.696
JY11-4,2295.25,4,207.038,292.488,2.625,20.414,12.123
JY11-4,2295.875,4,191.198,288.088,2.627,19.86,27.377
JY11-4,2296,4,196.747,288.147,2.644,19.934,23.985
JY11-4,2297,4,153.892,237.748,2.687,13.277,34.03
JY11-4,2297.125,4,144.007,234.656,2.682,12.981,44.388
JY11-4,2297.25,4,153.408,244.324,2.64,14.506,50.461
JY11-4,2299.125,4,153.868,237.22,2.645,14.828,52.881
JY11-4,2299.25,4,152.584,236.018,2.649,14.334,52.26
JY11-4,2299.375,4,144.601,233.366,2.661,13.783,58.322
JY11-4,2300,4,143.744,233.068,2.658,13.873,59.621
JY11-4,2300.125,4,140.831,232.61,2.661,14.013,59.865
JY11-4,2300.25,4,147.502,233.93,2.627,14.675,53.685
JY11-4,2300.875,3,148.899,233.436,2.625,14.35,53.286
JY11-4,2301,3,148.456,232.837,2.629,14.037,53.723
JY11-4,2301.125,3,149.76,241.222,2.647,14.143,52.761
JY11-4,2301.625,3,149.311,241.346,2.648,14.308,51.827
JY11-4,2301.75,3,148.926,240.264,2.649,14.43,51.32
JY11-4,2301.875,3,153.795,238.648,2.647,14.365,48.576
JY11-4,2302.875,4,154.394,240.498,2.646,14.332,46.984
JY11-4,2303,4,155.773,242.861,2.643,14.597,46.056
JY11-4,2303.125,4,156.869,244.405,2.638,14.913,46.237
JY11-4,2303.875,4,156.614,245.279,2.633,14.972,47.388
JY11-4,2304,4,155.87,245.825,2.627,14.75,49.008
JY11-4,2304.125,4,155.477,245.856,2.622,14.375,50.303
JY11-4,2304.75,3,156.749,245.55,2.619,13.992,51.034
JY11-4,2304.875,3,159.43,245.025,2.619,13.721,51.394
JY11-4,2305,3,161.593,243.657,2.623,13.681,52.022
JY11-4,2305.875,4,160.766,241.068,2.628,13.755,53.463
JY11-4,2306,4,156.531,237.795,2.636,13.709,56.054
JY11-4,2306.125,4,151.433,235.002,2.645,13.424,59.161
JY11-4,2307,4,149.198,233.557,2.652,13.066,61.903
JY11-4,2307.125,4,151.132,234.067,2.652,12.892,63.061
JY11-4,2307.25,4,156.826,236.277,2.647,13.075,62.36
JY11-4,2307.375,4,162.899,239.164,2.64,13.52,60.222
JY11-4,2307.5,4,166.481,241.32,2.636,13.968,57.941
JY11-4,2307.625,4,167.077,242.35,2.634,14.106,56.342
JY11-4,2307.75,4,166.698,242.633,2.634,13.897,55.546
JY11-4,2307.875,4,158.243,241.83,2.632,13.413,54.87
JY11-4,2308,4,154.257,241.027,2.632,13.804,54.864
JY11-4,2308.125,4,152.184,239.881,2.636,14.246,55.005
JY11-4,2308.25,4,149.925,234.669,2.634,13.876,56.107
JY11-4,2308.375,4,152.562,236.069,2.635,13.681,54.838
JY11-4,2308.5,4,154.054,238.551,2.635,13.795,53.11
JY11-4,2308.625,4,156.777,244.683,2.626,14.578,50.575
JY11-4,2308.75,4,159.148,247.228,2.622,14.722,50.566
JY11-4,2308.875,4,161.285,248.519,2.62,14.539,51.099
JY11-4,2309,4,162.185,248.682,2.617,14.226,51.535
JY11-4,2309.125,4,162.264,248.418,2.612,14.038,51.674
JY11-4,2309.25,3,162.393,247.679,2.607,14.056,50.937
JY11-4,2309.375,4,162.331,240.733,2.615,13.957,32.954
JY11-4,2309.875,4,163.005,239.587,2.617,13.874,32.547
JY11-4,2310,4,162.535,239.412,2.617,13.828,35.528
JY11-4,2310.125,4,214.533,249.866,2.645,16.975,11.049
JY11-4,2310.75,4,223.144,246.406,2.649,16.799,12.189
JY11-4,2310.875,4,218.058,241.36,2.652,15.681,15.916
JY11-4,2311,4,170.755,241.451,2.625,14.683,44.366
JY11-4,2311.625,4,173.461,240.528,2.632,15.227,18.869
JY11-4,2311.75,4,175.602,239.085,2.63,15.17,18.104
JY11-4,2311.875,4,178.363,238.04,2.628,14.698,20.81
JY11-4,2312.375,3,179.257,236.032,2.629,14.196,25.767
JY11-4,2312.5,3,177.016,234.305,2.63,13.983,31.621
JY11-4,2312.625,3,172.866,234.067,2.627,14.063,36.777
JY11-4,2313.5,3,169.885,234.033,2.619,14.239,40.952
JY11-4,2313.625,3,163.122,245.269,2.62,16.123,28.942
JY11-4,2313.75,3,164.722,245.513,2.631,15.756,19.414
JY11-4,2314.625,4,165.655,245.628,2.641,15.227,13.425
JY11-4,2314.75,4,163.354,237.989,2.623,14.939,6.824
JY11-4,2314.875,4,163.965,238.676,2.624,14.712,11.353
JY11-4,2315,4,165.205,239.877,2.628,14.54,21.747
JY11-4,2315.125,4,156.273,237.38,2.644,14.409,57.838
JY11-4,2315.25,4,156.191,235.604,2.651,14.142,59.21
JY11-4,2315.375,4,155.07,232.663,2.659,13.629,61.137
JY11-4,2315.5,4,161.454,238.713,2.66,14.409,48.49
JY11-4,2315.625,4,164.328,241.12,2.655,14.766,41.379
JY11-4,2315.75,4,163.985,241.032,2.653,14.65,36.285
JY11-4,2315.875,4,160.193,238.127,2.627,14.017,19.094
JY11-4,2316.75,3,160.856,237.507,2.627,13.713,19.799
JY11-4,2316.875,3,162.622,236.828,2.63,13.499,26.301
JY11-4,2317,3,157.995,243.378,2.641,13.744,55.158
JY11-4,2317.75,3,160.327,243.024,2.633,13.831,52.893
JY11-4,2317.875,3,162.228,240.052,2.628,13.865,50.316
JY11-4,2318,3,169.966,260.624,2.613,15.14,40.383
JY11-4,2318.75,3,167.504,263.382,2.613,14.763,41.565
JY11-4,2318.875,3,166.597,266.186,2.615,14.536,39.629
JY11-4,2319,3,178.419,270.606,2.616,15.748,22.04
JY11-4,2319.625,3,180.344,270.149,2.608,15.96,22.133
JY11-4,2319.75,3,177.43,268.891,2.602,15.859,23.445
JY11-4,2319.875,3,172.414,271.85,2.605,16.072,36.761
JY11-4,2320.875,4,171.81,270.648,2.603,16.687,43.757
JY11-4,2321,4,169.281,269.024,2.602,16.896,47.789
JY11-4,2321.125,4,166.736,266.175,2.605,15.428,47.026
JY11-4,2322.375,3,167.894,266.695,2.602,15.444,42.872
JY11-4,2322.5,3,168.561,267.001,2.599,15.605,38.809
JY11-4,2322.625,3,169.127,267.728,2.618,15.026,48.329
JY11-4,2323.875,3,168.774,267.358,2.609,14.724,49.987
JY11-4,2324,3,166.464,266.161,2.598,14.697,52.285
JY11-4,2324.125,3,163.085,263.835,2.591,15.265,54.832
JY11-4,2324.625,4,163.573,263.887,2.593,15.223,53.457
JY11-4,2324.75,4,164.119,264.41,2.594,14.959,51.013
JY11-4,2324.875,4,164.015,264.835,2.592,14.72,48.949
JY11-4,2326.125,4,163.905,264.559,2.592,14.634,48.332
JY11-4,2326.25,4,164.123,263.51,2.596,14.721,49.996
JY11-4,2326.375,4,163.809,262.657,2.606,14.941,53.072
JY11-4,2327,3,163.1,262.497,2.614,15.213,56.227
JY11-4,2327.125,3,162.834,262.397,2.613,15.412,58.156
JY11-4,2327.25,3,165.279,262.636,2.593,15.197,58.955
JY11-4,2328.125,3,166.6,262.389,2.584,14.898,59.078
JY11-4,2328.25,3,167.408,261.522,2.577,14.722,59.758
JY11-4,2328.375,3,175.077,263.683,2.571,14.491,57.561
JY11-4,2328.625,5,176.341,264.705,2.57,14.269,56.099
JY11-4,2328.75,5,178.067,266.093,2.57,14.421,55.114
JY11-4,2328.875,5,179.01,270.227,2.57,14.849,57.272
JY11-4,2329,5,180.449,270.77,2.567,14.671,58.48
JY11-4,2329.125,5,180.047,269.798,2.566,14.55,59.336
JY11-4,2329.25,5,198.448,270.63,2.587,16.378,20.327
JY11-4,2329.375,5,206.855,268.563,2.594,15.977,17.846
JY11-4,2329.5,5,216.506,266.748,2.601,14.845,17.768
JY11-4,2329.625,5,181.873,255.288,2.586,13.153,35.717
JY11-4,2329.875,3,184.478,253.087,2.585,12.73,31.779
JY11-4,2330,3,194.863,254.481,2.585,12.851,23.734
JY11-4,2330.125,3,206.087,271.189,2.603,16.521,22.412
JY11-4,2330.875,3,205.397,271.861,2.601,16.539,29.401
JY11-4,2331,3,207.143,272.663,2.598,16.576,32.207
JY11-4,2331.125,3,196.362,260.902,2.607,16.333,28.929
JY11-4,2332.5,3,192.422,257.624,2.613,16.053,27.793
JY11-4,2332.625,3,188.826,253.416,2.617,15.58,28.461
JY11-4,2332.75,3,179.002,243.366,2.616,13.79,41.667
JY11-4,2333.375,3,177.646,242.935,2.619,13.552,43.69
JY11-4,2333.5,3,178.672,244.103,2.619,13.493,42.881
JY11-4,2333.625,3,179.444,240.697,2.617,12.662,49.075
JY11-4,2334.375,3,182.431,239.975,2.617,12.839,50.94
JY11-4,2334.5,3,182.045,239.408,2.617,12.946,51.198
JY11-4,2334.625,3,172.97,234.333,2.635,12.029,68.253
JY11-4,2335.375,4,173.468,233.847,2.627,12.038,68.931
JY11-4,2335.5,4,173.38,236.201,2.612,12.033,65.47
JY11-4,2335.625,4,166.064,241.368,2.588,11.888,46.385
JY11-4,2336.5,3,170.419,240.527,2.586,11.811,41.008
JY11-4,2336.625,3,172.534,239.605,2.583,11.853,38.809
JY11-4,2336.75,3,198.556,253.737,2.617,14.963,20.998
JY11-4,2337.125,3,197.41,253.592,2.614,14.562,23.697
JY11-4,2337.25,3,192.841,251.304,2.611,13.773,28.091
JY11-4,2337.375,3,187.372,242.073,2.595,11.966,57.087
JY11-4,2338.25,4,191.513,243.541,2.584,12.422,68.476
JY11-4,2338.375,4,195.9,245.708,2.573,12.856,74.987
JY11-4,2338.5,4,202.469,252.7,2.572,12.13,60.377
JY11-4,2339.625,3,200.515,251.951,2.569,12.163,64.857
JY11-4,2339.75,3,200.661,251.757,2.567,12.303,70.815
JY11-4,2339.875,3,203.276,256.572,2.572,12.264,29.508
JY11-4,2341.25,3,202.268,255.609,2.569,12.144,36.037
JY11-4,2341.375,3,198.601,254.336,2.567,12.315,44.653
JY11-4,2341.5,3,192.571,252.486,2.561,13.719,51.557
JY11-4,2342.125,3,196.875,253.184,2.558,13.806,50.209
JY11-4,2342.25,3,201.49,254.494,2.557,13.43,47.999
JY11-4,2342.375,3,204.439,255.558,2.56,12.901,43.716
JY11-4,2343.125,3,204.158,255.435,2.563,12.552,38.409
JY11-4,2343.25,3,199.854,253.041,2.566,12.339,34.831
JY11-4,2343.375,3,191.476,248.557,2.569,11.965,34.969
JY11-4,2344.25,3,182.745,245.123,2.572,11.355,39.639
JY11-4,2344.375,3,177.904,244.055,2.576,10.909,46.609
JY11-4,2344.5,3,180.647,244.524,2.577,10.898,51.56
JY11-4,2345.375,3,189.015,246.284,2.578,11.27,51.84
JY11-4,2345.5,3,200.906,249.611,2.585,11.586,41.945
JY11-4,2345.625,3,196.245,248.016,2.591,11.429,39.857
JY11-4,2346,5,191.263,247.132,2.597,11.581,38.237
JY11-4,2346.125,5,206.914,252.55,2.583,11.818,39.912
JY11-4,2346.25,5,207.291,251.464,2.577,11.545,47.449
JY11-4,2346.375,5,203.996,248.337,2.574,11.574,53.598
JY11-4,2346.5,5,203.621,256.037,2.543,13.148,24.716
JY11-4,2346.625,5,203.081,256.178,2.547,13.112,30.018
JY11-4,2346.75,5,201.408,256.412,2.547,12.837,39.541
JY11-4,2346.875,5,195.862,257.427,2.532,12.815,40.22
JY11-4,2347,5,193.378,257.677,2.533,12.6,38.913
JY11-4,2347.125,5,195.024,257.572,2.532,12.2,38.264
JY11-4,2347.25,5,172.133,249.371,2.538,10.923,50.098
JY11-4,2347.625,3,174.314,249.049,2.543,11.057,42.804
JY11-4,2347.75,3,175.692,247.99,2.544,10.924,39.105
JY11-4,2347.875,3,167.934,246.477,2.543,11.862,60.53
JY11-4,2348.5,3,171.757,245.444,2.531,11.41,60.197
JY11-4,2348.625,3,176.881,244.913,2.52,10.734,53.886
JY11-4,2348.75,3,197.305,245.833,2.505,9.876,13.949
JY11-4,2350.125,3,196.232,247.136,2.504,9.892,16.173
JY11-4,2350.25,3,196.303,249.751,2.507,10.266,18.933
JY11-4,2350.375,3,216.699,251.314,2.487,11.035,88.46
JY11-4,2351.125,3,218.656,252.587,2.491,11.216,80.486
JY11-4,2351.25,3,217.274,253.937,2.496,11.293,69.349
JY11-4,2351.375,3,337.253,264.497,2.477,13.669,25.895
JY11-4,2352.25,3,356.106,258.039,2.472,13.389,35.627
JY11-4,2352.375,3,343.032,246.535,2.488,12.503,43.925
JY11-4,2352.5,3,195.852,257.657,2.524,12.77,11.656
JY11-4,2353.25,3,190.887,255.75,2.511,12.363,13.055
JY11-4,2353.375,3,183.363,250.557,2.503,11.274,18.899
JY11-4,2353.5,3,180.706,244.078,2.519,10.201,28.232
JY11-4,2354.375,3,177.142,245.377,2.508,9.425,33.329
JY11-4,2354.5,3,181.327,246.697,2.499,9.398,40.489
JY11-4,2354.625,3,181.015,252.122,2.498,11.434,49.113
JY11-4,2355.625,3,174.749,249.314,2.498,10.891,50.362
JY11-4,2355.75,3,166.82,247.208,2.495,10.204,51.773
JY11-4,2355.875,3,120.891,258.705,2.56,15.3,15.749
JY11-4,2356.75,3,123.442,260.115,2.56,15.311,11.961
JY11-4,2356.875,3,130.404,263.127,2.555,15.373,8.598
JY11-4,2357,3,177.772,282.766,2.543,17.732,21.49
JY41-5,2494.5,4,165.888,238.551,2.742,18.609,36.016
JY41-5,2494.625,4,164.232,238.706,2.745,18.517,35.66
JY41-5,2496.625,3,164.439,238.303,2.723,17.359,37.91
JY41-5,2496.875,3,165.65,242.55,2.738,21.029,35.682
JY41-5,2520.125,4,188.447,249.275,2.725,21.748,34.515
JY41-5,2520.25,4,181.884,247.823,2.716,19.892,36.195
JY41-5,2521,4,174.907,238.665,2.703,17.194,40.163
JY41-5,2521.125,4,176.183,238.368,2.7,17.181,39.414
JY41-5,2521.25,4,177.935,238.672,2.702,17.483,38.281
JY41-5,2522.125,4,181.222,242.698,2.709,19.511,35.557
JY41-5,2522.25,4,184.508,243.803,2.704,19.379,29.618
JY41-5,2522.375,4,187.919,245.654,2.699,19.4,23.136
JY41-5,2523.25,4,189.081,253.41,2.716,20.6,31.594
JY41-5,2523.375,4,191.613,253.397,2.718,20.88,29.421
JY41-5,2523.5,4,194.113,253.462,2.716,20.9,28.056
JY41-5,2524.25,4,186.462,254.463,2.701,20.818,34.942
JY41-5,2524.375,4,183.164,254.525,2.709,20.741,34.494
JY41-5,2524.5,4,182.628,254.347,2.72,20.658,34.154
JY41-5,2525.125,4,174.938,251.576,2.703,21.156,33.351
JY41-5,2525.25,4,175.701,251.445,2.705,20.67,33.169
JY41-5,2525.375,4,176.596,251.55,2.71,20.224,33.04
JY41-5,2526.125,4,178.725,254.019,2.728,20.25,25.803
JY41-5,2526.25,4,180.339,254.521,2.731,20.893,24.605
JY41-5,2526.375,4,183.28,255.012,2.735,21.529,24.68
JY41-5,2527.125,4,181.617,255.457,2.72,20.906,31.366
JY41-5,2527.25,4,179.41,254.761,2.716,20.503,31.51
JY41-5,2527.375,4,177.695,253.873,2.715,20.45,31.055
JY41-5,2528,4,178.108,250.025,2.723,20.761,24.481
JY41-5,2528.125,4,175.971,249.991,2.719,20.25,26.513
JY41-5,2528.25,4,175.205,250.204,2.714,20.031,28.936
JY41-5,2528.875,4,182.537,249.494,2.716,19.519,32.001
JY41-5,2529,4,178.026,248.254,2.714,20.092,32.878
JY41-5,2529.125,4,172.929,246.999,2.718,20.226,33.263
JY41-5,2529.75,4,179.54,247.462,2.726,21.053,29.011
JY41-5,2529.875,4,180.642,248.073,2.725,21.299,29.633
JY41-5,2530,4,180.674,248.408,2.723,20.965,30.66
JY41-5,2530.625,4,178.624,249.629,2.731,19.956,32.51
JY41-5,2530.75,4,177.418,250.406,2.728,19.219,32.444
JY41-5,2530.875,4,177.107,251.216,2.727,18.727,32.223
JY41-5,2531.375,4,184.077,252.736,2.717,21.149,30.965
JY41-5,2531.5,4,184.536,252.677,2.715,21.433,30.845
JY41-5,2531.625,4,185.313,252.583,2.718,21.622,30.817
JY41-5,2532.375,4,181.358,253.602,2.726,20.768,30.6
JY41-5,2532.5,4,178.836,253.917,2.729,20.543,30.523
JY41-5,2532.625,4,177.019,254.249,2.732,19.989,30.435
JY41-5,2533.25,4,176.368,255.209,2.748,22.22,30.695
JY41-5,2533.375,4,178.819,255.004,2.746,21.306,29.364
JY41-5,2533.5,4,180.659,254.698,2.742,20.152,25.719
JY41-5,2534,4,187.24,253.679,2.742,20.76,15.809
JY41-5,2534.125,4,186.378,253.541,2.733,20.938,18.956
JY41-5,2534.25,4,183.233,253.293,2.724,20.942,23.895
JY41-5,2534.875,4,177.201,251.546,2.725,20.646,30.864
JY41-5,2535,4,174.544,252.181,2.721,21.156,27.992
JY41-5,2535.125,4,173.179,253.212,2.714,21.792,24.077
JY41-5,2535.875,4,182.827,255.4,2.699,20.677,31.094
JY41-5,2536,4,181.282,254.563,2.699,21.085,33.002
JY41-5,2536.125,4,181.363,253.808,2.696,21.292,33.177
JY41-5,2536.875,4,190.692,257.522,2.693,21.78,27.333
JY41-5,2537,4,193.229,258.335,2.695,21.826,27.467
JY41-5,2537.125,4,194.289,258.538,2.695,21.375,28.017
JY41-5,2537.875,4,188.411,253.603,2.716,20.225,23.773
JY41-5,2538,4,187.172,253.741,2.717,20.075,25.34
JY41-5,2538.125,4,187.972,254.11,2.715,20.001,25.316
JY41-5,2538.875,4,186.225,259.364,2.715,21.006,11.955
JY41-5,2539,4,189.167,259.999,2.706,19.994,15.535
JY41-5,2539.125,4,190.624,260.012,2.696,19.177,17.626
JY41-5,2540,4,186.347,258.339,2.706,19.871,22.065
JY41-5,2540.125,4,185.876,258.724,2.702,20.362,24.283
JY41-5,2540.25,4,182.737,259.065,2.699,20.521,26.337
JY41-5,2541.5,4,198.955,259.219,2.71,19.314,38.876
JY41-5,2541.625,4,195.759,259.344,2.709,19.352,39.047
JY41-5,2541.75,4,193.833,259.454,2.709,19.167,38.665
JY41-5,2542.625,4,213.597,257.861,2.691,19.044,20.896
JY41-5,2542.75,4,213.005,257.608,2.684,19.249,19.837
JY41-5,2542.875,4,211.356,257.574,2.675,19.219,18.55
JY41-5,2543.375,4,208.361,259.004,2.651,18.332,15.188
JY41-5,2543.5,4,207.693,259.275,2.645,18.468,11.56
JY41-5,2543.625,4,204.293,259.335,2.643,18.153,8.619
JY41-5,2544.375,4,193.576,255.294,2.67,19.687,32.334
JY41-5,2544.5,4,190.745,255.548,2.675,19.836,31.991
JY41-5,2544.625,4,187.679,256.479,2.679,20.117,30.246
JY41-5,2545.25,4,181.529,261.384,2.661,19.736,26.11
JY41-5,2545.375,4,183.592,261.623,2.664,18.919,28.722
JY41-5,2545.5,4,185.671,261.727,2.666,18.444,29.283
JY41-5,2546,4,186.347,258.892,2.645,19.365,15.716
JY41-5,2546.125,4,188.056,257.383,2.64,18.556,15.966
JY41-5,2546.25,4,189.358,255.968,2.64,17.899,18.051
JY41-5,2547,4,189.517,252.368,2.656,17.17,49.644
JY41-5,2547.125,4,185.922,251.095,2.661,16.751,41.697
JY41-5,2547.25,4,182.934,249.675,2.664,16.401,31.787
JY41-5,2548,4,187.422,254.492,2.673,15.31,36.673
JY41-5,2548.125,4,191.494,258.258,2.672,16.066,38.908
JY41-5,2548.25,4,196.788,262.074,2.67,17.319,39.565
JY41-5,2548.875,4,209.681,268.286,2.661,19.501,37.134
JY41-5,2549,4,226.167,272.177,2.628,19.771,19.643
JY41-5,2549.125,4,227.265,272.069,2.622,18.995,16.357
JY41-5,2550,4,224.231,271.349,2.617,18.242,15.604
JY41-5,2550.25,4,209.697,258.875,2.594,15.68,62.139
JY41-5,2551,4,203.426,255.842,2.614,15.717,66.853
JY41-5,2551.125,4,196.786,251.406,2.612,15.599,59.811
JY41-5,2551.25,4,202.558,255.024,2.598,16.662,54.222
JY41-5,2552.125,4,205.121,258.064,2.595,17.033,45.413
JY41-5,2552.25,4,236.308,262.619,2.651,17.923,28.567
JY41-5,2552.375,4,238.167,263.646,2.653,18.859,23.686
JY41-5,2553.25,4,233.436,264.675,2.649,19.509,17.091
JY41-5,2553.375,4,189.345,266.035,2.69,18.002,32.813
JY41-5,2553.5,4,194.573,267.743,2.686,17.587,25.437
JY41-5,2554,4,202.383,269.929,2.681,18.043,18.681
JY41-5,2554.125,4,201.701,274.962,2.66,20.837,18.336
JY41-5,2554.25,4,199.152,275.312,2.656,19.748,19.45
JY41-5,2554.5,4,200.275,275.912,2.654,19.044,19.369
JY41-5,2554.625,4,210.141,277.714,2.651,19.031,19.101
JY41-5,2554.75,4,214.849,278.49,2.649,19.108,19.229
JY41-5,2556,4,215.899,278.956,2.648,19.125,19.027
JY41-5,2556.125,4,203.313,275.996,2.65,20.228,32.877
JY41-5,2556.25,4,207.325,276.358,2.65,20.386,32.952
JY41-5,2556.875,5,208.796,277.032,2.649,20.826,32.608
JY41-5,2557,5,206.54,275.696,2.669,20.76,32.565
JY41-5,2557.125,4,211.89,275.105,2.669,19.957,32.826
JY41-5,2557.25,5,216.394,274.662,2.667,19.728,33.005
JY41-5,2557.375,5,219.059,273.804,2.663,19.939,31.896
JY41-5,2557.5,5,221.301,272.217,2.658,20.236,28.397
JY41-5,2557.625,5,222.288,269.969,2.659,20.257,22.878
JY41-5,2557.75,5,219.019,267.53,2.669,19.855,17.839
JY41-5,2557.875,5,212.127,265.33,2.686,18.928,15.046
JY41-5,2558,5,206.949,263.805,2.696,18.054,15.208
JY41-5,2558.125,5,204.513,262.725,2.695,17.971,18.369
JY41-5,2558.25,5,200.94,261.501,2.691,18.928,24.682
JY41-5,2558.375,5,193.492,259.639,2.696,19.958,31.811
JY41-5,2558.5,5,185.071,257.583,2.707,20.078,36.339
JY41-5,2558.625,5,182.01,256.205,2.718,19.262,35.468
JY41-5,2558.75,5,185.571,256.586,2.719,18.637,30.717
JY41-5,2559,5,204.926,262.689,2.691,20.236,21.38
JY41-5,2559.125,4,213.233,266.65,2.67,21.723,20.124
JY41-5,2559.25,4,216.993,269.823,2.652,22.391,21.055
JY41-5,2560,4,217.087,271.58,2.641,21.995,23.626
JY41-5,2560.125,4,201.586,269.349,2.663,18.766,31.048
JY41-5,2560.25,4,203.269,268.205,2.666,18.426,29.168
JY41-5,2561,4,203.825,266.862,2.669,18.35,26.296
JY41-5,2561.125,4,199.503,263.025,2.675,19.828,24.466
JY41-5,2561.25,4,201.476,263.584,2.67,20.262,24.772
JY41-5,2562,4,202.295,264.03,2.671,20.991,23.02
JY41-5,2562.125,4,199.093,261.659,2.681,18.572,30.383
JY41-5,2562.25,4,196.023,259.733,2.665,18.474,32.245
JY41-5,2563.125,3,204.875,234.661,2.65,15.364,38.067
JY41-5,2563.25,3,200.661,233.046,2.654,15.375,42.344
JY41-5,2563.75,3,192.464,231.648,2.66,14.778,49.387
JY41-5,2563.875,3,158.541,229.975,2.672,11.286,65.515
JY41-5,2564,3,155.52,230.674,2.678,11.867,65.196
JY41-5,2564.75,3,155.098,231.303,2.685,12.758,64.781
JY41-5,2564.875,3,159.902,234.444,2.679,14.472,59.074
JY41-5,2565,3,160.393,236.269,2.674,14.663,58.538
JY41-5,2566,4,160.523,238.058,2.671,14.808,58.196
JY41-5,2566.125,4,172.429,243.33,2.646,14.826,56.069
JY41-5,2566.25,4,174.058,242.662,2.641,14.629,56.305
JY41-5,2566.625,4,174.191,242.049,2.638,14.356,56.226
JY41-5,2566.75,4,171.805,242.13,2.63,14.084,55.951
JY41-5,2566.875,4,171.844,242.635,2.633,14.091,56.758
JY41-5,2567.625,3,172.628,243.134,2.633,13.938,57.152
JY41-5,2567.75,3,164.314,244.245,2.65,13.087,46.486
JY41-5,2567.875,3,164.189,244.276,2.647,13.345,48.031
JY41-5,2568.625,3,164.181,244.227,2.644,13.796,50.365
JY41-5,2568.75,3,181.129,245.416,2.628,14.075,20.902
JY41-5,2568.875,3,181.484,244.744,2.625,14.378,17.789
JY41-5,2570,3,179.584,243.47,2.618,14.357,19.879
JY41-5,2570.125,3,194.686,237.19,2.644,14.167,47.294
JY41-5,2570.25,3,185.233,236.344,2.652,13.469,48.076
JY41-5,2571.375,4,164.553,231.103,2.691,12.755,45.439
JY41-5,2571.5,4,167.477,233.485,2.684,13.613,45.676
JY41-5,2572.125,4,171.507,235.824,2.676,14.173,43.489
JY41-5,2572.25,4,178.792,241.142,2.635,13.141,39.187
JY41-5,2572.375,4,180.409,241.286,2.633,13.671,28.749
JY41-5,2573,4,180.39,241.186,2.64,14.657,17.231
JY41-5,2573.125,4,179.445,238.496,2.636,14.667,41.292
JY41-5,2574.125,3,171.511,237.796,2.637,14.311,51.817
JY41-5,2574.25,3,169.824,239.641,2.644,14.017,61.463
JY41-5,2574.375,3,165.928,239.22,2.642,13.837,54.998
JY41-5,2575.75,3,162.779,238.511,2.64,13.419,46.43
JY41-5,2575.875,3,178.003,235.485,2.65,14.568,55.844
JY41-5,2576,3,174.519,235.679,2.648,13.892,60.821
JY41-5,2576.375,4,169.647,235.154,2.653,13.01,64.783
JY41-5,2576.5,4,166.337,233.593,2.664,12.864,40.729
JY41-5,2576.625,4,166.2,234.225,2.66,13.618,27.373
JY41-5,2577.5,3,173.285,240.015,2.626,14.647,58.678
JY41-5,2577.625,3,172.173,239.874,2.622,14.198,59.07
JY41-5,2578.375,3,170.322,239.725,2.623,13.515,58.83
JY41-5,2578.5,3,176.621,242.061,2.624,14.213,56.245
JY41-5,2578.625,3,175.189,242.531,2.617,14.668,53.262
JY41-5,2579.375,3,172.771,242.4,2.62,14.918,50.912
JY41-5,2579.5,3,172.552,243.682,2.634,13.955,49.831
JY41-5,2579.625,3,182.054,245.784,2.632,14.52,46.198
JY41-5,2580.125,3,188.941,247.3,2.637,15.495,44.63
JY41-5,2580.25,3,173.683,247.552,2.64,13.407,49.259
JY41-5,2580.375,3,170.007,248.977,2.646,12.505,45.211
JY41-5,2581,4,171.452,251.371,2.65,12.908,40.642
JY41-5,2581.125,4,188.632,258.277,2.633,16.837,33.174
JY41-5,2581.25,4,185.84,258.119,2.631,16.286,31.475
JY41-5,2582.125,4,182.989,258.343,2.628,15.8,26.365
JY41-5,2582.25,4,188.116,261.861,2.618,16.97,42.117
JY41-5,2582.375,4,183.574,260.598,2.616,17.293,49.902
JY41-5,2583,3,177.455,259.094,2.616,17.547,52.99
JY41-5,2583.125,3,174.52,258.302,2.601,15.547,15.007
JY41-5,2583.25,3,176.783,260.133,2.602,15.593,13.05
JY41-5,2584,3,181.318,262.086,2.604,15.973,16.678
JY41-5,2584.125,3,173.995,259.973,2.638,15.657,54.703
JY41-5,2584.25,3,169.614,258.43,2.639,14.918,55.325
JY41-5,2584.875,3,168.014,257.437,2.633,14.566,54.668
JY41-5,2585,3,183.465,259.502,2.607,14.485,45.649
JY41-5,2585.125,3,181.611,259.835,2.605,14.416,46.683
JY41-5,2585.875,3,178.709,260.021,2.602,14.531,48.949
JY41-5,2586,3,175.467,257.939,2.587,14.508,64.355
JY41-5,2586.125,3,175.689,257.554,2.585,14.687,63.545
JY41-5,2586.875,4,177.12,257.844,2.581,15.13,62.373
JY41-5,2587,4,172.485,255.594,2.608,14.183,61.57
JY41-5,2587.5,3,178.931,253.753,2.607,13.39,61.299
JY41-5,2587.625,3,174.865,255.242,2.579,14.177,58.543
JY41-5,2587.75,3,177.89,255.735,2.579,14.128,58.425
JY41-5,2588.25,3,182.521,255.841,2.581,13.792,58.208
JY41-5,2588.375,3,182.611,256.147,2.573,13.862,54.634
JY41-5,2588.5,3,182.077,256.884,2.574,13.879,54.337
JY41-5,2589.25,4,184.195,257.827,2.573,13.822,54.333
JY41-5,2589.375,4,180.289,260.049,2.6,13.902,55.474
JY41-5,2589.5,4,187.911,260.764,2.595,14.151,56.024
JY41-5,2590,3,196.425,261.303,2.587,14.499,56.875
JY41-5,2590.125,3,199.122,263.684,2.577,14.329,42.431
JY41-5,2590.25,3,203.248,265.595,2.584,14.715,28.566
JY41-5,2590.75,3,207.846,267.631,2.6,15.637,17.94
JY41-5,2590.875,3,206.391,265.292,2.613,15.703,29.025
JY41-5,2591,3,206.396,263.224,2.602,14.308,35.667
JY41-5,2591.625,4,224.591,264.146,2.609,16.589,33.9
JY41-5,2591.75,4,221.792,263.805,2.61,17.291,31.016
JY41-5,2592.125,4,219.453,262.434,2.611,17.278,26.812
JY41-5,2592.25,4,206.544,253.336,2.638,14.84,23.082
JY41-5,2592.875,3,192.166,247.448,2.651,13.425,33.896
JY41-5,2593,3,197.125,244.679,2.624,12.86,28.066
JY41-5,2593.125,3,196.612,244.407,2.625,13.017,21.835
JY41-5,2594,4,193.395,243.562,2.629,13.177,18.517
JY41-5,2594.125,4,204.756,239.814,2.612,11.95,57.41
JY41-5,2594.25,4,205.576,240.681,2.614,11.914,59.195
JY41-5,2594.875,4,202.104,241.135,2.622,12.022,63.205
JY41-5,2595,4,199.093,237.712,2.612,12.037,41.81
JY41-5,2595.125,5,198.877,236.745,2.609,12.298,39.524
JY41-5,2595.25,5,198.393,235.695,2.607,12.262,42.874
JY41-5,2595.375,5,198.058,234.842,2.608,12.049,50.249
JY41-5,2595.5,5,195.853,234.401,2.616,11.934,57.622
JY41-5,2595.625,5,192.33,234.634,2.627,11.98,61.121
JY41-5,2595.75,5,189.898,235.71,2.634,12.032,60.225
JY41-5,2595.875,5,189.222,237.568,2.628,11.958,57.198
JY41-5,2596,5,188.601,239.631,2.616,11.853,53.036
JY41-5,2596.125,5,186.891,241.517,2.606,11.848,46.502
JY41-5,2596.25,5,185.888,242.971,2.609,12.032,37.646
JY41-5,2596.375,5,187.297,243.876,2.618,12.613,29.087
JY41-5,2596.5,5,190.715,244.091,2.626,13.668,23.758
JY41-5,2596.625,5,192.871,243.622,2.622,14.51,23.246
JY41-5,2596.875,3,191.861,242.734,2.611,14.338,28.818
JY41-5,2597,3,182.962,240.586,2.588,11.922,56.746
JY41-5,2597.125,3,178.033,239.958,2.586,11.279,65.71
JY41-5,2597.5,3,174.576,239.94,2.589,11.376,62.408
JY41-5,2597.625,3,176.678,241.866,2.592,12.736,37.334
JY41-5,2597.75,3,177.352,242.261,2.591,12.671,40.362
JY41-5,2598,3,177.064,242.365,2.589,12.319,46.892
JY41-5,2598.125,3,179.621,242.955,2.588,11.172,44.843
JY41-5,2598.25,3,186.635,243.763,2.594,10.958,33.346
JY41-5,2599,3,197.623,244.817,2.61,11.384,22.735
JY41-5,2599.125,3,189.561,243.856,2.621,12.205,25.713
JY41-5,2599.25,3,190.65,242.753,2.623,12.21,21.496
JY41-5,2600.125,3,192.043,241.893,2.627,12.212,20.003
JY41-5,2600.25,3,215.668,244.925,2.561,12.203,66.018
JY41-5,2600.375,3,218.968,245.006,2.562,12.161,65.471
JY41-5,2601.25,3,221.128,245.276,2.561,12.064,64.574
JY41-5,2601.375,3,208.536,244.58,2.554,11.922,27.313
JY41-5,2601.5,3,204.895,244.382,2.559,12.068,37.564
JY41-5,2602.125,3,201.955,244.504,2.565,12.413,46.079
JY41-5,2602.25,3,215.49,246.738,2.572,12.485,21.219
JY41-5,2602.375,3,215.713,246.327,2.558,12.197,28.301
JY41-5,2602.875,3,212.872,245.661,2.549,12.014,38.688
JY41-5,2603,3,199.345,245.908,2.55,12.757,53.948
JY41-5,2603.125,3,202.089,246.521,2.544,12.515,54.892
JY41-5,2603.375,3,206.246,246.97,2.542,12.184,55.459
JY41-5,2603.5,3,211.898,247.156,2.55,11.929,43.035
JY41-5,2603.625,3,211.615,246.821,2.555,11.982,31.098
JY41-5,2604.625,3,209.679,245.937,2.559,12.18,21.955
JY41-5,2604.75,3,207.178,242.944,2.557,10.787,52.464
JY41-5,2604.875,3,215.454,243.753,2.556,11.443,41.459
JY41-5,2605.625,3,221.195,243.723,2.564,11.9,31.353
JY41-5,2605.75,3,214.896,241.951,2.571,12.882,37.438
JY41-5,2605.875,3,212.919,242.216,2.573,12.488,29.747
JY41-5,2606.625,3,215.747,242.794,2.575,11.969,20.804
JY41-5,2606.75,3,230.913,249.027,2.549,12.636,22.545
JY41-5,2606.875,3,227.116,249.364,2.549,12.626,21.062
JY41-5,2607.625,3,224.172,249.535,2.545,12.515,19.765
JY41-5,2607.75,3,223.06,251.188,2.525,12.793,25.578
JY41-5,2607.875,3,222.867,251.252,2.527,12.782,31.727
JY41-5,2608.625,3,222.311,250.928,2.53,12.505,39.811
JY41-5,2608.75,3,203.647,244.484,2.532,10.085,50.671
JY41-5,2608.875,3,199.438,244.347,2.543,10.029,40.297
JY41-5,2609.5,3,198.176,244.24,2.554,10.111,33.298
JY41-5,2609.625,3,175.398,241.019,2.573,9.939,45.034
JY41-5,2609.75,3,182.158,241.498,2.562,9.948,46.845
JY41-5,2610.5,3,188.019,242.216,2.546,10.328,51.016
JY41-5,2610.625,3,205.167,248.024,2.527,9.634,21.39
JY41-5,2610.75,3,215.214,249.208,2.535,10.445,13.954
JY41-5,2611.5,3,224.492,249.54,2.534,11.313,10.969
JY41-5,2611.625,3,247.499,246.207,2.501,10.774,25.351
JY41-5,2611.75,3,247.18,246.25,2.494,10.932,26.115
JY41-5,2612.5,3,245.463,246.578,2.498,11.065,23.249
JY41-5,2612.625,3,231.26,252.164,2.494,11.267,13.88
JY41-5,2612.75,3,236.597,252.315,2.485,11.371,15.168
JY41-5,2613.5,3,242.518,252.026,2.479,11.466,21.176
JY41-5,2613.625,3,240.104,247.168,2.491,9.919,63.978
JY41-5,2613.75,3,235.295,246.424,2.485,9.894,66.97
JY41-5,2614.625,3,232.853,246.094,2.478,9.808,71.816
JY41-5,2614.75,3,342.241,265.573,2.489,12.722,14.338
JY41-5,2614.875,3,383.445,267.251,2.459,13.419,15.119
JY41-5,2615,5,418.372,266.23,2.432,13.646,16.956
JY41-5,2615.125,5,439.984,261.819,2.421,13.551,20.279
JY41-5,2615.25,5,435.24,254.145,2.431,13.059,26.792
JY41-5,2615.375,5,395.534,244.298,2.466,11.85,36.886
JY41-5,2615.5,5,326.75,234.854,2.518,9.94,46.304
JY41-5,2615.625,5,256.282,228.106,2.576,8.13,48.833
JY41-5,2615.75,5,213.388,226.21,2.613,7.306,42.848
JY41-5,2615.875,5,203.697,228.734,2.61,7.849,32.818
JY41-5,2616,5,210.302,234.457,2.569,9.559,23.516
JY41-5,2616.125,5,214.836,241.067,2.518,11.485,16.796
JY41-5,2616.25,5,213.092,246.825,2.481,12.634,12.651
JY41-5,2616.375,5,207.351,250.569,2.465,12.501,11.469
JY41-5,2616.5,5,198.681,252.206,2.465,11.476,13.82
JY41-5,2616.625,3,188.415,252.166,2.472,10.204,19.568
JY41-5,2616.75,3,182.427,250.89,2.48,9.304,26.249
JY41-5,2616.875,3,184.242,249.099,2.488,9.029,29.672
JY41-5,2617.625,3,190.967,247.141,2.496,9.515,28.278
JY41-5,2617.75,3,199.499,247.019,2.465,8.646,23.443
JY41-5,2617.875,3,202.452,248.231,2.462,9.069,22.022
JY41-5,2618.5,3,201.064,248.967,2.465,9.755,22.707
JY41-5,2618.625,3,174.656,247.25,2.458,9.24,24.36
JY41-5,2618.75,3,168.856,246.184,2.465,9.695,21.966
JY41-5,2619.625,3,162.439,244.483,2.469,10.233,27.822
JY41-5,2619.75,3,142.771,247.148,2.526,12.827,44.89
JY41-5,2619.875,3,138.054,249.61,2.53,14.202,34.561
JY41-5,2620.5,4,134.219,251.71,2.532,14.315,24.288
JY41-5,2620.75,4,168.608,273.406,2.535,16.95,35.107
JY56-z1,2864.75,4,186.334,239.097,2.729,19.99,37.771
JY56-z1,2865,4,183.139,237.273,2.724,18.82,38.364
JY56-z1,2865.375,4,180.382,236.383,2.714,17.588,39.994
JY56-z1,2865.5,4,178.409,237.074,2.71,17.545,40.82
JY56-z1,2865.625,4,178.192,238.154,2.703,17.407,41.743
JY56-z1,2866.375,5,152.601,223.37,2.714,13.397,71.349
JY56-z1,2866.5,5,133.628,214.84,2.744,11.741,90.943
JY56-z1,2866.75,5,104.356,202.746,2.762,10.043,152.793
JY56-z1,2867.125,5,115.596,213.184,2.684,11.452,163.46
JY56-z1,2867.25,5,131.687,221.84,2.658,12.74,130.628
JY56-z1,2867.375,5,149.31,232.963,2.648,14.258,92.214
JY56-z1,2867.625,3,177.197,254.803,2.662,17.57,49.864
JY56-z1,2867.875,3,192.797,264.676,2.681,19.717,32.84
JY56-z1,2868,4,198.527,264.848,2.688,19.396,30.062
JY56-z1,2868.25,4,202.489,264.334,2.702,18.806,27.772
JY56-z1,2868.375,4,200.754,263.861,2.708,19.299,27.537
JY56-z1,2868.625,4,198.02,262.39,2.706,19.351,29.079
JY56-z1,2868.75,4,199.364,261.685,2.701,18.796,29.802
JY56-z1,2869,4,203.933,261.522,2.695,18.61,27.495
JY56-z1,2869.25,4,200.315,263.08,2.689,19.113,24.408
JY56-z1,2869.375,4,199.042,263.997,2.688,19.239,24.848
JY56-z1,2869.5,4,200.104,264.448,2.689,19.268,26.862
JY56-z1,2869.75,4,203.809,263.232,2.699,19.294,33.652
JY56-z1,2869.875,4,202.465,261.771,2.701,19.179,36.891
JY56-z1,2870,4,198.784,259.954,2.698,18.719,39.25
JY56-z1,2870.25,4,193.824,256.697,2.691,17.834,42.147
JY56-z1,2870.375,4,194.304,256.262,2.695,17.845,43.342
JY56-z1,2870.625,4,195.741,259.285,2.695,17.786,43.948
JY56-z1,2870.875,4,199.771,265.331,2.681,17.16,42.177
JY56-z1,2871,4,204.394,268.315,2.682,16.989,40.938
JY56-z1,2871.25,4,211.455,271.449,2.673,17.146,38.432
JY56-z1,2871.5,4,226.782,268.876,2.647,17.3,37.647
JY56-z1,2871.625,4,230.538,264.967,2.633,17.252,38.078
JY56-z1,2871.75,4,224.608,260.144,2.634,16.958,38.661
JY56-z1,2872,3,200.83,249.726,2.667,15.484,39.812
JY56-z1,2872.125,3,194.706,244.837,2.68,14.583,40.752
JY56-z1,2872.25,3,193.199,240.661,2.686,13.959,40.943
JY56-z1,2874.125,4,187.071,242.143,2.665,14.255,48.152
JY56-z1,2874.25,4,186.125,243.295,2.663,14.587,44.782
JY56-z1,2874.375,4,185.95,244.358,2.663,14.769,37.12
JY56-z1,2874.5,4,185.556,244.924,2.663,14.742,26.459
JY56-z1,2874.625,4,185.417,245.329,2.663,14.632,17.044
JY56-z1,2874.75,4,186.492,245.699,2.663,14.571,11.899
JY56-z1,2875,3,190.021,245.966,2.663,14.962,12.27
JY56-z1,2875.125,3,189.493,245.589,2.664,15.356,17.547
JY56-z1,2875.25,3,189.136,244.793,2.664,15.638,25.559
JY56-z1,2875.5,3,191.197,242.298,2.666,15.247,44.38
JY56-z1,2875.625,3,189.202,241.303,2.664,14.593,53.061
JY56-z1,2875.75,3,185.499,240.591,2.66,13.94,60.186
JY56-z1,2876,3,181.968,239.408,2.655,13.66,67.595
JY56-z1,2876.125,3,182.889,238.572,2.657,13.982,68.897
JY56-z1,2876.25,3,184.038,237.444,2.663,14.189,69.171
JY56-z1,2876.5,4,180.435,234.906,2.68,13.971,70.002
JY56-z1,2876.625,4,173.312,234.057,2.687,14.009,72.361
JY56-z1,2876.75,4,164.72,233.544,2.686,14.231,75.651
JY56-z1,2877.625,3,180.531,239.221,2.655,14.002,70.858
JY56-z1,2877.75,3,185.464,239.757,2.648,14.306,65.972
JY56-z1,2877.875,3,189.524,239.646,2.642,14.393,60.21
JY56-z1,2878,3,189.772,239.903,2.64,14.259,54.73
JY56-z1,2878.125,3,187.322,240.407,2.643,14.073,50.622
JY56-z1,2878.25,3,184.482,240.931,2.649,13.917,49.277
JY56-z1,2878.375,3,181.292,241.241,2.656,13.737,50.974
JY56-z1,2878.5,3,177.188,241.159,2.665,13.588,55.22
JY56-z1,2878.625,3,173.101,240.67,2.676,13.617,60.521
JY56-z1,2880,3,176.698,245.5,2.645,14.224,69.053
JY56-z1,2880.125,3,180.847,245.249,2.644,14.565,69.449
JY56-z1,2880.25,3,185.538,244.428,2.648,14.829,68.241
JY56-z1,2883.125,3,186.201,264.913,2.641,16.821,59.908
JY56-z1,2883.25,3,188.081,265.071,2.638,17.161,62.128
JY56-z1,2883.375,3,189.515,265.097,2.633,17.337,62.31
JY56-z1,2883.625,5,193.05,265.091,2.623,17.142,60.456
JY56-z1,2884,5,185.804,264.795,2.63,15.903,59.995
JY56-z1,2884.125,5,180.803,264.706,2.634,15.724,60.941
JY56-z1,2884.25,5,179.035,265.148,2.635,15.706,61.926
JY56-z1,2884.75,4,191.306,268.203,2.619,15.597,64.643
JY56-z1,2884.875,4,191.494,267.972,2.616,15.691,65.621
JY56-z1,2886.125,3,190.466,267.539,2.634,14.365,31.394
JY56-z1,2886.25,3,191.143,267.968,2.642,14.644,26.02
JY56-z1,2886.375,3,190.942,268.856,2.645,15.093,17.415
JY56-z1,2886.75,4,190.201,272.27,2.623,16.442,10.379
JY56-z1,2886.875,4,191.312,272.557,2.622,16.263,19.524
JY56-z1,2887,4,190.751,271.908,2.622,15.844,35.838
JY56-z1,2887.875,3,184.363,268.444,2.63,14.665,63.027
JY56-z1,2888,3,185.138,268.838,2.644,14.754,54.51
JY56-z1,2888.125,3,184.536,269.326,2.657,14.718,44.174
JY56-z1,2889,3,189.27,267.933,2.622,14.504,74.522
JY56-z1,2889.125,3,187.888,265.961,2.627,14.308,77.846
JY56-z1,2889.25,3,186.128,264.033,2.632,13.964,78.829
JY56-z1,2890,3,180.871,267.685,2.613,12.646,60.419
JY56-z1,2890.125,3,183.39,268.104,2.609,12.606,61.562
JY56-z1,2890.25,3,185.988,267.901,2.609,12.663,65.667
JY56-z1,2891,3,187.658,265.427,2.61,15.226,83.328
JY56-z1,2891.125,3,185.36,265.641,2.613,15.577,84.481
JY56-z1,2891.25,3,185.304,265.625,2.615,15.554,84.657
JY56-z1,2892.125,3,190.088,262.345,2.584,13.657,76.235
JY56-z1,2892.25,3,191.606,262.193,2.576,13.148,76.551
JY56-z1,2892.375,3,192.134,262.406,2.574,12.774,78.016
JY56-z1,2893,3,206.04,262.707,2.586,13.827,92.089
JY56-z1,2893.125,3,206.639,262.014,2.584,14.266,93.812
JY56-z1,2893.25,3,206.094,260.985,2.583,14.524,94.081
JY56-z1,2893.875,3,197.798,258.876,2.581,13.777,88.539
JY56-z1,2894,3,198.72,257.888,2.578,13.766,87.83
JY56-z1,2894.125,3,201.937,256.577,2.578,13.688,88.086
JY56-z1,2894.625,3,225.633,268.316,2.609,14.663,70.406
JY56-z1,2894.75,3,232.297,274.879,2.621,15.169,47.688
JY56-z1,2894.875,3,237.981,280.058,2.628,15.445,27.835
JY56-z1,2895.5,3,230.469,271.712,2.633,15.136,27.781
JY56-z1,2895.625,3,219.259,265.931,2.642,15.381,28.299
JY56-z1,2895.75,3,211.028,260.664,2.652,14.968,27.791
JY56-z1,2896.5,3,202.826,252.122,2.626,14.181,56.741
JY56-z1,2896.625,3,211.022,252.492,2.624,13.748,53.92
JY56-z1,2896.75,3,213.836,252.878,2.626,13.207,48.623
JY56-z1,2897.375,4,201.478,247.118,2.621,12.306,33.84
JY56-z1,2897.5,4,202.957,245.983,2.625,12.286,55.149
JY56-z1,2897.625,4,203.683,245.696,2.63,12.403,79.421
JY56-z1,2898.375,4,214.601,246.731,2.623,12.928,84.329
JY56-z1,2898.5,4,213.344,247.116,2.627,12.765,92.281
JY56-z1,2898.625,4,209.516,248.093,2.627,12.485,99.248
JY56-z1,2899.125,4,209.189,250.04,2.623,11.717,75.522
JY56-z1,2899.25,4,209.761,249.581,2.616,11.476,71.29
JY56-z1,2899.375,4,213.236,249.166,2.607,11.63,71.558
JY56-z1,2900.125,3,203.368,248.531,2.593,12.421,107.591
JY56-z1,2900.25,3,200.59,250.257,2.588,12.139,105.533
JY56-z1,2900.375,3,196.759,251.841,2.589,11.918,99.981
JY56-z1,2901.125,3,207.358,251.644,2.592,11.314,32.996
JY56-z1,2901.25,3,203.285,250.595,2.594,11.132,47.976
JY56-z1,2901.375,3,200.415,250.002,2.598,11.321,73.368
JY56-z1,2902.125,3,185.318,245.169,2.579,12.166,90.739
JY56-z1,2902.25,3,187.379,246.973,2.579,12.168,95.171
JY56-z1,2902.375,3,191.92,250.404,2.581,12.569,92.557
JY56-z1,2903,3,221.162,256.914,2.587,11.829,31.738
JY56-z1,2903.125,3,214.866,254.28,2.598,11.323,40.406
JY56-z1,2903.25,3,205.511,252.369,2.611,11.245,57.322
JY51-2,3050.875,5,181.742,87.178,232.763,2.647,15.981
JY51-2,3051,5,175.43,87.082,230.376,2.645,16.008
JY51-2,3051.125,5,167.55,87.023,226.242,2.64,15.857
JY51-2,3051.25,5,157.413,87.017,219.731,2.64,14.985
JY51-2,3051.375,5,143.621,87.044,211.483,2.656,13.185
JY51-2,3051.5,5,127.417,87.084,202.526,2.686,11.071
JY51-2,3051.625,5,113.334,87.133,194.479,2.72,9.548
JY51-2,3051.75,5,105.441,87.207,189.479,2.743,8.991
JY51-2,3051.875,5,104.238,87.309,188.758,2.749,9.221
JY51-2,3052,5,107.913,87.43,192.031,2.741,10.009
JY51-2,3052.125,5,115.207,87.58,198.443,2.723,11.332
JY51-2,3052.75,4,159.607,89.594,237.711,2.633,18.091
JY51-2,3052.875,4,161.003,90.077,240.227,2.635,18.433
JY51-2,3053,4,162.138,90.503,242.53,2.639,18.745
JY51-2,3053.75,4,192.832,93.346,253.755,2.668,20.975
JY51-2,3053.875,4,195.509,93.915,254.021,2.671,20.935
JY51-2,3054,4,196.842,94.448,254.741,2.672,20.968
JY51-2,3054.75,4,199.708,96.034,257.956,2.679,22.316
JY51-2,3054.875,4,198.12,96.168,256.577,2.678,21.955
JY51-2,3055,4,197.041,96.353,254.771,2.676,21.615
JY51-2,3055.75,4,198.012,96.834,247.534,2.681,19.692
JY51-2,3055.875,4,198.917,96.652,248.479,2.684,19.852
JY51-2,3056,4,200.281,96.473,249.495,2.683,20.101
JY51-2,3056.75,4,188.383,95.618,248.786,2.675,21.278
JY51-2,3056.875,4,187.104,95.502,248.304,2.68,21.464
JY51-2,3057,4,186.594,95.338,247.955,2.686,21.149
JY51-2,3057.75,4,188.286,93.883,248.046,2.695,19.871
JY51-2,3057.875,4,188.588,93.79,248.527,2.692,19.678
JY51-2,3058,4,188.402,93.722,248.81,2.687,19.752
JY51-2,3058.75,4,194.526,93.223,250.505,2.67,20.477
JY51-2,3058.875,4,198.933,93.494,251.752,2.669,20.502
JY51-2,3059,4,199.656,93.937,252.394,2.668,20.433
JY51-2,3059.75,4,196.919,95.239,250.387,2.687,19.612
JY51-2,3059.875,4,196.461,95.096,250.166,2.683,19.423
JY51-2,3060,4,197.179,94.976,249.718,2.672,19.115
JY51-2,3060.75,4,194.546,94.353,243.558,2.663,17.28
JY51-2,3060.875,4,194.005,94.265,243.729,2.66,17.544
JY51-2,3061,4,192.133,94.219,243.276,2.661,18.054
JY51-2,3061.75,4,190.989,94.297,244.255,2.667,18.207
JY51-2,3061.875,4,192.788,94.321,245.265,2.66,18.084
JY51-2,3062,4,193.159,94.302,245.833,2.658,18.25
JY51-2,3062.75,4,196.484,94.451,248.944,2.69,19.15
JY51-2,3062.875,4,197.961,94.478,250.999,2.695,19.413
JY51-2,3063,4,197.691,94.451,252.028,2.693,19.591
JY51-2,3063.75,4,204.037,94.499,252.987,2.653,19.914
JY51-2,3063.875,4,205.067,94.53,253.797,2.656,20.388
JY51-2,3064,4,206.055,94.537,254.836,2.656,20.517
JY51-2,3064.75,4,209.6,94.474,255.792,2.627,19.255
JY51-2,3064.875,4,209.411,94.422,255.453,2.624,19.169
JY51-2,3065,4,211.269,94.392,255.821,2.621,19.144
JY51-2,3065.75,4,228.722,94.749,258.981,2.65,19.237
JY51-2,3065.875,4,230.068,94.801,258.235,2.648,18.263
JY51-2,3066,4,226.645,94.803,257.17,2.638,17.735
JY51-2,3066.75,4,213.593,93.531,251.274,2.623,17.387
JY51-2,3066.875,4,216.469,93.407,251.967,2.626,17.305
JY51-2,3067,4,219.479,93.413,252.617,2.632,17.526
JY51-2,3067.75,4,222.793,94.041,248.274,2.641,17.389
JY51-2,3067.875,4,222.377,94.182,248.446,2.658,17.136
JY51-2,3068,4,220.049,94.443,248.762,2.683,16.877
JY51-2,3068.75,4,175.776,97.033,224.993,2.764,14.998
JY51-2,3068.875,4,163.135,97.229,221.863,2.765,13.797
JY51-2,3069,4,165.213,97.349,224.016,2.75,13.613
JY51-2,3069.625,4,217.704,98.292,258.5,2.643,20.11
JY51-2,3069.75,4,211.116,98.532,259.819,2.647,19.675
JY51-2,3069.875,4,209.662,98.742,261.527,2.656,19.527
JY51-2,3070.75,4,218.409,99.046,266.085,2.658,21.047
JY51-2,3070.875,4,215.081,99.143,266.848,2.66,20.799
JY51-2,3071,4,211.919,99.337,268.001,2.662,20.817
JY51-2,3071.75,4,210.497,101.04,269.579,2.67,21.749
JY51-2,3071.875,4,210.757,101.213,270.178,2.666,21.713
JY51-2,3072,4,210.919,101.341,270.681,2.663,21.777
JY51-2,3072.75,4,217.588,101.354,271.951,2.638,21.511
JY51-2,3072.875,4,219.99,101.315,273.069,2.643,21.849
JY51-2,3073,4,222.261,101.272,272.893,2.653,22.454
JY51-2,3073.75,4,216.372,100.076,264.722,2.687,21.182
JY51-2,3073.875,4,216.792,99.797,264.241,2.684,21.02
JY51-2,3074,4,216.262,99.578,263.74,2.683,21.062
JY51-2,3074.5,4,207.473,99.147,265.941,2.668,21.349
JY51-2,3074.625,4,207.258,98.987,265.13,2.667,21.476
JY51-2,3074.75,4,206.158,98.757,262.285,2.671,21.326
JY51-2,3075.75,4,222.267,95.182,264.399,2.666,22.005
JY51-2,3075.875,4,222.459,95.045,264.341,2.669,21.038
JY51-2,3076,4,223.23,94.948,264.183,2.667,20.398
JY51-2,3076.75,4,187.233,94.849,239.591,2.682,16.351
JY51-2,3076.875,4,183.019,94.883,240.37,2.688,15.949
JY51-2,3077,4,186.233,94.936,245.054,2.677,16.777
JY51-2,3077.75,4,222.666,94.686,263.552,2.649,22.875
JY51-2,3077.875,4,222.648,94.437,264.627,2.649,22.477
JY51-2,3078,4,219.95,94.265,265.859,2.647,22.128
JY51-2,3078.75,4,206.502,93.212,266.413,2.645,20.793
JY51-2,3078.875,4,207.183,93.034,266.307,2.649,20.767
JY51-2,3079,4,209.669,92.941,266.058,2.655,20.793
JY51-2,3079.75,4,200.463,91.875,261.617,2.664,19.061
JY51-2,3079.875,4,197.487,91.664,259.486,2.668,18.976
JY51-2,3080,4,197.418,91.514,258.809,2.669,19.121
JY51-2,3080.75,4,206.696,89.437,279.331,2.658,21.014
JY51-2,3080.875,4,210.274,89.177,275.028,2.652,20.066
JY51-2,3081,4,212.296,89.116,268.462,2.644,19.864
JY51-2,3081.75,4,204.642,89.681,264.619,2.669,20.2
JY51-2,3081.875,4,200.055,89.548,263.733,2.682,19.533
JY51-2,3082,4,193.909,89.398,259.144,2.685,18.333
JY51-2,3082.75,4,176.19,87.801,237.718,2.649,16.262
JY51-2,3082.875,4,175.625,87.568,238.136,2.647,16.515
JY51-2,3083,4,176.26,87.406,238.105,2.645,16.495
JY51-2,3083.75,4,173.385,85.406,237.481,2.646,15.129
JY51-2,3083.875,4,173.186,84.851,238.524,2.645,15.297
JY51-2,3084,4,174.259,84.322,239.576,2.641,15.846
JY51-2,3084.75,4,183.019,82.528,239.69,2.632,16.657
JY51-2,3084.875,4,184.422,82.42,240.398,2.634,16.853
JY51-2,3085,4,186.361,82.304,240.877,2.638,16.721
JY51-2,3085.625,4,171.218,81.6,233.919,2.67,14.75
JY51-2,3085.75,4,170.72,81.544,233.292,2.66,14.929
JY51-2,3085.875,4,175.23,81.565,233.541,2.647,15.058
JY51-2,3086.75,4,183.576,83.242,241.113,2.618,15.662
JY51-2,3086.875,4,182.357,83.777,242.114,2.613,15.794
JY51-2,3087,4,182.943,84.264,243.098,2.61,15.805
JY51-2,3087.75,4,183.292,84.131,242.928,2.624,15.076
JY51-2,3087.875,4,178.57,82.913,241.339,2.617,15.153
JY51-2,3088,4,176.388,82.061,240.493,2.615,15.418
JY51-2,3088.625,4,168.557,81.252,238.547,2.648,14.481
JY51-2,3088.75,4,166.05,81.988,237.538,2.65,14.11
JY51-2,3088.875,4,165.266,82.631,236.706,2.65,14.017
JY51-2,3089.75,4,183.617,83.744,245.566,2.622,16.216
JY51-2,3089.875,4,184.631,83.621,245.621,2.616,16.268
JY51-2,3090,4,184.048,83.586,245.346,2.614,16.319
JY51-2,3091.125,4,202.465,85.976,240.095,2.641,14.182
JY51-2,3091.25,4,218.361,86.227,240.292,2.646,14.612
JY51-2,3091.375,4,230.36,86.293,240.653,2.647,14.876
JY51-2,3091.75,4,230.973,85.625,239.344,2.651,14.161
JY51-2,3091.875,4,224.817,85.462,238.394,2.656,14.195
JY51-2,3092,4,215.501,85.426,237.502,2.66,14.48
JY51-2,3092.75,4,180.91,84.711,232.359,2.646,15.002
JY51-2,3092.875,4,182.833,84.622,232.57,2.646,15.086
JY51-2,3093,4,187.042,84.543,233.165,2.646,15.355
JY51-2,3093.75,4,190.698,84.338,237.722,2.648,16.106
JY51-2,3093.875,4,188.154,84.231,239.305,2.646,16.317
JY51-2,3094,4,186.204,84.058,240.33,2.642,16.415
JY51-2,3094.75,4,194.543,82.812,245.858,2.636,15.757
JY51-2,3094.875,4,194.153,82.702,246.051,2.641,15.492
JY51-2,3095,4,192.255,82.653,245.731,2.64,15.321
JY51-2,3095.75,4,187.398,81.786,241.298,2.615,16.553
JY51-2,3095.875,4,187.586,81.588,238.998,2.614,16.617
JY51-2,3096,4,188.935,81.429,236.696,2.615,16.356
JY51-2,3096.75,3,182.256,80.686,236.111,2.637,15.29
JY51-2,3096.875,3,180.725,80.617,235.613,2.638,15.253
JY51-2,3097,3,180.748,80.611,234.721,2.634,15.251
JY51-2,3097.75,4,182.415,80.379,225.109,2.659,13.685
JY51-2,3097.875,4,187.478,80.234,226.643,2.654,14.005
JY51-2,3098,4,190.779,80.15,230.041,2.645,14.727
JY51-2,3098.75,4,179.885,81.244,236.418,2.627,15.756
JY51-2,3098.875,4,177.437,81.558,235.154,2.634,15.468
JY51-2,3099,4,177.88,81.85,234.234,2.64,15.266
JY51-2,3099.75,4,180.313,82.744,234.413,2.627,15.763
JY51-2,3099.875,4,181.074,83.015,235.256,2.623,15.494
JY51-2,3100,4,182.266,83.337,237,2.621,15.262
JY51-2,3100.75,4,177.452,83.828,242.727,2.63,16.66
JY51-2,3100.875,4,179.555,83.782,242.597,2.634,16.198
JY51-2,3101,4,182.562,83.804,242.734,2.641,15.344
JY51-2,3101.75,4,193.25,84.322,244.073,2.628,14.839
JY51-2,3101.875,4,194.613,84.565,243.82,2.631,14.864
JY51-2,3102,4,195.716,84.759,243.292,2.639,15.129
JY51-2,3102.75,3,175.825,84.324,238.701,2.675,14.182
JY51-2,3102.875,3,170.635,84.353,239.118,2.665,14.142
JY51-2,3103,3,168.991,84.436,239.973,2.652,14.285
JY51-2,3103.75,4,197.258,85.372,247.915,2.617,17.747
JY51-2,3103.875,4,199.402,85.464,249.876,2.619,17.93
JY51-2,3104,4,197.59,85.54,250.902,2.62,17.539
JY51-2,3104.625,4,191.839,86.394,247.279,2.644,15.964
JY51-2,3104.75,4,190.085,86.502,248.9,2.655,16.004
JY51-2,3104.875,4,190.832,86.585,251.367,2.659,16.306
JY51-2,3105.75,4,173.356,87.839,245.236,2.6,15.183
JY51-2,3105.875,4,171.859,87.918,247.503,2.599,15.334
JY51-2,3106,4,175.51,88.022,249.679,2.6,16.21
JY51-2,3106.75,4,186.727,87.7,260.408,2.591,17.156
JY51-2,3106.875,4,188.457,87.796,259.774,2.59,17.114
JY51-2,3107,4,190.33,88.001,259.282,2.593,17.138
JY51-2,3107.625,4,191.686,89.99,258.479,2.599,16.012
JY51-2,3107.75,4,189.283,90.387,258.381,2.602,16.106
JY51-2,3107.875,4,188.522,90.733,258.264,2.605,16.294
JY51-2,3108.75,4,188.018,90.599,260.561,2.627,17.65
JY51-2,3108.875,4,189.291,90.112,261.824,2.611,17.994
JY51-2,3109,4,187.283,89.679,262.484,2.604,17.948
JY51-2,3109.75,4,178.96,88.9,256.354,2.592,16.803
JY51-2,3109.875,4,180.471,89.038,255.716,2.585,16.203
JY51-2,3110,4,179.885,89.251,255.325,2.578,15.646
JY51-2,3110.75,4,191.847,90.7,258.683,2.582,17.069
JY51-2,3110.875,4,191.334,90.663,258.805,2.583,16.888
JY51-2,3111,4,189.526,90.479,257.747,2.587,16.755
JY51-2,3111.75,4,170.925,87.538,253.283,2.606,15.614
JY51-2,3111.875,4,179.531,87.141,255.058,2.591,15.814
JY51-2,3112,4,185.418,86.788,256.05,2.579,16.133
JY51-2,3112.75,4,183.183,84.56,252.286,2.564,15.553
JY51-2,3112.875,4,181.664,84.454,251.849,2.573,15.181
JY51-2,3113,4,180.4,84.462,252.493,2.588,15.046
JY51-2,3113.75,3,181.889,85.093,250.357,2.584,15.285
JY51-2,3113.875,3,183.554,85.067,249.723,2.583,14.805
JY51-2,3114,3,187.087,85.001,249.924,2.579,14.338
JY51-2,3114.75,4,207.024,86.456,253.426,2.56,15.137
JY51-2,3114.875,4,210.453,86.92,254.503,2.561,15.668
JY51-2,3115,4,213.125,87.299,255.602,2.562,16.205
JY51-2,3115.75,4,238.033,89.027,264.561,2.592,17.495
JY51-2,3115.875,4,241.981,89.286,266.56,2.6,17.762
JY51-2,3116,4,244.594,89.464,267.363,2.6,17.748
JY51-2,3116.625,4,223.049,89.409,249.022,2.588,16.012
JY51-2,3116.75,4,216.3,89.218,247.431,2.601,15.622
JY51-2,3116.875,4,212.292,88.934,246.204,2.609,15.316
JY51-2,3117.75,4,210.991,86.973,246.045,2.625,14.509
JY51-2,3117.875,4,212.119,87.043,247.447,2.616,14.751
JY51-2,3118,4,211.245,87.143,247.467,2.611,14.8
JY51-2,3118.75,4,201.062,86.065,240.596,2.623,13.046
JY51-2,3118.875,4,201.109,85.742,239.036,2.628,12.916
JY51-2,3119,4,200.958,85.385,237.898,2.636,13.127
JY51-2,3119.75,4,216.691,81.938,246.712,2.602,14.572
JY51-2,3119.875,4,216.053,81.805,245.754,2.599,14.861
JY51-2,3120,4,213.587,81.84,244.913,2.596,14.884
JY51-2,3120.75,4,203.315,80.841,237.562,2.613,12.928
JY51-2,3120.875,4,204.388,80.329,238.04,2.608,13.13
JY51-2,3121,4,206.197,79.91,240.751,2.596,13.837
JY51-2,3121.75,3,197.751,82.348,243.829,2.59,13.681
JY51-2,3121.875,3,199.076,83.353,242.273,2.591,13.563
JY51-2,3122,3,200.575,84.303,242.398,2.597,13.482
JY51-2,3122.75,3,199.617,87.188,244.583,2.581,13.715
JY51-2,3122.875,3,194.529,87.296,243.245,2.579,12.95
JY51-2,3123,3,190.145,87.344,242.455,2.581,12.607
JY51-2,3123.75,4,177.034,87.803,239.938,2.579,12.483
JY51-2,3123.875,4,179.197,87.828,240.999,2.579,12.668
JY51-2,3124,4,187.739,87.895,243.036,2.584,12.891
JY51-2,3124.75,3,220.514,88.132,243.152,2.558,13.977
JY51-2,3124.875,3,209.618,88.021,241.784,2.554,13.058
JY51-2,3125,3,200.075,87.938,241.279,2.553,12.377
JY51-2,3125.75,3,195.766,87.596,240.133,2.59,12.956
JY51-2,3125.875,3,198.144,87.496,241.758,2.586,12.266
JY51-2,3126,3,200.502,87.365,243.396,2.577,11.892
JY51-2,3126.75,3,210.597,87.254,241.373,2.554,12.549
JY51-2,3126.875,3,213.353,87.307,240.899,2.562,12.874
JY51-2,3127,3,215.856,87.332,241.125,2.565,13.187
JY51-2,3127.75,3,220.436,86.589,248.18,2.541,12.897
JY51-2,3127.875,3,219.861,86.496,247.951,2.535,12.769
JY51-2,3128,3,217.983,86.474,247.286,2.531,12.637
JY51-2,3128.75,3,208.031,86.716,248.064,2.554,13.1
JY51-2,3128.875,3,208.617,86.818,248.603,2.547,13.139
JY51-2,3129,3,211.984,86.998,248.504,2.54,13.074
JY51-2,3129.75,3,206.528,88.497,247.599,2.548,12.015
JY51-2,3129.875,3,205.527,88.696,247.745,2.541,11.904
JY51-2,3130,3,206.843,88.952,247.091,2.535,11.731
JY51-2,3130.75,3,209.244,91.377,248.962,2.554,12.227
JY51-2,3130.875,3,212.2,91.659,249.2,2.542,12.254
JY51-2,3131,3,214.879,91.839,248.329,2.533,12.17
JY51-2,3131.75,3,219.961,91.684,245.635,2.561,12.059
JY51-2,3131.875,3,235.09,91.747,245.432,2.565,12.672
JY51-2,3132,3,253.443,91.821,246.053,2.567,13.445
JY51-2,3132.75,3,241.844,91.023,253.556,2.557,12.637
JY51-2,3132.875,3,236.655,90.954,252.149,2.549,12.715
JY51-2,3133,3,238.573,90.992,251.41,2.541,13.08
JY51-2,3133.75,3,233.777,93.004,252.517,2.524,12.706
JY51-2,3133.875,3,232.485,93.637,252.896,2.526,12.44
JY51-2,3134,3,232.517,94.347,253.473,2.528,12.481
JY51-2,3134.875,4,332.175,97.994,262.229,2.56,15.977
JY51-2,3135,4,341.333,98.232,261.22,2.549,16.073
JY51-2,3135.125,4,336.199,98.39,258.747,2.535,15.556
JY51-2,3135.75,3,276.671,98.397,248.399,2.54,12.583
JY51-2,3135.875,3,272.344,98.358,246.653,2.532,12.587
JY51-2,3136,3,266.95,98.324,244.615,2.522,12.574
JY51-2,3136.75,3,274.743,99,242.686,2.496,10.65
JY51-2,3136.875,3,293.19,99.162,246.378,2.507,10.741
JY51-2,3137,3,322.456,99.329,250.973,2.522,11.043
JY51-2,3138.25,3,404.745,100.284,250.672,2.455,11.309
JY51-2,3138.375,3,436.878,100.292,251.91,2.454,11.41
JY51-2,3138.5,3,457.92,100.375,253.352,2.457,11.954
JY51-2,3139.75,3,244.393,102.668,243.332,2.543,9.72
JY51-2,3139.875,3,232.701,102.827,247.44,2.516,10.917
JY51-2,3140,3,225.779,102.938,249.809,2.503,11.382
JY51-2,3140.75,3,217.185,103.791,241.879,2.52,10.56
JY51-2,3140.875,3,221.863,103.61,239.404,2.506,10.544
JY51-2,3141,3,225.801,103.315,238.477,2.495,10.508
JY51-2,3141.75,3,194.118,101.821,237.229,2.49,9.914
JY51-2,3141.875,3,184.389,102.104,236.011,2.492,9.918
JY51-2,3142,3,176.891,102.628,235.113,2.497,9.992
JY51-2,3142.75,4,159.184,104.986,252.069,2.548,15.175
JY51-2,3142.875,4,155.465,104.954,254.036,2.562,14.436
JY51-2,3143,4,155.957,104.782,254.702,2.564,13.825
JY51-2,3143.75,4,193.836,101.402,268.561,2.523,18.442
JY51-2,3143.875,4,195.247,100.645,271.254,2.559,18.693
JY51-2,3144,4,196.91,99.903,273.09,2.613,18.967
JY51-2,3144.75,4,160.242,96.731,226.812,2.753,15.495
JY51-2,3144.875,4,137.797,96.323,216.495,2.755,13.76
JY51-2,3145,4,110.346,95.926,205.372,2.754,11.296
JY11-4,2251,1,153.283,208.917,2.637,7.845,36.85
JY11-4,2252.125,1,131.242,229.899,2.682,19.377,51.297
JY11-4,2252.25,1,112.105,220.857,2.681,14.774,79.479
JY11-4,2252.375,1,99.377,206.779,2.676,9.741,107.584
JY11-4,2252.5,1,98.209,192.924,2.666,6.413,123.158
JY11-4,2252.625,1,102.866,187.758,2.655,5.178,125.878
JY11-4,2252.75,1,103.858,188.059,2.65,5.889,128.512
JY11-4,2252.875,1,96.011,186.762,2.65,7.578,148.829
JY11-4,2253.5,1,91.981,184.692,2.644,5.037,164.723
JY11-4,2253.625,1,97.823,188.307,2.641,6.261,133.042
JY11-4,2253.75,1,101.556,190.935,2.641,7.869,113.819
JY11-4,2253.875,1,103.668,193.752,2.643,9.147,106.326
JY11-4,2254,1,103.168,194.265,2.647,9.968,103.094
JY11-4,2254.125,1,100.926,192.839,2.65,10.166,97.537
JY11-4,2254.25,1,99.986,194.152,2.649,9.628,92.361
JY11-4,2255,1,79.855,186.602,2.631,6.601,571.954
JY11-4,2255.125,1,79.181,182.998,2.621,4.782,675.917
JY11-4,2255.25,1,80.43,181.274,2.614,3.858,606.046
JY11-4,2255.375,1,85.225,182.225,2.611,3.68,408.841
JY11-4,2255.5,1,96.691,191.798,2.613,4.138,202.776
JY11-4,2255.625,1,115.082,208.854,2.619,5.539,87.763
JY11-4,2255.75,1,131.424,224.409,2.629,8.43,50.664
JY11-4,2255.875,1,136.17,231.133,2.642,13.492,50.002
JY11-4,2256,1,124.485,229.295,2.653,18.713,76.383
JY11-4,2256.125,1,105.093,217.858,2.653,18.462,162.653
JY11-4,2256.25,1,87.226,201.19,2.637,12.043,345.046
JY11-4,2256.375,1,77.1,187.589,2.613,6.545,554.175
JY11-4,2256.5,1,73.577,182.959,2.595,3.626,679.104
JY11-4,2256.625,1,75.087,183.193,2.59,2.78,632.424
JY11-4,2256.75,1,81.11,185.263,2.596,2.96,469.431
JY11-4,2256.875,1,91.729,188.139,2.605,3.865,283.422
JY11-4,2257,1,107.123,192.85,2.611,5.45,148.261
JY11-4,2257.125,1,124.002,202.108,2.614,7.823,72.351
JY11-4,2257.25,1,137.271,213.685,2.617,11.445,43.555
JY11-4,2257.375,1,142.172,220.088,2.62,16.535,35.054
JY11-4,2257.5,1,139.292,220.458,2.622,21.474,35.206
JY11-4,2257.625,1,132.202,219.655,2.622,22.118,42.007
JY11-4,2257.75,1,123.149,214.159,2.625,17.654,54.888
JY11-4,2257.875,1,112.639,204.316,2.63,12.366,75.74
JY11-4,2258,1,101.948,199.191,2.634,8.784,113.562
JY11-4,2258.125,1,94.431,196.903,2.635,6.484,166.444
JY11-4,2258.25,1,90.457,191.98,2.632,4.964,219.516
JY11-4,2258.375,1,88.139,188.737,2.631,4.158,253.164
JY11-4,2258.5,1,85.953,189.158,2.633,4.072,269.949
JY11-4,2258.625,1,84.202,188.997,2.638,4.561,288.069
JY11-4,2258.75,1,82.544,187.12,2.644,5.112,323.127
JY11-4,2258.875,1,80.163,185.324,2.65,5.225,366.696
JY11-4,2259,1,78.11,183.991,2.655,4.87,399.012
JY11-4,2259.125,1,78.157,184.253,2.658,4.574,407.95
JY11-4,2259.25,1,80.097,184.64,2.657,4.675,387.717
JY11-4,2259.375,1,83.282,183.201,2.649,5.091,329.747
JY11-4,2259.5,1,88.966,181.381,2.641,5.465,248.499
JY11-4,2259.625,1,96.921,182.475,2.639,5.801,170.091
JY11-4,2259.75,1,102.749,184.566,2.649,6.468,126.771
JY11-4,2259.875,1,99.56,184.798,2.665,7.419,125.637
JY11-4,2260,1,87.872,183.278,2.681,7.886,184.791
JY11-4,2260.125,1,72.961,179.953,2.693,7.131,326.5
JY11-4,2260.25,1,61.906,175.394,2.698,5.708,522.517
JY11-4,2260.375,1,56.331,174.03,2.697,4.484,701.685
JY11-4,2260.5,1,56.033,177.54,2.692,3.824,804.021
JY11-4,2260.625,1,58.805,182.922,2.682,3.595,835.138
JY11-4,2260.75,1,62.122,188.135,2.672,3.566,830.346
JY11-4,2260.875,1,64.706,194.746,2.663,3.488,822.724
JY11-4,2261,1,66.467,203.228,2.655,3.329,819.886
JY11-4,2261.125,1,67.268,209.632,2.647,3.22,815.633
JY11-4,2261.25,1,67.183,209.857,2.636,3.236,794.861
JY11-4,2261.375,1,66.982,206.245,2.627,3.31,747.377
JY11-4,2261.5,1,67.337,199.549,2.62,3.386,678.869
JY11-4,2270,1,164.005,235.474,2.691,20.065,22.815
JY11-4,2270.125,1,163.181,235.905,2.69,21.112,22.714
JY41-5,2502.25,1,170.613,233.924,2.718,17.547,40.182
JY41-5,2502.375,1,166.583,232.456,2.712,17.151,41.119
JY41-5,2502.5,1,160.729,231.785,2.707,16.575,41.041
JY41-5,2502.625,1,158.16,232.531,2.704,15.951,39.762
JY41-5,2503.375,1,171.199,242.725,2.726,21.066,31.972
JY41-5,2503.5,1,174.744,243.383,2.734,20.106,30.969
JY41-5,2503.625,1,176.548,244.149,2.736,19.882,30.018
JY41-5,2508,1,89.398,198.598,2.66,3.901,431.399
JY41-5,2508.125,1,90.29,198.407,2.665,4.075,385.632
JY41-5,2508.25,1,90.675,198.382,2.666,4.431,341.263
JY41-5,2508.375,1,90.239,198.727,2.664,4.871,296.333
JY41-5,2508.5,1,90.293,199.637,2.662,5.296,257.244
JY41-5,2508.625,1,92.36,200.983,2.661,5.784,233.623
JY41-5,2508.75,1,95.2,202.542,2.661,6.464,230.548
JY41-5,2508.875,1,95.399,203.84,2.658,7.242,248.694
JY41-5,2509,1,92.413,204.339,2.655,7.767,289.88
JY41-5,2509.125,1,88.891,203.738,2.649,7.494,355.544
JY41-5,2509.25,1,86.698,202.094,2.643,6.54,433.505
JY41-5,2509.375,1,85.319,199.835,2.638,5.277,519.287
JY41-5,2509.5,1,84.053,197.367,2.633,4.203,618.275
JY41-5,2509.625,1,83.363,195.333,2.626,3.509,712.277
JY41-5,2509.75,1,84.698,194.182,2.616,3.117,761.528
JY41-5,2509.875,1,88.621,194.229,2.606,2.863,727.02
JY41-5,2510,1,94.56,195.297,2.599,2.785,641.64
JY41-5,2510.125,1,101.495,197.098,2.594,3.095,547.663
JY41-5,2510.25,1,107.449,199.423,2.587,3.795,478.468
JY41-5,2510.375,1,111.332,201.981,2.576,4.631,445.745
JY41-5,2510.5,1,111.996,204.724,2.568,5.275,463.516
JY41-5,2510.625,1,108.866,207.803,2.569,5.626,541.667
JY41-5,2510.75,1,102.677,211.188,2.577,5.651,694.131
JY41-5,2510.875,1,95.448,214.656,2.583,5.201,939.022
JY41-5,2511,1,89.072,217.661,2.579,4.397,1210.787
JY41-5,2511.125,1,84.427,219.639,2.567,3.52,1406.589
JY41-5,2511.25,1,83.135,219.946,2.553,2.932,1413.531
JY41-5,2511.375,1,86.135,218.708,2.542,2.767,1234.17
JY41-5,2511.5,1,93.129,217.077,2.538,3.023,909.025
JY41-5,2511.625,1,102.801,216.58,2.545,3.46,541.507
JY41-5,2511.75,1,116.386,218.187,2.563,4.001,251.589
JY41-5,2511.875,1,136.575,222.339,2.591,5.132,99.961
JY41-5,2512,1,160.315,229.064,2.624,7.851,51.231
JY41-5,2512.125,1,180.526,236.33,2.66,13.402,36.883
JY41-5,2512.25,1,188.658,242.226,2.693,32.861,31.874
JY41-5,2512.375,1,187.331,245.357,2.719,32.008,30.915
JY41-5,2512.5,1,182.253,246.017,2.737,28.112,32.286
JY41-5,2512.625,1,177.715,244.469,2.749,25.762,34.92
JY41-5,2512.75,1,173.028,241.397,2.756,23.035,38.647
JY41-5,2512.875,1,167.059,237.604,2.757,19.963,44.293
JY41-5,2514.125,1,149.036,219.814,2.697,13.099,64.661
JY41-5,2514.25,1,149.769,222.147,2.701,15.646,62.558
JY41-5,2514.375,1,149.604,223.473,2.704,16.59,60.834
JY41-5,2514.5,1,149.746,224.726,2.703,15.962,57.022
JY41-5,2514.625,1,151.69,226.732,2.699,14.879,50.716
JY41-5,2514.75,1,156.551,230.062,2.696,14.817,43.779
JY41-5,2516,1,179.744,241.529,2.721,19.933,41.156
JY41-5,2516.125,1,176.27,238.953,2.718,19.015,44.236
JY41-5,2516.25,1,171.798,236.415,2.714,18.067,46.949
JY41-5,2516.375,1,168.34,234.147,2.711,17.22,48.653
JY41-5,2517.375,1,67.229,194.375,2.721,5.722,983.152
JY41-5,2517.5,1,57.202,187.77,2.721,3.086,1262.004
JY41-5,2517.625,1,54.608,183.86,2.72,1.783,1277.254
JY41-5,2518,1,59.953,186.926,2.683,2.289,1099.338
JY41-5,2518.125,1,60.121,189.957,2.667,2.393,1263.724
JY41-5,2518.25,1,60.273,192.652,2.651,2.114,1413.136
JY41-5,2518.375,1,61.048,194.865,2.634,1.649,1419.704
JY41-5,2518.5,1,62.489,196.416,2.621,1.302,1232.158
JY41-5,2518.625,1,64.5,197.491,2.614,1.301,931.813
JY41-5,2518.75,1,68.112,199.014,2.608,1.719,616.569
JY41-5,2518.875,1,77.557,201.797,2.604,2.482,353.4
JY41-5,2519,1,95.925,206.39,2.609,3.515,172.146
JY41-5,2519.125,1,122.782,212.937,2.628,5.146,77.845
JY41-5,2519.25,1,150.702,221.363,2.661,8.282,47.696
JY41-5,2519.375,1,172.899,230.303,2.693,15.051,36.508
JY41-5,2519.5,1,186.824,238.368,2.714,25.997,32.169
JY41-5,2519.625,1,194.064,244.451,2.721,27.088,30.961
JY41-5,2519.75,1,196.473,248.338,2.723,26.14,31.046
JY41-5,2519.875,1,195.612,250.147,2.727,24.584,31.804
JY41-5,2520,1,193.074,250.169,2.729,23.685,33.009
JY56-z1,2850.5,1,181.624,219.336,2.733,18.596,74.969
JY56-z1,2850.625,1,175.532,214.466,2.731,17.52,130.747
JY56-z1,2850.75,1,167.215,208.01,2.728,15.923,205.017
JY56-z1,2850.875,1,156.31,203.385,2.724,13.959,264.884
JY56-z1,2851,1,142.783,198.718,2.719,12.011,294.022
JY56-z1,2851.125,1,129.831,193.254,2.715,10.32,296.527
JY56-z1,2851.25,1,121.653,195.31,2.71,9.064,288.777
JY56-z1,2851.375,1,117.821,201.337,2.707,8.318,272.296
JY56-z1,2851.5,1,117.349,207.898,2.704,8.196,242.8
JY56-z1,2851.625,1,120.561,212.349,2.703,8.712,207.303
JY56-z1,2851.75,1,128.202,218.369,2.701,9.75,175.406
JY56-z1,2851.875,1,138.768,223.733,2.699,11.119,152.239
JY56-z1,2852,1,148.658,227.805,2.698,12.36,131.599
JY56-z1,2855.5,1,123.936,221.486,2.693,10.65,109.772
JY56-z1,2855.625,1,138.077,227.815,2.702,12.138,104.177
JY56-z1,2855.75,1,157.527,231.036,2.712,13.92,88.11
JY56-z1,2855.875,1,173.599,233.573,2.718,15.053,70.641
JY56-z1,2856,1,179.531,235.512,2.718,15.016,59.083
JY56-z1,2857.125,1,143.246,230.967,2.643,9.648,66.354
JY56-z1,2857.25,1,115.554,223.34,2.634,7.268,105.099
JY56-z1,2857.375,1,97.285,211.666,2.633,5.576,185.81
JY56-z1,2857.5,1,88.442,198.533,2.631,4.67,308.011
JY56-z1,2857.625,1,85.757,193.633,2.625,4.498,423.893
JY56-z1,2857.75,1,89.945,197.679,2.618,5.15,444.724
JY56-z1,2857.875,1,102.954,203.097,2.608,6.589,354.969
JY56-z1,2858,1,122.538,208.713,2.591,8.419,216.437
JY56-z1,2858.125,1,138.085,212.239,2.571,9.659,120.466
JY56-z1,2858.25,1,139.593,212.103,2.567,9.006,85.569
JY56-z1,2858.375,1,125.024,208.472,2.588,6.895,91.914
JY56-z1,2858.5,1,102.122,201.853,2.621,4.737,158.723
JY56-z1,2858.625,1,80.944,193.841,2.65,3.321,355.935
JY56-z1,2858.75,1,66.77,187.124,2.663,2.659,725.516
JY56-z1,2858.875,1,60.311,181.812,2.659,2.568,1161.286
JY56-z1,2859,1,59.364,178.297,2.645,2.705,1508.01
JY56-z1,2859.125,1,61.256,177.375,2.631,2.925,1671.102
JY56-z1,2859.25,1,63.627,178.562,2.619,3.173,1709.227
JY56-z1,2859.375,1,65.753,179.888,2.609,3.405,1699.068
JY56-z1,2859.5,1,67.127,181.135,2.6,3.543,1669.77
JY56-z1,2859.625,1,67.825,183.455,2.594,3.6,1613.424
JY56-z1,2859.75,1,68.768,185.42,2.593,3.693,1510.468
JY56-z1,2859.875,1,71.49,185.05,2.595,3.894,1358.773
JY56-z1,2860,1,74.991,184.353,2.598,4.105,1203.086
JY56-z1,2860.125,1,76.854,183.379,2.6,4.226,1086.569
JY56-z1,2860.25,1,75.214,182.324,2.599,4.249,1027.193
JY56-z1,2860.375,1,71.643,182.024,2.598,4.245,1003.569
JY56-z1,2860.5,1,68.575,182.954,2.594,4.197,996.541
JY56-z1,2860.625,1,67.023,184.847,2.59,4.028,994.328
JY56-z1,2860.75,1,66.567,186.284,2.587,3.777,992.11
JY56-z1,2860.875,1,67.285,187.117,2.587,3.597,986.932
JY56-z1,2861,1,70.205,186.848,2.59,3.594,980.783
JY56-z1,2861.125,1,76.12,185.703,2.594,3.685,977.246
JY56-z1,2861.25,1,83.49,183.614,2.594,3.762,976.834
JY56-z1,2861.375,1,88.732,181.525,2.593,3.763,974.94
JY56-z1,2861.5,1,90.112,179.966,2.593,3.704,970.34
JY56-z1,2861.625,1,88.34,179.193,2.595,3.611,969.244
JY56-z1,2861.75,1,84.858,178.65,2.597,3.493,982.405
JY56-z1,2861.875,1,80.392,178.679,2.598,3.309,1026.984
JY56-z1,2862,1,76.703,179.268,2.601,2.977,1127.068
JY56-z1,2862.125,1,75.041,179.477,2.605,2.585,1290.227
JY56-z1,2862.25,1,76.065,179.46,2.609,2.247,1503.732
JY56-z1,2862.375,1,79.989,178.184,2.61,2.004,1716.001
JY56-z1,2862.5,1,86.574,176.232,2.607,1.811,1887.56
JY56-z1,2862.625,1,94.253,175.248,2.603,1.716,1991.205
JY56-z1,2862.75,1,100.602,174.808,2.599,1.922,2022.824
JY56-z1,2862.875,1,105.836,177.415,2.601,2.631,1928.989
JY56-z1,2863,1,113.16,189.253,2.613,4.107,1592.787
JY56-z1,2863.125,1,124.666,202.101,2.641,6.482,1073.873
JY51-2,3026.875,1,152.842,70.275,210.728,2.672,13.918
JY51-2,3027,1,151.346,70.329,208.878,2.634,17.749
JY51-2,3027.125,1,133.311,70.304,206.389,2.601,17.674
JY51-2,3027.25,1,111.097,70.193,203.532,2.585,13.122
JY51-2,3027.375,1,95.076,70.031,200.661,2.592,7.872
JY51-2,3027.5,1,89.788,69.863,198.145,2.608,4.927
JY51-2,3027.625,1,89.977,69.736,196.322,2.627,4.071
JY51-2,3027.75,1,89.579,69.7,195.507,2.64,4.529
JY51-2,3027.875,1,85.342,69.808,195.82,2.645,5.364
JY51-2,3028,1,79.596,70.072,197.409,2.643,5.858
JY51-2,3028.125,1,76.603,70.498,200.225,2.636,5.731
JY51-2,3028.25,1,80.937,71.073,204.071,2.632,5.334
JY51-2,3028.375,1,94.514,71.757,208.738,2.636,5.352
JY51-2,3028.5,1,116.948,72.486,213.81,2.648,6.464
JY51-2,3034,1,102.363,57.479,190.285,2.619,6.128
JY51-2,3034.125,1,98.089,57.463,191.05,2.61,4.738
JY51-2,3034.25,1,97.199,57.476,192.195,2.603,3.912
JY51-2,3034.375,1,98.918,57.53,193.663,2.6,3.74
JY51-2,3034.5,1,101.835,57.602,195.35,2.6,4.037
JY51-2,3034.625,1,104.275,57.659,197.157,2.602,4.528
JY51-2,3034.75,1,105.732,57.669,198.99,2.609,5.017
JY51-2,3034.875,1,107.441,57.622,200.838,2.619,5.478
JY51-2,3035,1,110.598,57.554,202.784,2.63,6.017
JY51-2,3035.125,1,114.647,57.55,204.984,2.636,6.725
JY51-2,3035.25,1,117.88,57.677,207.608,2.637,7.571
JY51-2,3035.375,1,120.065,57.955,210.745,2.637,8.423
JY51-2,3035.5,1,121.504,58.338,214.23,2.639,9.047
JY51-2,3035.625,1,121.927,58.721,217.709,2.64,9.205
JY51-2,3035.75,1,120.171,58.973,220.623,2.639,8.755
JY51-2,3035.875,1,114.751,58.987,222.416,2.633,7.759
JY51-2,3036,1,105.472,58.776,222.629,2.621,6.417
JY51-2,3036.125,1,94.655,58.443,221.202,2.609,4.988
JY51-2,3036.25,1,86.881,58.135,218.464,2.599,3.841
JY51-2,3036.375,1,85.403,57.949,214.989,2.597,3.309
JY51-2,3036.5,1,90.13,57.914,211.613,2.601,3.625
JY51-2,3036.625,1,96.922,57.974,209.077,2.61,4.737
JY51-2,3036.75,1,102.505,58.056,207.988,2.62,6.349
JY51-2,3036.875,1,106.05,58.118,208.513,2.629,7.922
JY51-2,3037,1,108.26,58.191,210.702,2.632,8.985
JY51-2,3037.125,1,108.194,58.327,214.379,2.63,9.437
JY51-2,3037.25,1,104.542,58.549,219.132,2.626,9.243
JY51-2,3037.375,1,99.798,58.812,224.577,2.619,8.314
JY51-2,3037.5,1,99.265,59.047,230.173,2.613,6.931
JY51-2,3037.625,1,105.841,59.194,235.275,2.614,5.887
JY51-2,3037.75,1,115.016,59.266,239.141,2.627,5.815
JY51-2,3037.875,1,118.758,59.335,241.106,2.648,6.888
JY51-2,3038,1,113.078,59.497,240.667,2.667,8.615
JY51-2,3038.125,1,101.73,59.794,237.584,2.673,9.898
JY51-2,3038.25,1,91.404,60.191,232.337,2.662,9.52
JY51-2,3038.375,1,86.169,60.571,225.658,2.643,7.572
JY51-2,3038.5,1,86.162,60.813,218.675,2.625,5.477
JY51-2,3038.625,1,90.361,60.858,212.62,2.615,4.435
JY51-2,3038.75,1,97.758,60.775,208.175,2.612,4.551
JY51-2,3038.875,1,107.478,60.691,205.317,2.613,5.573
JY51-2,3039,1,117.074,60.737,203.568,2.62,7.058
JY51-2,3039.125,1,123.644,60.97,202.659,2.63,8.52
JY51-2,3039.25,1,126.573,61.379,202.411,2.642,9.659
JY51-2,3039.375,1,127.578,61.884,202.626,2.653,10.531
JY51-2,3039.5,1,126.489,62.389,203.078,2.66,11.312
JY51-2,3039.625,1,119.644,62.827,203.583,2.658,11.655
JY51-2,3039.75,1,105.863,63.178,204.059,2.647,10.778
JY51-2,3040.5,1,138.542,65.797,204.858,2.667,7.668
JY51-2,3040.625,1,139.72,66.44,204.441,2.676,10.86
JY51-2,3040.75,1,134.788,66.99,203.956,2.675,13.389
JY51-2,3040.875,1,128.2,67.436,203.603,2.668,13.75
JY51-2,3041,1,121.84,67.824,203.654,2.66,12.021
JY51-2,3041.125,1,116.728,68.226,204.41,2.654,9.786
JY51-2,3041.25,1,114.588,68.674,206.129,2.651,8.123
JY51-2,3041.375,1,118.042,69.15,208.865,2.652,7.44
JY51-2,3041.5,1,129.052,69.598,212.555,2.662,7.923
JY51-2,3044.625,1,127.651,71.113,212.332,2.666,11.098
JY51-2,3044.75,1,117.801,71.25,211.066,2.651,8.2
JY51-2,3044.875,1,111.139,71.376,209.255,2.639,6.401
JY51-2,3045,1,106.641,71.54,206.947,2.632,5.734
JY51-2,3045.125,1,102.335,71.794,204.251,2.63,5.82
JY51-2,3045.25,1,97.409,72.166,201.296,2.628,6.087
JY51-2,3045.375,1,92.652,72.629,198.201,2.627,6.084
JY51-2,3045.5,1,88.501,73.125,195.134,2.626,5.712
JY51-2,3045.625,1,84.747,73.59,192.315,2.627,5.175
JY51-2,3045.75,1,81.209,73.983,190.008,2.627,4.727
JY51-2,3045.875,1,78.499,74.312,188.461,2.627,4.517
JY51-2,3046,1,77.573,74.635,187.934,2.628,4.593
JY51-2,3046.125,1,79.308,75.037,188.646,2.626,4.944
JY51-2,3046.25,1,84.369,75.565,190.708,2.623,5.471
JY51-2,3046.375,1,93.316,76.194,194.276,2.622,6.029
JY51-2,3046.5,1,107.821,76.864,199.341,2.628,6.63
JY51-2,3046.625,1,128.999,77.514,205.677,2.642,7.561
JY51-2,3046.75,1,154.639,78.103,213.019,2.66,9.368
JY51-2,3046.875,1,179.036,78.621,221.041,2.676,12.676
