Well Name,Depth,GR,AC,DEN,CNL,Facies
JY2,2438.875,122.681,78.304,2.668,24.668,2
JY2,2439,125.154,78.39,2.669,24.96,2
JY2,2439.125,128.404,78.328,2.674,24.94,2
JY2,2439.25,131.401,78.419,2.68,24.75,1
JY2,2439.375,133.57,78.896,2.685,24.672,1
JY2,2439.5,134.373,79.242,2.685,24.667,1
JY2,2439.625,133.794,78.996,2.681,24.572,1
JY2,2439.75,132.864,78.665,2.677,24.457,1
JY2,2439.875,132.291,78.749,2.677,24.545,1
JY2,2440,131.881,79.117,2.679,24.73,1
JY2,2440.125,131.507,79.736,2.681,24.572,1
JY2,2440.25,131.852,80.416,2.676,23.957,2
JY2,2440.375,133.558,80.489,2.663,23.228,2
JY2,2440.5,136.206,79.886,2.648,22.688,2
JY2,2440.625,138.587,79.072,2.634,22.301,2
JY2,2440.75,139.67,78.026,2.625,21.848,1
JY2,2440.875,138.952,76.657,2.62,21.126,1
JY2,2441,136.236,75.706,2.617,20.247,1
JY2,2441.125,131.751,75.678,2.614,19.468,2
JY2,2441.25,125.79,75.976,2.613,18.789,2
JY2,2441.375,118.414,75.988,2.621,17.93,1
JY2,2441.5,109.328,75.274,2.645,16.737,1
JY2,2441.625,98.74,72.951,2.682,15.46,2
JY2,2441.75,88.44,68.952,2.724,14.379,1
JY2,2441.875,80.819,64.67,2.758,13.526,1
JY2,2442,77.252,61.692,2.77,12.961,1
JY2,2442.125,77.521,60.901,2.758,12.824,1
JY2,2442.25,80.965,62.289,2.736,13.215,1
JY2,2442.375,87.784,65.313,2.709,14.165,1
JY2,2442.5,97.792,68.978,2.681,15.574,2
JY2,2442.625,109.817,72.57,2.654,17.304,2
JY2,2442.75,121.611,75.961,2.633,19.155,1
JY2,2442.875,130.862,78.929,2.624,20.772,2
JY2,2443,136.493,81.035,2.623,21.784,2
JY2,2443.125,139.528,82.472,2.614,22.286,2
JY2,2443.25,142.043,83.632,2.589,22.895,1
JY2,2443.375,144.517,84.396,2.551,24.04,1
JY2,2443.5,145.959,84.794,2.521,25.294,1
JY2,2443.625,145.984,85.099,2.515,25.881,1
JY2,2443.75,145.664,85.233,2.535,25.816,1
JY2,2443.875,145.512,84.616,2.571,25.652,1
JY2,2444,144.236,82.768,2.611,25.422,1
JY2,2444.125,140.993,80.478,2.64,24.686,1
JY2,2444.25,137.448,78.94,2.652,23.566,1
JY2,2444.375,136.448,78.338,2.648,22.819,2
JY2,2444.5,138.548,78.577,2.639,22.844,1
JY2,2444.625,141.322,79.903,2.63,23.348,1
JY2,2444.75,141.602,81.855,2.623,23.727,1
JY2,2444.875,138.005,82.417,2.618,23.833,1
JY2,2445,131.027,80.29,2.619,23.965,2
JY2,2445.125,122.182,76.554,2.633,24.066,1
JY2,2445.25,114.144,72.434,2.658,23.639,1
JY2,2445.375,109.406,68.499,2.685,22.45,2
JY2,2445.5,108.61,66.231,2.699,21.001,1
JY2,2445.625,110.45,66.53,2.696,19.965,1
JY2,2445.75,113.53,68.478,2.686,19.654,2
JY2,2445.875,117.1,70.75,2.68,20.042,1
JY2,2446,120.119,72.476,2.681,20.825,1
JY2,2446.125,121.363,73.327,2.676,21.421,1
JY2,2446.25,120.7,73.51,2.663,21.36,2
JY2,2446.375,119.298,73.423,2.647,20.817,1
JY2,2446.5,118.57,73.251,2.636,20.423,1
JY2,2446.625,119.026,72.932,2.63,20.434,1
JY2,2446.75,120.559,72.443,2.628,20.585,1
JY2,2446.875,122.828,71.957,2.63,20.6,1
JY2,2447,125.02,71.582,2.634,20.481,1
JY2,2447.125,126.065,71.334,2.64,20.415,1
JY2,2447.25,125.525,71.255,2.643,20.552,1
JY2,2447.375,124.039,71.354,2.64,20.783,1
JY2,2447.5,122.534,71.569,2.634,20.818,1
JY2,2447.625,121.712,71.727,2.632,20.658,1
JY2,2447.75,121.847,71.662,2.637,20.661,1
JY2,2447.875,122.509,71.431,2.646,21.096,1
JY2,2448,123.025,71.213,2.654,21.748,2
JY2,2448.125,123.597,70.994,2.655,22.288,2
JY2,2448.25,124.88,70.641,2.651,22.791,1
JY2,2448.375,126.13,70.27,2.642,23.364,1
JY2,2448.5,125.754,70.087,2.629,23.713,1
JY2,2448.625,123.421,70.135,2.612,23.431,1
JY2,2448.75,120.738,70.363,2.598,22.627,2
JY2,2448.875,119.248,70.73,2.598,21.894,2
JY2,2449,118.87,71.122,2.611,21.593,2
JY2,2449.125,118.769,71.27,2.629,21.528,1
JY2,2449.25,118.26,70.947,2.642,21.429,1
JY2,2449.375,117.301,70.415,2.648,21.361,1
JY2,2449.5,116.519,70.113,2.651,21.498,1
JY2,2449.625,117.007,70.228,2.657,21.797,2
JY2,2449.75,119.166,70.458,2.666,22.099,1
JY2,2449.875,122.261,70.214,2.674,22.321,1
JY2,2450,125.346,69.656,2.678,22.506,1
JY2,2450.125,128.157,69.762,2.677,22.858,1
JY2,2450.25,130.212,70.861,2.674,23.504,1
JY2,2450.375,130.409,72.48,2.666,24.354,1
JY2,2450.5,128.886,74.377,2.648,25.147,1
JY2,2450.625,127.201,76.098,2.613,25.385,1
JY2,2450.75,126.763,76.968,2.556,24.64,1
JY2,2450.875,127.747,77.375,2.488,23.147,2
JY2,2451,130.296,78.059,2.442,21.825,2
JY2,2451.125,135.289,78.768,2.448,21.287,2
JY2,2451.25,142.95,79.146,2.503,21.302,2
JY2,2451.375,151.706,78.931,2.581,21.288,2
JY2,2451.5,158.591,77.919,2.657,21.049,2
JY2,2451.625,161.427,76.706,2.713,20.775,2
JY2,2451.75,160.728,76.238,2.744,20.53,2
JY2,2451.875,159.107,76.424,2.758,20.123,2
JY2,2452,158.448,76.827,2.758,19.589,2
JY2,2452.125,158.573,77.365,2.747,19.362,2
JY2,2452.25,158.647,77.961,2.735,19.643,2
JY2,2452.375,158.697,78.394,2.724,20.082,2
JY2,2452.5,158.984,78.646,2.718,20.217,2
JY2,2452.625,159.349,78.863,2.713,20.085,2
JY2,2452.75,159.587,78.915,2.707,19.93,2
JY2,2452.875,159.533,78.676,2.699,19.809,2
JY2,2453,158.984,78.529,2.69,19.765,2
JY2,2453.125,158.473,78.802,2.684,19.85,2
JY2,2453.25,159.409,79.211,2.681,20.156,2
JY2,2453.375,163.293,79.639,2.683,20.733,2
JY2,2453.5,169.962,80.343,2.687,21.483,2
JY2,2453.625,176.63,81.261,2.69,22.113,1
JY2,2453.75,180.097,82.106,2.688,22.193,2
JY2,2453.875,179.536,82.716,2.684,21.788,2
JY2,2454,176.748,83.072,2.681,21.297,2
JY2,2454.125,174.399,83.139,2.686,20.92,2
JY2,2454.25,173.559,82.929,2.697,20.574,1
JY2,2454.375,173.706,82.578,2.71,20.114,1
JY2,2454.5,173.691,82.153,2.72,19.651,1
JY2,2454.625,172.758,81.165,2.725,19.451,1
JY2,2454.75,170.728,79.185,2.728,19.593,1
JY2,2454.875,167.629,76.949,2.728,19.846,1
JY2,2455,164.295,75.473,2.724,19.882,2
JY2,2455.125,162.486,75.001,2.72,19.691,1
JY2,2455.25,163.191,75.596,2.716,19.646,2
JY2,2455.375,165.231,77.122,2.712,19.99,1
JY2,2455.5,166.658,78.515,2.711,20.56,2
JY2,2455.625,167.007,78.543,2.717,20.829,2
JY2,2455.75,166.658,77.178,2.73,20.431,1
JY2,2455.875,165.322,75.322,2.747,19.57,2
JY2,2456,163.131,73.974,2.759,18.948,1
JY2,2456.125,161.404,73.551,2.759,18.975,1
JY2,2456.25,162.338,74.183,2.743,19.502,1
JY2,2456.375,166.522,75.701,2.722,19.994,1
JY2,2456.5,172.873,77.52,2.706,20.134,1
JY2,2456.625,179.22,78.768,2.7,20.001,1
JY2,2456.75,183.777,79.294,2.699,19.872,1
JY2,2456.875,185.317,79.423,2.699,20.082,1
JY2,2457,183.553,79.364,2.701,20.8,1
JY2,2457.125,179.159,79.237,2.706,21.824,1
JY2,2457.25,173.597,79.132,2.71,22.74,1
JY2,2457.375,168.863,79.024,2.709,23.367,1
JY2,2457.5,166.243,78.892,2.707,23.778,1
JY2,2457.625,166.201,78.749,2.714,23.843,1
JY2,2457.75,167.928,78.583,2.727,23.501,1
JY2,2457.875,170.381,78.397,2.737,23.012,1
JY2,2458,172.395,78.209,2.735,22.781,1
JY2,2458.125,172.875,78.076,2.729,22.769,1
JY2,2458.25,171.601,78.14,2.726,22.732,1
JY2,2458.375,169.788,78.429,2.729,22.572,1
JY2,2458.5,168.475,78.806,2.734,22.261,1
JY2,2458.625,167.468,79.136,2.737,21.865,2
JY2,2458.75,166.449,79.345,2.733,21.685,2
JY2,2458.875,165.981,79.523,2.724,21.805,2
JY2,2459,166.921,79.812,2.71,22.048,2
JY2,2459.125,169.143,79.992,2.696,22.188,1
JY2,2459.25,171.836,79.89,2.688,22.13,2
JY2,2459.375,173.409,79.628,2.685,21.955,2
JY2,2459.5,173.131,79.228,2.683,21.801,2
JY2,2459.625,171.966,78.714,2.681,21.818,2
JY2,2459.75,171.661,78.48,2.682,21.885,2
JY2,2459.875,172.182,78.701,2.688,21.702,2
JY2,2460,172.662,79.205,2.698,21.26,1
JY2,2460.125,173.202,79.742,2.706,20.993,1
JY2,2460.25,174.506,80.155,2.711,21.193,1
JY2,2460.375,176.293,80.372,2.715,21.887,1
JY2,2460.5,177.312,80.468,2.717,22.633,1
JY2,2460.625,176.924,80.4,2.713,22.956,1
JY2,2460.75,176.143,80.084,2.704,22.751,1
JY2,2460.875,176.568,79.783,2.693,22.476,1
JY2,2461,178.38,79.63,2.685,22.201,2
JY2,2461.125,180.584,79.454,2.681,21.75,2
JY2,2461.25,182.762,79.325,2.678,21.338,2
JY2,2461.375,185.188,79.361,2.674,21.219,2
JY2,2461.5,187.705,79.366,2.666,21.312,2
JY2,2461.625,190.383,79.247,2.657,21.364,2
JY2,2461.75,193.83,79.025,2.653,21.308,2
JY2,2461.875,196.652,78.737,2.657,21.307,2
JY2,2462,196.777,78.599,2.665,21.377,2
JY2,2462.125,193.403,78.821,2.679,21.439,2
JY2,2462.25,188.582,79.447,2.694,21.4,1
JY2,2462.375,184.749,80.492,2.7,21.309,1
JY2,2462.5,183.059,81.531,2.688,21.328,2
JY2,2462.625,181.802,81.869,2.669,21.358,2
JY2,2462.75,178.845,81.283,2.656,21.12,2
JY2,2462.875,174.289,79.864,2.654,20.782,2
JY2,2463,171.017,78.063,2.658,20.861,2
JY2,2463.125,170.061,76.942,2.665,21.424,2
JY2,2463.25,168.203,76.909,2.672,21.6,2
JY2,2463.375,162.459,76.532,2.68,20.794,2
JY2,2463.5,152.553,74.913,2.684,19.107,1
JY2,2463.625,141.414,72.62,2.682,17.056,1
JY2,2463.75,131.096,69.388,2.678,15.076,2
JY2,2463.875,122.105,65.168,2.673,13.654,2
JY2,2464,113.736,61.792,2.666,12.724,2
JY2,2464.125,106.202,59.92,2.656,11.939,2
JY2,2464.25,101.989,59.047,2.646,11.08,1
JY2,2464.375,102.652,59.157,2.643,10.302,1
JY2,2464.5,107.788,60.108,2.646,9.863,1
JY2,2464.625,114.616,61.254,2.656,9.924,1
JY2,2464.75,119.911,62.552,2.667,10.309,1
JY2,2464.875,120.643,63.381,2.671,10.612,1
JY2,2465,114.362,62.923,2.664,10.359,1
JY2,2465.125,101.859,62.063,2.649,9.362,1
JY2,2465.25,87.647,61.637,2.63,7.648,1
JY2,2465.375,77.296,60.845,2.616,5.84,1
JY2,2465.5,72.132,59.84,2.611,4.46,1
JY2,2465.625,70.54,59.578,2.616,3.725,1
JY2,2465.75,70.729,59.556,2.623,3.403,1
JY2,2465.875,72.637,59.364,2.625,3.274,1
JY2,2466,75.752,59.519,2.621,3.211,1
JY2,2466.125,78.901,59.961,2.618,3.202,1
JY2,2466.25,81.176,60.182,2.62,3.223,1
JY2,2466.375,82.284,60.037,2.624,3.223,1
JY2,2466.5,82.049,59.713,2.626,3.189,1
JY2,2466.625,80.056,59.33,2.622,3.127,1
JY2,2466.75,77.098,59.081,2.617,3.121,1
JY2,2466.875,74.852,59.177,2.613,3.262,1
JY2,2467,75.692,59.827,2.615,3.625,1
JY2,2467.125,80.439,60.882,2.62,4.189,1
JY2,2467.25,88.34,61.963,2.63,4.934,1
JY2,2467.375,97.269,62.784,2.641,5.884,1
JY2,2467.5,104.999,63.314,2.653,6.964,1
JY2,2467.625,110.216,63.298,2.666,7.975,1
JY2,2467.75,111.5,62.587,2.675,8.705,1
JY2,2467.875,107.843,61.508,2.676,9.068,1
JY2,2468,99.315,60.249,2.666,8.791,1
JY2,2468.125,89.288,59.002,2.652,7.727,1
JY2,2468.25,81.341,58.133,2.644,6.321,1
JY2,2468.375,77.569,57.812,2.645,5.135,1
JY2,2468.5,77.335,57.828,2.653,4.372,1
JY2,2468.625,79.286,58.222,2.657,3.971,1
JY2,2468.75,81.625,58.761,2.654,3.841,1
JY2,2468.875,83.185,58.983,2.648,3.842,1
JY2,2469,84.105,59.149,2.639,3.873,1
JY2,2469.125,84.661,59.703,2.633,3.834,1
JY2,2469.25,84.693,60.103,2.629,3.715,1
JY2,2469.375,84.146,60.005,2.629,3.583,1
JY2,2469.5,83.938,60.026,2.63,3.521,1
JY2,2469.625,84.836,60.26,2.629,3.513,1
JY2,2469.75,87.017,60.142,2.622,3.519,1
JY2,2469.875,89.586,59.689,2.611,3.532,1
JY2,2470,91.523,59.537,2.604,3.61,1
JY2,2470.125,91.83,59.826,2.606,3.858,1
JY2,2470.25,90.307,60.087,2.618,4.284,1
JY2,2470.375,86.862,60.312,2.629,4.844,1
JY2,2470.5,81.811,60.5,2.633,5.412,1
JY2,2470.625,77.487,60.47,2.632,5.759,1
JY2,2470.75,76.379,60.452,2.631,5.687,1
JY2,2470.875,78.319,60.222,2.63,5.319,1
JY2,2471,80.02,59.596,2.628,5.076,1
JY2,2471.125,79.235,59.41,2.623,5.222,1
JY2,2471.25,76.662,59.696,2.619,5.605,1
JY2,2471.375,74.111,59.592,2.617,5.957,1
JY2,2471.5,73.289,59.635,2.616,6.288,1
JY2,2471.625,76.188,60.681,2.619,6.945,1
JY2,2471.75,85.015,63.168,2.631,8.118,1
JY2,2471.875,102.512,67.44,2.656,9.857,1
JY2,2472,125.362,71.939,2.685,12.031,1
JY2,2472.125,146.581,75.588,2.709,14.677,1
JY2,2472.25,157.696,78.12,2.718,17.613,2
JY2,2472.375,160.139,79.125,2.718,19.934,2
JY2,2472.5,158.667,78.224,2.715,20.878,2
JY2,2472.625,157.079,76.454,2.717,20.743,1
JY2,2472.75,155.168,75.351,2.723,20.204,1
JY2,2472.875,153.064,75.379,2.73,19.625,1
JY2,2473,152.581,75.486,2.731,19.549,1
JY2,2473.125,154.156,75.559,2.721,20.185,1
JY2,2473.25,156.795,76.358,2.705,21.282,1
JY2,2473.375,158.764,77.32,2.694,22.166,2
JY2,2473.5,159.444,77.615,2.69,22.579,1
JY2,2473.625,159.923,77.642,2.692,22.338,2
JY2,2473.75,161.812,78.043,2.694,21.729,1
JY2,2473.875,165.526,78.773,2.698,21.286,2
JY2,2474,169.891,79.698,2.703,21.536,1
JY2,2474.125,174.144,80.668,2.706,22.294,1
JY2,2474.25,177.579,81.57,2.707,22.911,1
JY2,2474.375,177.86,82.283,2.704,21.475,1
JY2,2474.5,171.489,81.479,2.693,14.983,1
JY2,2474.625,154.112,78.013,2.674,7.051,1
JY2,2474.75,127.216,73.526,2.65,2.926,1
JY2,2474.875,97.411,68.911,2.63,1.607,1
JY2,2475,74.13,64.227,2.617,1.779,1
JY2,2475.125,61.016,61.039,2.608,2.338,1
JY2,2475.25,55.765,60.072,2.602,2.716,1
JY2,2475.375,54.311,60.136,2.598,2.784,1
JY2,2475.5,54.337,60.216,2.595,2.814,1
JY2,2475.625,55.566,60.546,2.594,2.927,1
JY2,2475.75,57.071,61.297,2.593,3.127,1
JY2,2475.875,57.661,61.965,2.592,3.327,1
JY2,2476,56.946,61.895,2.595,3.483,1
JY2,2476.125,55.383,61.317,2.603,3.623,1
JY2,2476.25,53.7,60.479,2.617,3.806,1
JY2,2476.375,54.04,59.55,2.633,4.137,1
JY2,2476.5,60.25,59.686,2.642,4.783,1
JY2,2476.625,75.538,62.332,2.649,5.984,1
JY2,2476.75,100.738,67.552,2.657,8.129,1
JY2,2476.875,129.039,73.146,2.673,11.15,1
JY2,2477,153.214,77.92,2.694,14.522,1
JY2,2477.125,166.798,81.202,2.711,17.171,1
JY2,2477.25,170.854,82.435,2.725,19.107,1
JY2,2477.375,169.302,81.751,2.732,20.918,1
JY2,2477.5,167.488,80.832,2.736,22.447,2
JY2,2477.625,167.516,80.609,2.737,23.258,1
JY2,2477.75,168.609,80.777,2.738,23.385,1
JY2,2477.875,168.975,80.944,2.739,23.197,1
JY2,2478,168.094,81.254,2.737,22.968,1
JY2,2478.125,165.302,81.688,2.734,22.793,2
JY2,2478.25,160.603,82.2,2.734,22.536,2
JY2,2478.375,155.226,82.661,2.739,22.257,2
JY2,2478.5,152.027,82.843,2.746,22.32,1
JY2,2478.625,151.71,82.848,2.75,22.771,1
JY2,2478.75,152.729,82.506,2.748,23.371,1
JY2,2478.875,153.375,81.73,2.742,23.649,1
JY2,2479,153.805,81.259,2.737,23.578,1
JY2,2479.125,154.528,81.277,2.735,23.504,1
JY2,2479.25,155.698,81.44,2.734,23.441,1
JY2,2479.375,157.519,81.855,2.731,23.094,1
JY2,2479.5,160.201,82.373,2.725,22.405,2
JY2,2479.625,162.769,82.722,2.715,21.814,2
JY2,2479.75,164.133,83.173,2.705,21.672,2
JY2,2479.875,163.767,83.749,2.702,21.892,2
JY2,2480,162.414,83.95,2.706,22.04,2
JY2,2480.125,160.563,83.66,2.712,21.998,2
JY2,2480.25,158.419,83.173,2.712,21.756,2
JY2,2480.375,156.541,82.518,2.705,21.29,1
JY2,2480.5,156.588,81.695,2.698,20.797,1
JY2,2480.625,159.653,81.381,2.696,20.644,2
JY2,2480.75,163.602,81.97,2.7,20.919,2
JY2,2480.875,165.291,82.904,2.703,21.366,2
JY2,2481,164.233,83.506,2.7,21.719,2
JY2,2481.125,162.6,83.865,2.694,22.074,2
JY2,2481.25,161.922,84.013,2.691,22.386,2
JY2,2481.375,161.45,83.822,2.692,22.265,2
JY2,2481.5,160.778,83.523,2.691,21.602,2
JY2,2481.625,160.956,83.443,2.683,20.865,2
JY2,2481.75,162.608,83.343,2.676,20.587,2
JY2,2481.875,164.162,82.774,2.678,20.858,2
JY2,2482,163.193,81.463,2.688,21.414,2
JY2,2482.125,160.44,79.939,2.699,21.786,2
JY2,2482.25,158.597,79.108,2.706,21.588,2
JY2,2482.375,160.278,79.243,2.708,20.975,2
JY2,2482.5,165.082,80.109,2.705,20.506,2
JY2,2482.625,171.054,81.655,2.701,20.536,1
JY2,2482.75,175.681,83.327,2.697,20.873,1
JY2,2482.875,177.758,84.585,2.694,21.242,1
JY2,2483,178.515,85.286,2.692,21.593,1
JY2,2483.125,180.809,85.553,2.692,21.899,1
JY2,2483.25,184.061,85.481,2.695,22.01,1
JY2,2483.375,184.515,84.785,2.703,21.908,1
JY2,2483.5,180.196,83.514,2.712,21.805,1
JY2,2483.625,173.324,82.52,2.721,21.838,1
JY2,2483.75,168.972,82.143,2.726,21.892,1
JY2,2483.875,169.225,82.124,2.721,21.781,1
JY2,2484,173.045,82.797,2.708,21.525,1
JY2,2484.125,176.978,83.837,2.695,21.364,1
JY2,2484.25,178.303,84.353,2.688,21.464,2
JY2,2484.375,176.093,84.251,2.686,21.752,2
JY2,2484.5,172.307,83.974,2.685,22.151,2
JY2,2484.625,168.882,83.431,2.679,22.673,2
JY2,2484.75,166.801,82.668,2.67,23.037,1
JY2,2484.875,165.549,82.212,2.665,22.937,2
JY2,2485,165.032,82.386,2.664,22.542,2
JY2,2485.125,165.661,83.01,2.669,22.359,2
JY2,2485.25,167.524,83.743,2.674,22.618,2
JY2,2485.375,169.957,84.468,2.678,23.248,1
JY2,2485.5,171.904,84.984,2.68,23.939,1
JY2,2485.625,172.688,84.98,2.683,24.243,1
JY2,2485.75,172.086,84.458,2.687,23.869,1
JY2,2485.875,170.411,83.776,2.692,23.097,1
JY2,2486,168.35,83.092,2.697,22.361,1
JY2,2486.125,166.672,82.522,2.702,21.892,1
JY2,2486.25,165.645,82.048,2.706,21.756,2
JY2,2486.375,165.036,81.374,2.712,21.905,2
JY2,2486.5,164.509,80.324,2.72,22.009,2
JY2,2486.625,163.609,79.252,2.728,21.743,2
JY2,2486.75,162.112,78.557,2.733,21.289,2
JY2,2486.875,160.978,78.369,2.734,21.009,2
JY2,2487,161.726,78.836,2.731,20.849,2
JY2,2487.125,164.369,80.097,2.724,20.76,2
JY2,2487.25,166.7,81.452,2.715,20.942,2
JY2,2487.375,167.555,82.11,2.71,21.446,2
JY2,2487.5,167.431,82.199,2.712,21.81,1
JY2,2487.625,166.344,82.243,2.719,21.503,2
JY2,2487.75,162.676,82.102,2.731,21.005,2
JY2,2487.875,156.495,81.492,2.748,21.113,2
JY2,2488,151.396,80.85,2.762,21.674,1
JY2,2488.125,150.139,80.784,2.762,22.037,1
JY2,2488.25,152.508,81.19,2.746,21.989,1
JY2,2488.375,156.343,81.672,2.721,22.091,2
JY2,2488.5,160.187,82.426,2.702,22.771,2
JY2,2488.625,162.963,83.26,2.695,23.613,1
JY2,2488.75,164.007,83.532,2.697,23.936,1
JY2,2488.875,163.789,83.309,2.702,23.647,1
JY2,2489,163.866,83.071,2.703,23.144,1
JY2,2489.125,165.259,82.96,2.7,22.747,2
JY2,2489.25,167.71,83.162,2.695,22.545,1
JY2,2489.375,169.753,83.475,2.693,22.485,1
JY2,2489.5,170.635,83.555,2.694,22.367,1
JY2,2489.625,170.735,83.657,2.699,22.009,1
JY2,2489.75,170.315,84.131,2.706,21.62,1
JY2,2489.875,168.983,84.741,2.713,21.5,1
JY2,2490,167.151,85.262,2.713,21.678,1
JY2,2490.125,165.896,85.712,2.709,21.9,2
JY2,2490.25,165.229,85.972,2.704,21.999,2
JY2,2490.375,164.552,85.957,2.7,22.066,2
JY2,2490.5,164.439,85.914,2.696,22.066,2
JY2,2490.625,165.71,86.14,2.695,21.849,2
JY2,2490.75,167.473,86.629,2.696,21.441,1
JY2,2490.875,168.095,87.008,2.698,21.037,1
JY2,2491,167.447,86.885,2.697,20.7,1
JY2,2491.125,167.243,86.547,2.691,20.328,1
JY2,2491.25,168.705,86.437,2.683,19.943,2
JY2,2491.375,171.584,86.471,2.676,19.713,2
JY2,2491.5,174.401,86.638,2.671,19.738,2
JY2,2491.625,176.552,87.144,2.669,20.131,2
JY2,2491.75,178.37,87.57,2.668,20.99,2
JY2,2491.875,179.495,87.547,2.667,22.091,2
JY2,2492,178.469,87.294,2.663,22.912,1
JY2,2492.125,175.096,87.045,2.656,23.2,1
JY2,2492.25,172.211,87.038,2.652,23.137,1
JY2,2492.375,172.384,87.426,2.654,22.723,2
JY2,2492.5,174.151,87.853,2.66,21.924,2
JY2,2492.625,174.754,88.146,2.665,21.174,2
JY2,2492.75,173.823,88.314,2.666,20.969,2
JY2,2492.875,173.501,88.088,2.664,21.245,2
JY2,2493,174.654,87.433,2.661,21.617,2
JY2,2493.125,176.131,86.671,2.663,21.867,2
JY2,2493.25,176.55,85.955,2.669,22.052,2
JY2,2493.375,176.335,85.415,2.675,22.091,2
JY2,2493.5,177.73,85.08,2.676,21.898,2
JY2,2493.625,182.54,84.782,2.67,21.481,2
JY2,2493.75,189.289,84.666,2.662,20.804,2
JY2,2493.875,193.967,84.794,2.658,19.989,2
JY2,2494,194.658,84.754,2.66,19.421,2
JY2,2494.125,193.105,84.465,2.667,19.364,2
JY2,2494.25,192.299,84.226,2.673,19.555,2
JY2,2494.375,192.773,84.101,2.673,19.618,2
JY2,2494.5,193.552,84.172,2.665,19.508,2
JY2,2494.625,193.699,84.536,2.653,19.411,2
JY2,2494.75,192.787,84.952,2.642,19.364,2
JY2,2494.875,190.707,85.019,2.638,19.222,2
JY2,2495,187.206,84.75,2.64,18.877,2
JY2,2495.125,182.085,84.284,2.641,18.48,2
JY2,2495.25,175.591,83.407,2.636,18.307,2
JY2,2495.375,169.075,82.604,2.624,18.549,2
JY2,2495.5,164.774,83.604,2.607,19.134,2
JY2,2495.625,163.518,86.285,2.594,19.828,2
JY2,2495.75,163.459,88.002,2.594,20.654,2
JY2,2495.875,161.849,87.947,2.604,21.601,2
JY2,2496,158.148,86.984,2.615,22.133,2
JY2,2496.125,154.214,84.41,2.618,21.326,2
JY2,2496.25,151.802,80.708,2.618,19.246,2
JY2,2496.375,150.56,78.259,2.616,17.16,2
JY2,2496.5,148.415,77.814,2.612,15.866,1
JY2,2496.625,142.983,78.116,2.605,15.353,2
JY2,2496.75,133.234,77.46,2.603,15.237,2
JY2,2496.875,120.549,74.92,2.613,15.083,2
JY2,2497,108.453,71.101,2.636,14.521,1
JY2,2497.125,100.095,67.138,2.67,13.454,2
JY2,2497.25,96.446,64.124,2.705,12.189,1
JY2,2497.375,96.394,63.014,2.729,11.205,1
JY2,2497.5,99.797,64.426,2.731,10.813,1
JY2,2497.625,106.947,68.135,2.712,11.078,1
JY2,2497.75,116.84,72.884,2.683,11.886,2
JY2,2497.875,126.815,77.012,2.654,13.015,2
JY2,2498,134.138,79.845,2.635,14.137,2
JY2,2498.125,138.153,81.962,2.627,15.065,2
JY2,2498.25,139.942,83.474,2.626,15.876,2
JY2,2498.375,141.31,84.342,2.631,16.722,2
JY2,2498.5,144.403,85.325,2.64,17.555,2
JY2,2498.625,150.806,86.729,2.649,18.267,2
JY2,2498.75,159.799,87.944,2.653,18.935,2
JY2,2498.875,168.382,88.563,2.652,19.684,2
JY2,2499,173.743,88.589,2.65,20.397,2
JY2,2499.125,175.613,88.235,2.651,20.743,2
JY2,2499.25,175.876,87.831,2.656,20.646,2
JY2,2499.375,176.287,87.462,2.662,20.358,2
JY2,2499.5,176.561,87.146,2.667,20.117,2
JY2,2499.625,175.358,87.272,2.669,20.029,2
JY2,2499.75,172.373,87.727,2.665,20.121,1
JY2,2499.875,169.28,87.815,2.655,20.361,2
JY2,2500,168.373,87.49,2.64,20.624,2
JY2,2500.125,169.99,86.983,2.627,20.783,1
JY2,2500.25,171.9,86.159,2.623,20.936,1
JY2,2500.375,172.24,85.353,2.629,21.21,1
JY2,2500.5,171.546,85.124,2.637,21.547,1
JY2,2500.625,171.572,85.343,2.641,21.843,1
JY2,2500.75,172.801,85.718,2.636,22.093,1
JY2,2500.875,174.327,86.145,2.626,22.284,1
JY2,2501,175.913,86.35,2.615,22.153,1
JY2,2501.125,177.948,86.136,2.608,21.407,2
JY2,2501.25,180.031,85.533,2.611,20.123,2
JY2,2501.375,181.08,84.519,2.624,18.835,1
JY2,2501.5,181.126,83.336,2.642,18.108,1
JY2,2501.625,182.353,82.67,2.659,18.125,2
JY2,2501.75,187.113,82.823,2.666,18.624,2
JY2,2501.875,195.247,83.552,2.665,19.156,2
JY2,2502,204.364,84.692,2.657,19.522,2
JY2,2502.125,212.486,85.791,2.643,19.746,2
JY2,2502.25,218.738,86.151,2.629,19.755,2
JY2,2502.375,221.362,85.77,2.62,19.265,2
JY2,2502.5,218.811,85.119,2.618,18.301,2
JY2,2502.625,212.117,84.268,2.615,17.313,2
JY2,2502.75,205.223,83.172,2.606,16.691,2
JY2,2502.875,201.443,82.029,2.596,16.491,2
JY2,2503,200.591,80.963,2.591,16.548,2
JY2,2503.125,200.084,80.047,2.592,16.635,2
JY2,2503.25,197.893,79.346,2.593,16.509,2
JY2,2503.375,194.51,78.806,2.595,16.066,2
JY2,2503.5,192.443,78.527,2.603,15.584,2
JY2,2503.625,193.946,78.733,2.614,15.416,2
JY2,2503.75,199.166,79.361,2.621,15.656,2
JY2,2503.875,205.567,80.372,2.626,16.178,2
JY2,2504,209.429,81.995,2.633,16.901,2
JY2,2504.125,208.105,84.031,2.644,17.941,2
JY2,2504.25,202.553,85.921,2.655,19.174,2
JY2,2504.375,196.522,87.543,2.655,20.089,2
JY2,2504.5,192.629,88.964,2.643,20.363,2
JY2,2504.625,190.167,89.888,2.632,20.189,2
JY2,2504.75,187.368,89.993,2.632,19.89,2
JY2,2504.875,184.599,89.716,2.642,19.669,2
JY2,2505,183.426,89.697,2.653,19.71,2
JY2,2505.125,184.069,90.038,2.658,20.126,2
JY2,2505.25,185.28,90.671,2.655,20.706,2
JY2,2505.375,186.375,91.701,2.645,21.201,2
JY2,2505.5,187.707,92.804,2.633,21.761,2
JY2,2505.625,189.37,93.366,2.625,22.599,2
JY2,2505.75,191.115,93.403,2.623,23.535,1
JY2,2505.875,193.104,93.466,2.622,24.211,1
JY2,2506,195.143,93.627,2.618,24.544,1
JY2,2506.125,196.366,93.653,2.615,24.596,1
JY2,2506.25,196.769,93.655,2.619,24.358,1
JY2,2506.375,197.298,93.759,2.628,23.895,1
JY2,2506.5,198.467,93.86,2.636,23.444,1
JY2,2506.625,199.769,93.963,2.642,23.148,1
JY2,2506.75,200.571,94.174,2.645,23.018,1
JY2,2506.875,200.854,94.507,2.644,23.161,1
JY2,2507,201.31,94.889,2.64,23.646,1
JY2,2507.125,202.854,95.181,2.636,24.184,1
JY2,2507.25,205.45,95.299,2.63,24.013,1
JY2,2507.375,207.81,95.445,2.622,22.846,2
JY2,2507.5,209.017,95.657,2.617,21.334,2
JY2,2507.625,209.635,95.701,2.619,20.437,2
JY2,2507.75,209.865,95.682,2.631,20.498,2
JY2,2507.875,208.301,95.562,2.647,21.224,2
JY2,2508,203.774,94.67,2.657,22.036,2
JY2,2508.125,196.445,92.743,2.657,22.464,2
JY2,2508.25,187.5,90.07,2.656,22.202,2
JY2,2508.375,179.226,86.855,2.661,21.457,1
JY2,2508.5,174.042,83.597,2.67,20.643,1
JY2,2508.625,173.235,81.793,2.674,20.016,1
JY2,2508.75,175.314,81.933,2.669,19.582,1
JY2,2508.875,177.951,83.212,2.66,19.411,1
JY2,2509,180.943,85.523,2.656,19.774,1
JY2,2509.125,185.769,88.693,2.657,20.77,2
JY2,2509.25,192.778,91.349,2.66,22.063,2
JY2,2509.375,199.345,93.083,2.66,22.919,1
JY2,2509.5,202.787,94.521,2.655,23.028,1
JY2,2509.625,202.969,95.247,2.644,22.796,2
JY2,2509.75,202.061,94.936,2.627,22.594,2
JY2,2509.875,201.196,94.101,2.611,22.396,2
JY2,2510,199.569,93.054,2.602,22.109,2
JY2,2510.125,196.821,91.966,2.601,21.947,2
JY2,2510.25,193.738,91.104,2.602,21.976,2
JY2,2510.375,191.6,90.596,2.602,21.862,2
JY2,2510.5,190.191,90.314,2.601,21.523,2
JY2,2510.625,187.974,90.061,2.602,21.061,2
JY2,2510.75,184.606,89.734,2.604,20.442,2
JY2,2510.875,181.242,89.017,2.61,19.664,2
JY2,2511,178.048,87.396,2.617,18.947,2
JY2,2511.125,172.789,85.072,2.625,18.557,1
JY2,2511.25,164.23,82.519,2.636,18.387,2
JY2,2511.375,154.903,79.869,2.651,18.103,2
JY2,2511.5,148.44,77.288,2.669,17.587,1
JY2,2511.625,145.548,75.149,2.686,16.854,1
JY2,2511.75,144.281,73.904,2.697,16.058,1
JY2,2511.875,143.65,73.492,2.698,15.519,1
JY2,2512,144.314,73.599,2.689,15.601,1
JY2,2512.125,146.489,74.262,2.675,16.311,1
JY2,2512.25,149.397,75.399,2.66,17.02,1
JY2,2512.375,152.019,76.337,2.65,17.128,1
JY2,2512.5,153.767,76.681,2.645,16.859,1
JY2,2512.625,154.975,76.8,2.645,16.658,1
JY2,2512.75,156.34,77.159,2.649,16.614,1
JY2,2512.875,157.971,77.696,2.652,16.443,1
JY2,2513,159.08,78.185,2.653,16.059,2
JY2,2513.125,158.612,78.649,2.649,15.71,2
JY2,2513.25,156.774,79.019,2.643,15.63,1
JY2,2513.375,154.433,79.046,2.641,15.855,1
JY2,2513.5,152.282,78.737,2.639,16.162,1
JY2,2513.625,150.669,78.258,2.638,16.308,1
JY2,2513.75,149.454,77.715,2.637,16.26,1
JY2,2513.875,148.501,77.368,2.638,16.109,1
JY2,2514,148.089,77.249,2.639,15.937,1
JY2,2514.125,148.471,77.15,2.639,15.854,1
JY2,2514.25,149.205,77.148,2.638,15.912,1
JY2,2514.375,149.576,77.304,2.638,16.006,1
JY2,2514.5,148.987,77.351,2.638,16.099,1
JY2,2514.625,147.605,77.282,2.637,16.258,1
JY2,2514.75,146.219,77.338,2.636,16.449,1
JY2,2514.875,145.83,77.524,2.635,16.459,1
JY2,2515,145.865,77.745,2.634,16.172,1
JY2,2515.125,144.696,77.88,2.634,15.799,1
JY2,2515.25,141.419,77.391,2.639,15.632,1
JY2,2515.375,137.467,76.17,2.651,15.61,1
JY2,2515.5,135.475,74.904,2.667,15.492,2
JY2,2515.625,136.528,74.131,2.673,15.164,1
JY2,2515.75,139.407,73.9,2.665,14.892,1
JY2,2515.875,142.435,74.523,2.651,15.012,1
JY2,2516,145.115,75.87,2.639,15.456,1
JY2,2516.125,147.429,77.125,2.631,15.924,1
JY2,2516.25,148.806,77.586,2.628,16.158,1
JY2,2516.375,148.936,77.458,2.628,16.184,1
JY2,2516.5,148.07,77.117,2.63,16.024,1
JY2,2516.625,146.701,76.905,2.635,15.695,1
JY2,2516.75,145.333,76.984,2.644,15.41,1
JY2,2516.875,144.276,77.261,2.656,15.381,1
JY2,2517,143.738,77.444,2.665,15.708,1
JY2,2517.125,143.601,77.434,2.667,16.254,1
JY2,2517.25,143.738,77.196,2.664,16.727,1
JY2,2517.375,144.151,76.645,2.66,16.847,1
JY2,2517.5,145.103,75.926,2.655,16.617,1
JY2,2517.625,146.847,75.458,2.648,16.365,1
JY2,2517.75,149.108,75.339,2.64,16.243,1
JY2,2517.875,151.102,75.396,2.636,16.075,1
JY2,2518,152.109,75.481,2.637,15.71,1
JY2,2518.125,152.114,75.674,2.644,15.28,1
JY2,2518.25,151.615,76.126,2.651,14.978,1
JY2,2518.375,151.972,76.768,2.654,14.893,1
JY2,2518.5,153.958,77.52,2.653,15.035,1
JY2,2518.625,156.353,78.474,2.65,15.414,1
JY2,2518.75,157.147,79.323,2.645,15.882,1
JY2,2518.875,156.609,79.64,2.642,16.273,1
JY2,2519,156.867,79.392,2.641,16.485,1
JY2,2519.125,158.759,78.833,2.64,16.486,2
JY2,2519.25,161.565,78.142,2.638,16.393,1
JY2,2519.375,164.226,77.611,2.636,16.353,1
JY2,2519.5,165.561,77.272,2.632,16.366,1
JY2,2519.625,164.277,76.8,2.629,16.358,1
JY2,2519.75,160.387,76.029,2.631,16.288,1
JY2,2519.875,156.342,75.339,2.634,16.135,1
JY2,2520,154.389,75.099,2.638,15.857,1
JY2,2520.125,154.696,75.366,2.635,15.479,1
JY2,2520.25,156.148,76.144,2.628,15.206,1
JY2,2520.375,158.531,77.372,2.626,15.284,2
JY2,2520.5,161.792,78.51,2.632,15.687,2
JY2,2520.625,164.608,79.197,2.639,16.126,2
JY2,2520.75,164.904,79.508,2.638,16.301,2
JY2,2520.875,163.029,79.617,2.629,16.214,2
JY2,2521,160.964,79.475,2.615,16.083,2
JY2,2521.125,160.093,79.033,2.609,16.063,2
JY2,2521.25,159.238,78.344,2.611,16.072,2
JY2,2521.375,157.018,77.342,2.617,16.046,1
JY2,2521.5,153.58,76.137,2.625,16.09,1
JY2,2521.625,150.459,75.162,2.633,16.222,1
JY2,2521.75,148.418,74.687,2.639,16.292,1
JY2,2521.875,147.283,74.698,2.64,16.123,1
JY2,2522,147.444,75.181,2.637,15.825,1
JY2,2522.125,150.15,76.092,2.632,15.642,1
JY2,2522.25,154.56,77.065,2.627,15.673,1
JY2,2522.375,158.319,77.836,2.622,15.842,2
JY2,2522.5,159.725,78.507,2.619,16.081,2
JY2,2522.625,159.949,79.19,2.615,16.317,2
JY2,2522.75,160.041,79.546,2.612,16.531,2
JY2,2522.875,159.799,79.295,2.614,16.639,2
JY2,2523,159.373,78.833,2.618,16.519,2
JY2,2523.125,159.924,78.263,2.617,16.152,2
JY2,2523.25,161.647,77.501,2.612,15.716,2
JY2,2523.375,163.454,76.831,2.608,15.309,2
JY2,2523.5,164.253,76.348,2.612,14.878,2
JY2,2523.625,164.177,75.83,2.617,14.334,2
JY2,2523.75,164.559,75.33,2.618,13.793,2
JY2,2523.875,167.145,74.97,2.615,13.476,2
JY2,2524,173.399,74.871,2.614,13.501,2
JY2,2524.125,184.667,75.417,2.619,13.878,2
JY2,2524.25,200.156,77.043,2.63,14.571,2
JY2,2524.375,213.274,79.018,2.641,15.331,2
JY2,2524.5,215.796,80.523,2.647,15.967,2
JY2,2524.625,203.263,81.02,2.651,16.37,2
JY2,2524.75,183.61,80.343,2.649,16.527,2
JY2,2524.875,167.063,78.64,2.644,16.364,2
JY2,2525,159.526,76.852,2.636,15.926,2
JY2,2525.125,159.464,75.646,2.628,15.407,2
JY2,2525.25,163.499,75.425,2.62,15.036,2
JY2,2525.375,167.229,75.981,2.614,15.058,2
JY2,2525.5,168.549,76.659,2.611,15.484,2
JY2,2525.625,168.111,77.215,2.612,16.104,2
JY2,2525.75,168.545,77.582,2.619,16.67,2
JY2,2525.875,170.12,77.292,2.629,17.024,2
JY2,2526,170.654,76.698,2.643,16.942,2
JY2,2526.125,169.921,76.25,2.653,16.389,2
JY2,2526.25,168.663,75.382,2.654,15.611,2
JY2,2526.375,166.2,74.431,2.645,15.186,1
JY2,2526.5,162.498,74.317,2.637,15.206,1
JY2,2526.625,159.177,74.605,2.635,15.479,2
JY2,2526.75,158.063,74.857,2.641,15.773,1
JY2,2526.875,159.084,75.549,2.646,15.93,2
JY2,2527,161.067,76.4,2.647,15.897,2
JY2,2527.125,162.691,76.796,2.645,15.823,2
JY2,2527.25,163.316,76.952,2.642,15.833,2
JY2,2527.375,162.639,76.981,2.639,15.971,2
JY2,2527.5,161.789,76.651,2.639,16.171,2
JY2,2527.625,161.104,76.27,2.644,16.425,2
JY2,2527.75,160.344,76.488,2.657,16.622,2
JY2,2527.875,160.258,76.922,2.67,16.555,2
JY2,2528,161.713,77.129,2.673,16.239,2
JY2,2528.125,164.994,77.436,2.664,15.927,2
JY2,2528.25,168.744,77.74,2.651,15.842,2
JY2,2528.375,170.253,77.482,2.643,16.067,2
JY2,2528.5,168.204,76.9,2.64,16.478,2
JY2,2528.625,163.766,76.51,2.641,16.837,2
JY2,2528.75,159.915,76.416,2.64,16.848,2
JY2,2528.875,159.081,76.296,2.635,16.571,2
JY2,2529,160.814,76.007,2.63,16.209,2
JY2,2529.125,162.196,75.673,2.626,15.808,2
JY2,2529.25,160.856,75.345,2.625,15.438,2
JY2,2529.375,156.629,74.926,2.631,15.202,1
JY2,2529.5,151.919,74.414,2.642,15.106,1
JY2,2529.625,148.794,74.009,2.652,15.034,1
JY2,2529.75,147.888,73.945,2.655,14.928,1
JY2,2529.875,148.952,74.057,2.65,14.888,1
JY2,2530,151.128,74.165,2.645,15.02,1
JY2,2530.125,153.428,74.435,2.643,15.209,1
JY2,2530.25,155.552,74.837,2.645,15.283,1
JY2,2530.375,157.231,75.199,2.649,15.245,1
JY2,2530.5,158.459,75.634,2.651,15.23,2
JY2,2530.625,160.29,76.218,2.647,15.394,2
JY2,2530.75,162.683,76.529,2.636,15.587,2
JY2,2530.875,164.018,76.249,2.622,15.531,2
JY2,2531,162.544,75.925,2.613,15.406,2
JY2,2531.125,158.474,75.57,2.613,15.501,2
JY2,2531.25,154.69,74.728,2.618,15.829,1
JY2,2531.375,152.783,74.311,2.627,15.969,1
JY2,2531.5,152.661,74.926,2.639,15.508,1
JY2,2531.625,153.249,75.36,2.651,14.809,1
JY2,2531.75,154.309,75.442,2.66,14.449,2
JY2,2531.875,156.147,75.832,2.66,14.799,1
JY2,2532,158.062,76.122,2.656,15.566,2
JY2,2532.125,159.487,76.143,2.652,16.201,2
JY2,2532.25,159.673,76.319,2.649,16.287,2
JY2,2532.375,158.835,76.563,2.646,16.055,2
JY2,2532.5,158.024,76.755,2.643,15.715,2
JY2,2532.625,158.624,77.056,2.642,15.32,2
JY2,2532.75,160.382,77.424,2.644,14.949,2
JY2,2532.875,161.421,77.728,2.647,14.86,2
JY2,2533,159.674,77.869,2.649,15.218,2
JY2,2533.125,156.025,77.945,2.649,15.887,2
JY2,2533.25,153.176,78.096,2.644,16.57,1
JY2,2533.375,153.367,78.254,2.636,16.976,2
JY2,2533.5,156.161,78.439,2.628,16.994,2
JY2,2533.625,159.971,78.857,2.619,16.69,2
JY2,2533.75,163.502,79.127,2.613,16.442,2
JY2,2533.875,165.999,78.869,2.608,16.425,2
JY2,2534,166.258,77.971,2.611,16.528,2
JY2,2534.125,164.071,76.716,2.621,16.438,2
JY2,2534.25,160.455,75.83,2.635,15.947,2
JY2,2534.375,157.861,75.8,2.639,15.309,2
JY2,2534.5,157.978,76.514,2.63,15.025,2
JY2,2534.625,161.462,78.269,2.614,15.434,2
JY2,2534.75,166.47,80.357,2.598,16.363,2
JY2,2534.875,170.107,81.637,2.591,17.295,2
JY2,2535,170.005,82.089,2.592,17.758,2
JY2,2535.125,167.182,82.431,2.596,17.748,2
JY2,2535.25,164.229,82.889,2.598,17.476,2
JY2,2535.375,164.478,83.562,2.595,17.284,2
JY2,2535.5,167.797,84.412,2.591,17.34,2
JY2,2535.625,171.526,85.287,2.59,17.628,2
JY2,2535.75,172.935,85.599,2.59,17.888,2
JY2,2535.875,172.294,85.238,2.589,17.948,2
JY2,2536,171.32,84.895,2.589,17.81,2
JY2,2536.125,171.229,85.032,2.59,17.601,2
JY2,2536.25,171.635,85.304,2.592,17.362,2
JY2,2536.375,172.129,85.486,2.592,17.178,2
JY2,2536.5,171.924,85.609,2.587,17.21,2
JY2,2536.625,170.311,85.596,2.581,17.411,2
JY2,2536.75,167.419,85.388,2.576,17.498,2
JY2,2536.875,164.628,85.099,2.571,17.383,2
JY2,2537,162.64,84.78,2.568,17.252,2
JY2,2537.125,160.981,84.538,2.566,17.336,2
JY2,2537.25,159.316,84.481,2.568,17.577,2
JY2,2537.375,159.048,84.552,2.572,17.837,2
JY2,2537.5,161.669,84.74,2.577,18.064,2
JY2,2537.625,165.825,85.072,2.58,18.204,2
JY2,2537.75,168.883,85.444,2.578,18.318,2
JY2,2537.875,169.381,85.712,2.572,18.513,2
JY2,2538,168.25,85.825,2.565,18.705,2
JY2,2538.125,166.362,85.733,2.562,18.689,2
JY2,2538.25,163.617,85.185,2.566,18.491,2
JY2,2538.375,160.347,84.18,2.574,18.281,2
JY2,2538.5,158.05,83.308,2.586,18.199,2
JY2,2538.625,157.896,82.769,2.595,18.127,2
JY2,2538.75,159.079,82.44,2.599,17.99,2
JY2,2538.875,159.638,82.732,2.594,17.732,2
JY2,2539,159.334,83.671,2.584,17.507,2
JY2,2539.125,159.504,84.664,2.576,17.491,2
JY2,2539.25,161.123,85.404,2.57,17.66,2
JY2,2539.375,163.484,85.924,2.567,17.754,2
JY2,2539.5,165.434,86.061,2.57,17.707,2
JY2,2539.625,166.262,85.923,2.575,17.724,2
JY2,2539.75,165.886,85.681,2.58,17.846,2
JY2,2539.875,164.516,85.435,2.579,17.788,2
JY2,2540,162.697,85.353,2.577,17.496,2
JY2,2540.125,160.714,85.349,2.575,17.237,2
JY2,2540.25,158.615,85.102,2.573,17.148,2
JY2,2540.375,156.758,84.636,2.571,17.118,2
JY2,2540.5,155.842,84.194,2.573,17.105,2
JY2,2540.625,156.23,84.073,2.585,17.119,2
JY2,2540.75,157.874,84.386,2.601,17.152,2
JY2,2540.875,160.141,85.02,2.606,17.23,2
JY2,2541,161.811,85.67,2.594,17.406,2
JY2,2541.125,162.121,85.908,2.577,17.525,2
JY2,2541.25,161.057,85.351,2.571,17.378,2
JY2,2541.375,159.77,84.452,2.574,17.114,2
JY2,2541.5,159.293,83.849,2.579,16.999,2
JY2,2541.625,159.841,83.618,2.578,17.044,2
JY2,2541.75,160.091,83.573,2.573,17.048,2
JY2,2541.875,158.868,83.823,2.567,16.949,2
JY2,2542,157.286,84.15,2.561,16.752,2
JY2,2542.125,158.095,84.165,2.559,16.422,2
JY2,2542.25,161.939,84.029,2.56,16.044,2
JY2,2542.375,166.471,84.126,2.561,15.856,2
JY2,2542.5,169.704,84.357,2.559,15.971,2
JY2,2542.625,172.12,84.512,2.555,16.295,2
JY2,2542.75,174.716,84.515,2.552,16.561,2
JY2,2542.875,176.214,84.279,2.548,16.577,2
JY2,2543,175.43,83.813,2.545,16.321,2
JY2,2543.125,174.1,83.403,2.544,16.033,2
JY2,2543.25,173.907,83.249,2.546,16.044,2
JY2,2543.375,174.525,83.492,2.551,16.52,2
JY2,2543.5,174.276,84.076,2.554,17.081,2
JY2,2543.625,172.708,84.628,2.556,17.251,2
JY2,2543.75,170.621,84.743,2.558,16.933,2
JY2,2543.875,169.095,84.656,2.559,16.596,2
JY2,2544,169.706,84.656,2.561,16.57,2
JY2,2544.125,172.65,84.763,2.563,16.718,2
JY2,2544.25,175.701,85.142,2.563,16.816,2
JY2,2544.375,177.354,85.93,2.56,16.837,2
JY2,2544.5,178.49,86.544,2.551,16.787,2
JY2,2544.625,180.093,86.446,2.537,16.642,2
JY2,2544.75,181.492,85.776,2.524,16.45,2
JY2,2544.875,181.749,84.988,2.514,16.388,2
JY2,2545,182.139,84.417,2.512,16.523,2
JY2,2545.125,184.489,84.429,2.519,16.689,2
JY2,2545.25,188.535,84.821,2.53,16.742,2
JY2,2545.375,192.767,85.115,2.541,16.817,2
JY2,2545.5,196.559,85.231,2.547,17.023,2
JY2,2545.625,200.713,85.272,2.547,17.12,2
JY2,2545.75,204.498,84.969,2.542,16.801,2
JY2,2545.875,205.113,84.311,2.542,16.172,2
JY2,2546,201.214,83.653,2.546,15.687,2
JY2,2546.125,195.238,82.965,2.552,15.6,2
JY2,2546.25,191.809,82.165,2.557,15.751,2
JY2,2546.375,192.598,81.829,2.562,15.947,2
JY2,2546.5,196.654,82.601,2.569,16.153,2
JY2,2546.625,201.902,84.181,2.577,16.411,2
JY2,2546.75,207.044,85.92,2.581,16.669,2
JY2,2546.875,210.354,87.345,2.579,16.876,2
JY2,2547,210.481,88.109,2.578,17.088,2
JY2,2547.125,208.126,88.074,2.58,17.259,2
JY2,2547.25,205.839,87.727,2.584,17.247,2
JY2,2547.375,204.172,87.186,2.588,17.015,2
JY2,2547.5,201.157,86.129,2.595,16.694,2
JY2,2547.625,195.336,84.925,2.606,16.452,2
JY2,2547.75,188.104,84.052,2.617,16.352,2
JY2,2547.875,181.813,83.127,2.619,16.348,2
JY2,2548,177.706,81.871,2.613,16.262,2
JY2,2548.125,176.141,80.973,2.607,15.928,2
JY2,2548.25,176.815,80.655,2.608,15.341,2
JY2,2548.375,178.337,80.224,2.613,14.766,2
JY2,2548.5,179.26,79.836,2.619,14.46,2
JY2,2548.625,178.936,79.985,2.621,14.526,2
JY2,2548.75,178.128,80.213,2.618,14.836,2
JY2,2548.875,177.703,80.112,2.611,15.088,2
JY2,2549,177.802,79.834,2.6,15.094,2
JY2,2549.125,178.247,79.587,2.588,14.972,2
JY2,2549.25,179.598,79.461,2.579,14.839,2
JY2,2549.375,182.314,79.436,2.577,14.649,2
JY2,2549.5,185.289,79.412,2.582,14.313,2
JY2,2549.625,185.937,79.147,2.59,13.97,2
JY2,2549.75,182.712,78.496,2.596,13.926,2
JY2,2549.875,177.106,77.831,2.598,14.243,2
JY2,2550,172.903,77.514,2.597,14.635,2
JY2,2550.125,172.822,77.418,2.595,14.775,2
JY2,2550.25,176.346,77.643,2.591,14.707,2
JY2,2550.375,180.121,78.204,2.588,14.716,2
JY2,2550.5,181.137,78.134,2.589,14.837,2
JY2,2550.625,178.59,76.932,2.596,14.832,2
JY2,2550.75,174.21,75.794,2.607,14.544,2
JY2,2550.875,170.761,75.511,2.615,14.116,2
JY2,2551,169.957,75.714,2.613,13.738,2
JY2,2551.125,170.872,76.451,2.605,13.525,2
JY2,2551.25,171.551,78.031,2.595,13.613,2
JY2,2551.375,171.554,79.673,2.591,14.063,2
JY2,2551.5,172.318,80.503,2.59,14.684,2
JY2,2551.625,174.018,80.701,2.589,15.183,2
JY2,2551.75,174.802,80.626,2.586,15.415,2
JY2,2551.875,173.207,80.101,2.579,15.459,2
JY2,2552,169.993,78.991,2.572,15.29,2
JY2,2552.125,166.86,77.836,2.57,14.849,2
JY2,2552.25,164.17,77.221,2.574,14.27,2
JY2,2552.375,162.052,77.139,2.58,13.75,2
JY2,2552.5,161.283,77.389,2.582,13.386,2
JY2,2552.625,162.063,77.957,2.583,13.186,2
JY2,2552.75,163.441,78.59,2.586,13.166,2
JY2,2552.875,164.999,79.021,2.59,13.361,2
JY2,2553,168.692,79.466,2.592,13.82,2
JY2,2553.125,176.361,79.895,2.593,14.517,2
JY2,2553.25,186.225,79.922,2.594,15.302,2
JY2,2553.375,193.375,79.768,2.595,15.944,2
JY2,2553.5,193.74,79.675,2.596,16.201,2
JY2,2553.625,188.282,79.466,2.597,15.992,2
JY2,2553.75,181.862,79.455,2.601,15.559,2
JY2,2553.875,179.037,79.855,2.607,15.269,2
JY2,2554,179.965,80.005,2.611,15.128,2
JY2,2554.125,181.473,79.476,2.614,14.802,2
JY2,2554.25,180.543,78.656,2.615,14.117,2
JY2,2554.375,177.969,78.017,2.612,13.407,2
JY2,2554.5,177.358,77.79,2.602,13.084,2
JY2,2554.625,180.911,78.091,2.586,13.208,2
JY2,2554.75,186.905,78.909,2.569,13.573,2
JY2,2554.875,192.148,79.755,2.558,13.886,2
JY2,2555,195.55,80.127,2.553,13.979,2
JY2,2555.125,197.976,80.151,2.549,13.877,2
JY2,2555.25,200.003,80.26,2.542,13.72,2
JY2,2555.375,200.921,80.626,2.534,13.649,2
JY2,2555.5,199.852,81.088,2.527,13.693,2
JY2,2555.625,197.235,81.429,2.524,13.731,2
JY2,2555.75,194.903,81.526,2.523,13.712,2
JY2,2555.875,194.264,81.254,2.521,13.729,2
JY2,2556,195.194,80.702,2.517,13.827,2
JY2,2556.125,196.354,80.205,2.516,13.912,2
JY2,2556.25,196.267,79.979,2.52,13.919,2
JY2,2556.375,194.773,80.064,2.528,13.988,2
JY2,2556.5,193.089,80.471,2.535,14.27,2
JY2,2556.625,192.513,81.032,2.54,14.622,2
JY2,2556.75,193.161,81.572,2.546,14.731,2
JY2,2556.875,194.383,82.148,2.551,14.48,2
JY2,2557,195.894,82.743,2.553,14.082,2
JY2,2557.125,197.426,83.024,2.55,13.86,2
JY2,2557.25,197.413,82.785,2.542,13.87,2
JY2,2557.375,194.252,82.26,2.534,13.945,2
JY2,2557.5,188.805,81.737,2.53,13.95,2
JY2,2557.625,184.453,81.344,2.534,13.864,2
JY2,2557.75,183.764,81.279,2.541,13.746,2
JY2,2557.875,185.527,81.626,2.545,13.63,2
JY2,2558,186.918,81.992,2.54,13.508,2
JY2,2558.125,187.418,82.079,2.528,13.411,2
JY2,2558.25,188.698,82.04,2.518,13.483,2
JY2,2558.375,191.306,81.956,2.513,13.775,2
JY2,2558.5,193.248,81.689,2.514,14.029,2
JY2,2558.625,191.883,81.016,2.521,13.926,2
JY2,2558.75,186.448,79.781,2.533,13.473,2
JY2,2558.875,179.126,78.351,2.547,12.975,2
JY2,2559,174.638,77.429,2.555,12.6,2
JY2,2559.125,177.084,77.241,2.552,12.387,2
JY2,2559.25,186.345,77.589,2.54,12.537,2
JY2,2559.375,197.391,78.389,2.527,13.09,2
JY2,2559.5,204.564,79.327,2.521,13.699,2
JY2,2559.625,206,79.664,2.525,13.927,2
JY2,2559.75,203.88,79.492,2.535,13.793,2
JY2,2559.875,201.475,79.607,2.544,13.77,2
JY2,2560,200.389,79.936,2.547,14.092,2
JY2,2560.125,200.147,80.104,2.543,14.52,2
JY2,2560.25,199.205,80.242,2.535,14.651,2
JY2,2560.375,196.463,80.205,2.528,14.36,2
JY2,2560.5,191.909,79.778,2.528,13.89,2
JY2,2560.625,187.157,79.245,2.536,13.514,2
JY2,2560.75,184.902,78.854,2.544,13.311,2
JY2,2560.875,186.802,78.708,2.541,13.29,2
JY2,2561,191.932,79.045,2.526,13.468,2
JY2,2561.125,197.494,79.88,2.509,13.75,2
JY2,2561.25,201.362,80.938,2.499,13.992,2
JY2,2561.375,203.093,81.855,2.5,14.155,2
JY2,2561.5,203.114,82.384,2.509,14.296,2
JY2,2561.625,201.719,82.565,2.519,14.386,2
JY2,2561.75,199.178,82.573,2.53,14.344,2
JY2,2561.875,196.151,82.467,2.539,14.243,2
JY2,2562,194.007,82.275,2.542,14.236,2
JY2,2562.125,193.651,82.073,2.535,14.302,2
JY2,2562.25,194.333,81.865,2.52,14.279,2
JY2,2562.375,194.243,81.674,2.504,14.069,2
JY2,2562.5,193.028,81.696,2.494,13.818,2
JY2,2562.625,192.468,82.086,2.492,13.716,2
JY2,2562.75,193.581,82.629,2.496,13.789,2
JY2,2562.875,194.949,82.97,2.502,13.879,2
JY2,2563,195.429,82.926,2.506,13.819,2
JY2,2563.125,196.11,82.564,2.503,13.67,2
JY2,2563.25,197.526,82.167,2.497,13.552,2
JY2,2563.375,197.137,81.97,2.492,13.408,2
JY2,2563.5,192.307,81.781,2.491,13.137,2
JY2,2563.625,184.145,81.362,2.494,12.778,2
JY2,2563.75,177.323,80.823,2.501,12.473,2
JY2,2563.875,175.08,80.269,2.508,12.285,2
JY2,2564,176.529,79.743,2.513,12.184,2
JY2,2564.125,177.686,79.327,2.513,12.189,2
JY2,2564.25,175.765,78.931,2.511,12.298,2
JY2,2564.375,171.582,78.703,2.515,12.432,2
JY2,2564.5,168.32,78.876,2.523,12.487,2
JY2,2564.625,167.79,79.097,2.531,12.405,2
JY2,2564.75,169.267,79.236,2.529,12.16,2
JY2,2564.875,171.404,79.712,2.518,11.867,2
JY2,2565,174.499,80.446,2.505,11.758,2
JY2,2565.125,180.032,81.014,2.497,12.046,2
JY2,2565.25,187.139,81.392,2.496,12.621,2
JY2,2565.375,193.121,81.733,2.498,13.131,2
JY2,2565.5,196.643,81.969,2.497,13.29,2
JY2,2565.625,198.841,81.78,2.497,13.22,2
JY2,2565.75,200.919,81.234,2.497,13.141,2
JY2,2565.875,202.845,80.987,2.497,13.041,2
JY2,2566,204.459,81.156,2.495,12.825,2
JY2,2566.125,205.882,81.317,2.49,12.51,2
JY2,2566.25,206.672,81.317,2.482,12.196,2
JY2,2566.375,206.56,81.175,2.471,11.942,2
JY2,2566.5,206.689,80.981,2.462,11.816,2
JY2,2566.625,208.275,80.895,2.459,11.889,2
JY2,2566.75,210.994,80.938,2.464,12.138,2
JY2,2566.875,213.003,81.217,2.47,12.394,2
JY2,2567,212.643,81.776,2.472,12.484,2
JY2,2567.125,209.707,82.254,2.47,12.447,2
JY2,2567.25,205.4,82.348,2.469,12.441,2
JY2,2567.375,201.933,82.251,2.472,12.466,2
JY2,2567.5,201.877,82.172,2.479,12.448,2
JY2,2567.625,206.438,82.233,2.485,12.465,2
JY2,2567.75,215.169,82.421,2.488,12.71,2
JY2,2567.875,227.636,82.631,2.487,13.252,2
JY2,2568,243.623,83.141,2.482,13.877,2
JY2,2568.125,264.306,84.111,2.472,14.345,2
JY2,2568.25,292.657,85.161,2.456,14.543,2
JY2,2568.375,326.794,86.185,2.444,14.473,2
JY2,2568.5,356.475,86.971,2.447,14.122,2
JY2,2568.625,361.061,85.685,2.476,13.496,2
JY2,2568.75,331.014,81.592,2.529,12.762,2
JY2,2568.875,275.753,76.506,2.591,12.121,2
JY2,2569,221.493,72.431,2.637,11.707,2
JY2,2569.125,188.414,69.937,2.646,11.565,2
JY2,2569.25,179.998,70.144,2.616,11.745,2
JY2,2569.375,185.438,73.232,2.568,12.16,2
JY2,2569.5,193.713,77.28,2.526,12.589,2
JY2,2569.625,199.385,80.7,2.498,12.854,2
JY2,2569.75,200.157,82.709,2.484,12.992,2
JY2,2569.875,195.622,82.823,2.477,13.072,2
JY2,2570,187.002,81.722,2.475,12.992,2
JY2,2570.125,178.171,80.599,2.479,12.697,2
JY2,2570.25,172.914,79.662,2.488,12.303,2
JY2,2570.375,171.973,79.112,2.495,12.044,2
JY2,2570.5,172.409,79.186,2.492,11.935,2
JY2,2570.625,172.223,79.333,2.48,11.758,2
JY2,2570.75,172.601,79.581,2.468,11.401,2
JY2,2570.875,175.591,80.761,2.463,11.102,2
JY2,2571,180.953,82.368,2.464,11.211,2
JY2,2571.125,185.671,83.611,2.465,11.754,2
JY2,2571.25,187.312,84.633,2.462,12.336,2
JY2,2571.375,184.327,84.292,2.457,12.448,2
JY2,2571.5,177.316,82.32,2.455,12.123,2
JY2,2571.625,168.471,80.434,2.458,11.757,2
JY2,2571.75,160.726,79.564,2.467,11.713,2
JY2,2571.875,155.493,79.257,2.479,12.013,2
JY2,2572,152.356,79.488,2.489,12.447,2
JY2,2572.125,149.484,79.697,2.495,12.719,2
JY2,2572.25,145.236,79.266,2.497,12.739,2
JY2,2572.375,139.514,78.464,2.5,12.637,2
JY2,2572.5,135.069,78.093,2.507,12.588,2
JY2,2572.625,134.311,78.574,2.517,12.617,2
JY2,2572.75,136.102,79.731,2.529,12.835,2
JY2,2572.875,136.234,80.888,2.536,13.43,2
JY2,2573,133.178,81.728,2.536,14.38,2
JY2,2573.125,129.976,82.102,2.532,15.418,2
JY2,2573.25,130.679,82.048,2.527,16.331,2
JY2,2573.375,136.483,82.504,2.524,17.231,2
JY2,2573.5,145.827,84.52,2.522,18.17,2
JY2,2573.625,155.345,87.164,2.523,18.873,2
JY2,2573.75,162.427,89.517,2.524,19.144,2
JY2,2573.875,166.844,91.604,2.523,19.051,2
JY2,2574,170.674,93.171,2.522,18.809,2
JY2,2574.125,175.227,93.834,2.529,18.678,2
JY2,2574.25,178.213,93.44,2.55,18.802,2
JY2,2574.375,176.75,91.732,2.586,19.106,2
JY2,2574.5,169.267,88.602,2.629,19.202,2
JY2,2574.625,156.228,83.854,2.671,18.757,2
JY2,2574.75,137.637,77.345,2.706,17.743,1
JY2,2574.875,113.381,70.449,2.733,16.072,1
JY2,2575,87.9,64.639,2.757,13.889,1
JY2,2575.125,67.195,59.902,2.784,11.696,1
JY2,2575.25,55.841,56.747,2.807,10.052,1
JY2,2575.375,52.68,55.744,2.816,9.109,1
JY2,2575.5,55.538,56.398,2.808,8.835,1
JY2,2575.625,62.156,57.8,2.789,9.007,1
JY2,2575.75,69.956,59.43,2.77,9.341,1
JY2,2575.875,75.679,60.449,2.757,9.575,1
JY2,2576,77.207,60.571,2.753,9.489,1
JY2,2576.125,75.002,60.342,2.754,9.078,1
JY2,2576.25,70.771,59.784,2.76,8.563,1
JY2,2576.375,66.701,58.876,2.765,8.236,1
JY2,2576.5,64.654,58.516,2.769,8.174,1
