Well Name,Depth,Facies,GR,AC,DEN
JY11-4,2265.125,4,157.848,220.712,2.722
JY11-4,2265.25,4,158.666,218.015,2.726
JY11-4,2265.375,4,159.859,217.003,2.72
JY11-4,2265.75,4,159.856,221.967,2.693
JY11-4,2265.875,4,159.99,225.382,2.688
JY11-4,2266,4,159.624,228.794,2.684
JY11-4,2266.75,4,159.481,230.419,2.706
JY11-4,2266.875,4,158.711,227.974,2.706
JY11-4,2267,4,157.415,225.114,2.701
JY11-4,2267.625,4,154.93,232.759,2.683
JY11-4,2267.75,4,158.615,235.14,2.681
JY11-4,2267.875,4,162.738,235.912,2.683
JY11-4,2268.625,4,163.259,238.259,2.657
JY11-4,2268.75,4,161.386,238.078,2.658
JY11-4,2268.875,4,160.316,237.593,2.663
JY11-4,2269.625,4,158.366,234.939,2.679
JY11-4,2269.75,4,159.951,234.672,2.686
JY11-4,2269.875,4,162.662,234.889,2.69
JY11-4,2270.75,4,164.481,234.086,2.671
JY11-4,2270.875,4,162.038,234.211,2.669
JY11-4,2271,4,159.34,234.814,2.67
JY11-4,2271.625,4,162.575,241.822,2.697
JY11-4,2271.75,4,162.644,243.424,2.695
JY11-4,2271.875,4,163.555,244.89,2.693
JY11-4,2272.5,4,164.061,251.363,2.696
JY11-4,2272.625,4,162.007,249.104,2.708
JY11-4,2272.75,4,162.149,246.529,2.722
JY11-4,2274.375,4,171.291,261.533,2.699
JY11-4,2274.5,4,170.148,262.113,2.699
JY11-4,2274.625,4,170.607,262.844,2.693
JY11-4,2275.625,4,177.384,261.546,2.685
JY11-4,2275.75,4,176.996,261.43,2.684
JY11-4,2275.875,4,174.653,261.158,2.681
JY11-4,2276.375,4,170.457,266.26,2.688
JY11-4,2276.5,4,171.153,268.807,2.692
JY11-4,2276.625,4,172.41,270.942,2.691
JY11-4,2277.5,4,169.888,269.331,2.682
JY11-4,2277.625,4,167.773,263.57,2.687
JY11-4,2277.75,4,164.226,257.785,2.699
JY11-4,2278.5,4,168.896,270.651,2.696
JY11-4,2278.625,4,168.164,270.273,2.691
JY11-4,2278.75,4,166.007,269.669,2.688
JY11-4,2279.75,4,165.103,264.721,2.668
JY11-4,2279.875,4,165.631,263.647,2.669
JY11-4,2280,4,164.353,262.851,2.672
JY11-4,2281,4,170.103,265.786,2.668
JY11-4,2281.125,4,172.508,267.673,2.665
JY11-4,2281.25,4,175.654,269.241,2.659
JY11-4,2282,4,173.175,266.983,2.661
JY11-4,2282.125,4,171.665,266.275,2.665
JY11-4,2282.25,4,172.004,265.695,2.67
JY11-4,2287,5,115.013,235.32,2.642
JY11-4,2287.25,5,137.358,257.743,2.619
JY11-4,2287.375,5,139.107,260.851,2.621
JY11-4,2287.5,5,142.982,263.559,2.622
JY11-4,2287.625,5,149.485,266.861,2.621
JY11-4,2288.75,4,175.295,266.702,2.647
JY11-4,2289,5,173.896,266.398,2.659
JY11-4,2289.125,5,173.91,265.489,2.655
JY11-4,2289.25,5,174.92,264.535,2.649
JY11-4,2289.375,5,176.34,263.425,2.643
JY11-4,2289.625,5,188.559,244.51,2.639
JY11-4,2290.5,5,230.905,267.009,2.616
JY11-4,2291,5,194.391,240.299,2.646
JY11-4,2291.125,5,198.053,241.618,2.65
JY11-4,2291.25,5,206.598,246.819,2.65
JY11-4,2291.375,5,192.676,276.221,2.671
JY11-4,2291.625,5,196.519,281.65,2.64
JY11-4,2292.5,4,198.884,289.937,2.624
JY11-4,2292.625,4,199.276,290.707,2.617
JY11-4,2293.75,4,202.439,289.176,2.616
JY11-4,2293.875,4,205.146,287.485,2.617
JY11-4,2294.5,5,183.352,274.199,2.653
JY11-4,2295.125,4,184.55,275.827,2.657
JY11-4,2295.25,4,207.038,292.488,2.625
JY11-4,2295.875,4,191.198,288.088,2.627
JY11-4,2296,4,196.747,288.147,2.644
JY11-4,2297,4,153.892,237.748,2.687
JY11-4,2297.125,4,144.007,234.656,2.682
JY11-4,2297.25,4,153.408,244.324,2.64
JY11-4,2299.125,4,153.868,237.22,2.645
JY11-4,2299.25,4,152.584,236.018,2.649
JY11-4,2299.375,4,144.601,233.366,2.661
JY11-4,2300,4,143.744,233.068,2.658
JY11-4,2300.125,4,140.831,232.61,2.661
JY11-4,2300.25,4,147.502,233.93,2.627
JY11-4,2302.875,4,154.394,240.498,2.646
JY11-4,2303,4,155.773,242.861,2.643
JY11-4,2303.125,4,156.869,244.405,2.638
JY11-4,2303.875,4,156.614,245.279,2.633
JY11-4,2304,4,155.87,245.825,2.627
JY11-4,2304.125,4,155.477,245.856,2.622
JY11-4,2305.875,4,160.766,241.068,2.628
JY11-4,2306,4,156.531,237.795,2.636
JY11-4,2306.125,4,151.433,235.002,2.645
JY11-4,2307,4,149.198,233.557,2.652
JY11-4,2307.125,4,151.132,234.067,2.652
JY11-4,2307.25,4,156.826,236.277,2.647
JY11-4,2307.375,5,162.899,239.164,2.64
JY11-4,2307.5,5,166.481,241.32,2.636
JY11-4,2307.625,5,167.077,242.35,2.634
JY11-4,2307.75,5,166.698,242.633,2.634
JY11-4,2307.875,5,158.243,241.83,2.632
JY11-4,2308,5,154.257,241.027,2.632
JY11-4,2308.125,5,152.184,239.881,2.636
JY11-4,2308.25,5,149.925,234.669,2.634
JY11-4,2308.375,5,152.562,236.069,2.635
JY11-4,2308.5,5,154.054,238.551,2.635
JY11-4,2308.625,5,156.777,244.683,2.626
JY11-4,2308.75,5,159.148,247.228,2.622
JY11-4,2308.875,5,161.285,248.519,2.62
JY11-4,2309,5,162.185,248.682,2.617
JY11-4,2309.125,5,162.264,248.418,2.612
JY11-4,2309.375,5,162.331,240.733,2.615
JY11-4,2309.875,4,163.005,239.587,2.617
JY11-4,2310,4,162.535,239.412,2.617
JY11-4,2310.125,4,214.533,249.866,2.645
JY11-4,2310.75,4,223.144,246.406,2.649
JY11-4,2310.875,4,218.058,241.36,2.652
JY11-4,2311,4,170.755,241.451,2.625
JY11-4,2311.625,4,173.461,240.528,2.632
JY11-4,2311.75,4,175.602,239.085,2.63
JY11-4,2311.875,4,178.363,238.04,2.628
JY11-4,2314.625,5,165.655,245.628,2.641
JY11-4,2314.75,5,163.354,237.989,2.623
JY11-4,2314.875,5,163.965,238.676,2.624
JY11-4,2315,5,165.205,239.877,2.628
JY11-4,2315.125,5,156.273,237.38,2.644
JY11-4,2315.25,5,156.191,235.604,2.651
JY11-4,2315.375,5,155.07,232.663,2.659
JY11-4,2315.5,5,161.454,238.713,2.66
JY11-4,2315.625,5,164.328,241.12,2.655
JY11-4,2315.75,5,163.985,241.032,2.653
JY11-4,2315.875,5,160.193,238.127,2.627
JY11-4,2320.875,4,171.81,270.648,2.603
JY11-4,2321,4,169.281,269.024,2.602
JY11-4,2321.125,4,166.736,266.175,2.605
JY11-4,2324.625,4,163.573,263.887,2.593
JY11-4,2324.75,4,164.119,264.41,2.594
JY11-4,2324.875,4,164.015,264.835,2.592
JY11-4,2326.125,4,163.905,264.559,2.592
JY11-4,2326.25,4,164.123,263.51,2.596
JY11-4,2326.375,4,163.809,262.657,2.606
JY11-4,2335.375,4,173.468,233.847,2.627
JY11-4,2335.5,4,173.38,236.201,2.612
JY11-4,2335.625,4,166.064,241.368,2.588
JY11-4,2338.25,5,191.513,243.541,2.584
JY11-4,2338.375,5,195.9,245.708,2.573
JY11-4,2338.5,5,202.469,252.7,2.572
JY41-5,2494.5,4,165.888,238.551,2.742
JY41-5,2494.625,4,164.232,238.706,2.745
JY41-5,2520.125,4,188.447,249.275,2.725
JY41-5,2520.25,4,181.884,247.823,2.716
JY41-5,2521,4,174.907,238.665,2.703
JY41-5,2521.125,4,176.183,238.368,2.7
JY41-5,2521.25,4,177.935,238.672,2.702
JY41-5,2522.125,4,181.222,242.698,2.709
JY41-5,2522.25,4,184.508,243.803,2.704
JY41-5,2522.375,4,187.919,245.654,2.699
JY41-5,2523.25,4,189.081,253.41,2.716
JY41-5,2523.375,4,191.613,253.397,2.718
JY41-5,2523.5,4,194.113,253.462,2.716
JY41-5,2524.25,4,186.462,254.463,2.701
JY41-5,2524.375,4,183.164,254.525,2.709
JY41-5,2524.5,4,182.628,254.347,2.72
JY41-5,2525.125,4,174.938,251.576,2.703
JY41-5,2525.25,4,175.701,251.445,2.705
JY41-5,2525.375,4,176.596,251.55,2.71
JY41-5,2526.125,4,178.725,254.019,2.728
JY41-5,2526.25,4,180.339,254.521,2.731
JY41-5,2526.375,4,183.28,255.012,2.735
JY41-5,2527.125,4,181.617,255.457,2.72
JY41-5,2527.25,4,179.41,254.761,2.716
JY41-5,2527.375,4,177.695,253.873,2.715
JY41-5,2528,4,178.108,250.025,2.723
JY41-5,2528.125,4,175.971,249.991,2.719
JY41-5,2528.25,4,175.205,250.204,2.714
JY41-5,2528.875,4,182.537,249.494,2.716
JY41-5,2529,4,178.026,248.254,2.714
JY41-5,2529.125,4,172.929,246.999,2.718
JY41-5,2529.75,4,179.54,247.462,2.726
JY41-5,2529.875,4,180.642,248.073,2.725
JY41-5,2530,4,180.674,248.408,2.723
JY41-5,2530.625,4,178.624,249.629,2.731
JY41-5,2530.75,4,177.418,250.406,2.728
JY41-5,2530.875,4,177.107,251.216,2.727
JY41-5,2531.375,4,184.077,252.736,2.717
JY41-5,2531.5,4,184.536,252.677,2.715
JY41-5,2531.625,4,185.313,252.583,2.718
JY41-5,2532.375,4,181.358,253.602,2.726
JY41-5,2532.5,4,178.836,253.917,2.729
JY41-5,2532.625,4,177.019,254.249,2.732
JY41-5,2533.25,4,176.368,255.209,2.748
JY41-5,2533.375,4,178.819,255.004,2.746
JY41-5,2533.5,4,180.659,254.698,2.742
JY41-5,2534,4,187.24,253.679,2.742
JY41-5,2534.125,4,186.378,253.541,2.733
JY41-5,2534.25,4,183.233,253.293,2.724
JY41-5,2534.875,4,177.201,251.546,2.725
JY41-5,2535,4,174.544,252.181,2.721
JY41-5,2535.125,4,173.179,253.212,2.714
JY41-5,2535.875,4,182.827,255.4,2.699
JY41-5,2536,4,181.282,254.563,2.699
JY41-5,2536.125,4,181.363,253.808,2.696
JY41-5,2536.875,4,190.692,257.522,2.693
JY41-5,2537,4,193.229,258.335,2.695
JY41-5,2537.125,4,194.289,258.538,2.695
JY41-5,2537.875,4,188.411,253.603,2.716
JY41-5,2538,4,187.172,253.741,2.717
JY41-5,2538.125,4,187.972,254.11,2.715
JY41-5,2538.875,4,186.225,259.364,2.715
JY41-5,2539,4,189.167,259.999,2.706
JY41-5,2539.125,4,190.624,260.012,2.696
JY41-5,2540,4,186.347,258.339,2.706
JY41-5,2540.125,4,185.876,258.724,2.702
JY41-5,2540.25,4,182.737,259.065,2.699
JY41-5,2541.5,4,198.955,259.219,2.71
JY41-5,2541.625,4,195.759,259.344,2.709
JY41-5,2541.75,4,193.833,259.454,2.709
JY41-5,2542.625,4,213.597,257.861,2.691
JY41-5,2542.75,4,213.005,257.608,2.684
JY41-5,2542.875,4,211.356,257.574,2.675
JY41-5,2543.375,4,208.361,259.004,2.651
JY41-5,2543.5,4,207.693,259.275,2.645
JY41-5,2543.625,4,204.293,259.335,2.643
JY41-5,2544.375,4,193.576,255.294,2.67
JY41-5,2544.5,4,190.745,255.548,2.675
JY41-5,2544.625,4,187.679,256.479,2.679
JY41-5,2545.25,4,181.529,261.384,2.661
JY41-5,2545.375,4,183.592,261.623,2.664
JY41-5,2545.5,4,185.671,261.727,2.666
JY41-5,2546,4,186.347,258.892,2.645
JY41-5,2546.125,4,188.056,257.383,2.64
JY41-5,2546.25,4,189.358,255.968,2.64
JY41-5,2547,4,189.517,252.368,2.656
JY41-5,2547.125,4,185.922,251.095,2.661
JY41-5,2547.25,4,182.934,249.675,2.664
JY41-5,2548,4,187.422,254.492,2.673
JY41-5,2548.125,4,191.494,258.258,2.672
JY41-5,2548.25,4,196.788,262.074,2.67
JY41-5,2548.875,4,209.681,268.286,2.661
JY41-5,2549,4,226.167,272.177,2.628
JY41-5,2549.125,4,227.265,272.069,2.622
JY41-5,2550,5,224.231,271.349,2.617
JY41-5,2550.125,5,211.656,260.947,2.586
JY41-5,2550.25,5,209.697,258.875,2.594
JY41-5,2551,4,203.426,255.842,2.614
JY41-5,2551.125,4,196.786,251.406,2.612
JY41-5,2551.25,4,202.558,255.024,2.598
JY41-5,2552.125,4,205.121,258.064,2.595
JY41-5,2552.25,4,236.308,262.619,2.651
JY41-5,2552.375,4,238.167,263.646,2.653
JY41-5,2553.25,4,233.436,264.675,2.649
JY41-5,2553.375,4,189.345,266.035,2.69
JY41-5,2553.5,4,194.573,267.743,2.686
JY41-5,2554,4,202.383,269.929,2.681
JY41-5,2554.125,4,201.701,274.962,2.66
JY41-5,2554.25,4,199.152,275.312,2.656
JY41-5,2554.5,4,200.275,275.912,2.654
JY41-5,2554.625,4,210.141,277.714,2.651
JY41-5,2554.75,4,214.849,278.49,2.649
JY41-5,2556,4,215.899,278.956,2.648
JY41-5,2556.125,4,203.313,275.996,2.65
JY41-5,2556.25,4,207.325,276.358,2.65
JY41-5,2557.125,5,211.89,275.105,2.669
JY41-5,2559.125,4,213.233,266.65,2.67
JY41-5,2559.25,4,216.993,269.823,2.652
JY41-5,2560,4,217.087,271.58,2.641
JY41-5,2560.125,4,201.586,269.349,2.663
JY41-5,2560.25,4,203.269,268.205,2.666
JY41-5,2561,4,203.825,266.862,2.669
JY41-5,2561.125,4,199.503,263.025,2.675
JY41-5,2561.25,4,201.476,263.584,2.67
JY41-5,2562,4,202.295,264.03,2.671
JY41-5,2562.125,4,199.093,261.659,2.681
JY41-5,2562.25,4,196.023,259.733,2.665
JY41-5,2566,4,160.523,238.058,2.671
JY41-5,2566.125,4,172.429,243.33,2.646
JY41-5,2566.25,4,174.058,242.662,2.641
JY41-5,2566.625,4,174.191,242.049,2.638
JY41-5,2566.75,4,171.805,242.13,2.63
JY41-5,2566.875,4,171.844,242.635,2.633
JY41-5,2571.25,4,178.96,235.445,2.658
JY41-5,2571.375,4,164.553,231.103,2.691
JY41-5,2571.5,4,167.477,233.485,2.684
JY41-5,2572.125,4,171.507,235.824,2.676
JY41-5,2572.25,4,178.792,241.142,2.635
JY41-5,2572.375,4,180.409,241.286,2.633
JY41-5,2573,4,180.39,241.186,2.64
JY41-5,2573.125,4,179.445,238.496,2.636
JY41-5,2573.25,4,175.719,238.031,2.635
JY41-5,2576.375,5,169.647,235.154,2.653
JY41-5,2576.5,5,166.337,233.593,2.664
JY41-5,2576.625,5,166.2,234.225,2.66
JY41-5,2581,4,171.452,251.371,2.65
JY41-5,2581.125,4,188.632,258.277,2.633
JY41-5,2581.25,4,185.84,258.119,2.631
JY41-5,2582.125,4,182.989,258.343,2.628
JY41-5,2582.25,4,188.116,261.861,2.618
JY41-5,2582.375,4,183.574,260.598,2.616
JY41-5,2586.875,4,177.12,257.844,2.581
JY41-5,2587,4,172.485,255.594,2.608
JY41-5,2587.125,4,175.887,254.226,2.612
JY41-5,2589.25,5,184.195,257.827,2.573
JY41-5,2589.375,5,180.289,260.049,2.6
JY41-5,2589.5,5,187.911,260.764,2.595
JY41-5,2591.5,4,208.832,261.939,2.598
JY41-5,2591.625,4,224.591,264.146,2.609
JY41-5,2591.75,4,221.792,263.805,2.61
JY41-5,2592.125,4,219.453,262.434,2.611
JY41-5,2592.25,4,206.544,253.336,2.638
JY41-5,2592.375,4,198.637,250.072,2.648
JY41-5,2594,5,193.395,243.562,2.629
JY41-5,2594.125,5,204.756,239.814,2.612
JY41-5,2594.25,5,205.576,240.681,2.614
JY41-5,2594.875,5,202.104,241.135,2.622
JY41-5,2595,5,199.093,237.712,2.612
JY41-5,2620.5,4,134.219,251.71,2.532
JY41-5,2620.625,4,158.97,269.262,2.527
JY41-5,2620.75,4,168.608,273.406,2.535
JY56-z1,2864.75,4,186.334,239.097,2.729
JY56-z1,2865,4,183.139,237.273,2.724
JY56-z1,2865.375,4,180.382,236.383,2.714
JY56-z1,2865.5,4,178.409,237.074,2.71
JY56-z1,2865.625,4,178.192,238.154,2.703
JY56-z1,2868,4,198.527,264.848,2.688
JY56-z1,2868.25,4,202.489,264.334,2.702
JY56-z1,2868.375,4,200.754,263.861,2.708
JY56-z1,2868.625,4,198.02,262.39,2.706
JY56-z1,2868.75,4,199.364,261.685,2.701
JY56-z1,2869,4,203.933,261.522,2.695
JY56-z1,2869.25,4,200.315,263.08,2.689
JY56-z1,2869.375,4,199.042,263.997,2.688
JY56-z1,2869.5,4,200.104,264.448,2.689
JY56-z1,2869.75,4,203.809,263.232,2.699
JY56-z1,2869.875,4,202.465,261.771,2.701
JY56-z1,2870,4,198.784,259.954,2.698
JY56-z1,2870.25,4,193.824,256.697,2.691
JY56-z1,2870.375,4,194.304,256.262,2.695
JY56-z1,2870.625,4,195.741,259.285,2.695
JY56-z1,2870.875,4,199.771,265.331,2.681
JY56-z1,2871,4,204.394,268.315,2.682
JY56-z1,2871.25,4,211.455,271.449,2.673
JY56-z1,2871.5,4,226.782,268.876,2.647
JY56-z1,2871.625,4,230.538,264.967,2.633
JY56-z1,2871.75,4,224.608,260.144,2.634
JY56-z1,2874.125,4,187.071,242.143,2.665
JY56-z1,2874.25,4,186.125,243.295,2.663
JY56-z1,2874.375,4,185.95,244.358,2.663
JY56-z1,2874.5,4,185.556,244.924,2.663
JY56-z1,2874.625,4,185.417,245.329,2.663
JY56-z1,2874.75,4,186.492,245.699,2.663
JY56-z1,2876.5,5,180.435,234.906,2.68
JY56-z1,2876.625,5,173.312,234.057,2.687
JY56-z1,2876.75,5,164.72,233.544,2.686
JY56-z1,2884.75,4,191.306,268.203,2.619
JY56-z1,2884.875,4,191.494,267.972,2.616
JY56-z1,2886.75,4,190.201,272.27,2.623
JY56-z1,2886.875,4,191.312,272.557,2.622
JY56-z1,2887,4,190.751,271.908,2.622
JY56-z1,2897.375,5,201.478,247.118,2.621
JY56-z1,2897.5,5,202.957,245.983,2.625
JY56-z1,2897.625,5,203.683,245.696,2.63
JY56-z1,2898.375,4,214.601,246.731,2.623
JY56-z1,2898.5,4,213.344,247.116,2.627
JY56-z1,2898.625,4,209.516,248.093,2.627
JY56-z1,2899.125,5,209.189,250.04,2.623
JY56-z1,2899.25,5,209.761,249.581,2.616
JY56-z1,2899.375,5,213.236,249.166,2.607
JY51-2,3052.75,4,159.607,89.594,237.711
JY51-2,3052.875,4,161.003,90.077,240.227
JY51-2,3053,4,162.138,90.503,242.53
JY51-2,3053.75,4,192.832,93.346,253.755
JY51-2,3053.875,4,195.509,93.915,254.021
JY51-2,3054,4,196.842,94.448,254.741
JY51-2,3054.75,4,199.708,96.034,257.956
JY51-2,3054.875,4,198.12,96.168,256.577
JY51-2,3055,4,197.041,96.353,254.771
JY51-2,3055.75,4,198.012,96.834,247.534
JY51-2,3055.875,4,198.917,96.652,248.479
JY51-2,3056,4,200.281,96.473,249.495
JY51-2,3056.75,4,188.383,95.618,248.786
JY51-2,3056.875,4,187.104,95.502,248.304
JY51-2,3057,4,186.594,95.338,247.955
JY51-2,3057.75,4,188.286,93.883,248.046
JY51-2,3057.875,4,188.588,93.79,248.527
JY51-2,3058,4,188.402,93.722,248.81
JY51-2,3058.75,4,194.526,93.223,250.505
JY51-2,3058.875,4,198.933,93.494,251.752
JY51-2,3059,4,199.656,93.937,252.394
JY51-2,3059.75,4,196.919,95.239,250.387
JY51-2,3059.875,4,196.461,95.096,250.166
JY51-2,3060,4,197.179,94.976,249.718
JY51-2,3060.75,4,194.546,94.353,243.558
JY51-2,3060.875,4,194.005,94.265,243.729
JY51-2,3061,4,192.133,94.219,243.276
JY51-2,3061.75,4,190.989,94.297,244.255
JY51-2,3061.875,4,192.788,94.321,245.265
JY51-2,3062,4,193.159,94.302,245.833
JY51-2,3062.75,4,196.484,94.451,248.944
JY51-2,3062.875,4,197.961,94.478,250.999
JY51-2,3063,4,197.691,94.451,252.028
JY51-2,3063.75,4,204.037,94.499,252.987
JY51-2,3063.875,4,205.067,94.53,253.797
JY51-2,3064,4,206.055,94.537,254.836
JY51-2,3064.75,4,209.6,94.474,255.792
JY51-2,3064.875,4,209.411,94.422,255.453
JY51-2,3065,4,211.269,94.392,255.821
JY51-2,3065.75,4,228.722,94.749,258.981
JY51-2,3065.875,4,230.068,94.801,258.235
JY51-2,3066,4,226.645,94.803,257.17
JY51-2,3066.75,4,213.593,93.531,251.274
JY51-2,3066.875,4,216.469,93.407,251.967
JY51-2,3067,4,219.479,93.413,252.617
JY51-2,3067.75,4,222.793,94.041,248.274
JY51-2,3067.875,4,222.377,94.182,248.446
JY51-2,3068,4,220.049,94.443,248.762
JY51-2,3068.75,4,175.776,97.033,224.993
JY51-2,3068.875,4,163.135,97.229,221.863
JY51-2,3069,4,165.213,97.349,224.016
JY51-2,3069.625,4,217.704,98.292,258.5
JY51-2,3069.75,4,211.116,98.532,259.819
JY51-2,3069.875,4,209.662,98.742,261.527
JY51-2,3070.75,4,218.409,99.046,266.085
JY51-2,3070.875,4,215.081,99.143,266.848
JY51-2,3071,4,211.919,99.337,268.001
JY51-2,3071.75,4,210.497,101.04,269.579
JY51-2,3071.875,4,210.757,101.213,270.178
JY51-2,3072,4,210.919,101.341,270.681
JY51-2,3072.75,4,217.588,101.354,271.951
JY51-2,3072.875,4,219.99,101.315,273.069
JY51-2,3073,4,222.261,101.272,272.893
JY51-2,3073.75,4,216.372,100.076,264.722
JY51-2,3073.875,4,216.792,99.797,264.241
JY51-2,3074,4,216.262,99.578,263.74
JY51-2,3074.5,4,207.473,99.147,265.941
JY51-2,3074.625,4,207.258,98.987,265.13
JY51-2,3074.75,4,206.158,98.757,262.285
JY51-2,3075.75,4,222.267,95.182,264.399
JY51-2,3075.875,4,222.459,95.045,264.341
JY51-2,3076,4,223.23,94.948,264.183
JY51-2,3076.75,4,187.233,94.849,239.591
JY51-2,3076.875,4,183.019,94.883,240.37
JY51-2,3077,4,186.233,94.936,245.054
JY51-2,3077.75,4,222.666,94.686,263.552
JY51-2,3077.875,4,222.648,94.437,264.627
JY51-2,3078,4,219.95,94.265,265.859
JY51-2,3078.75,4,206.502,93.212,266.413
JY51-2,3078.875,4,207.183,93.034,266.307
JY51-2,3079,4,209.669,92.941,266.058
JY51-2,3079.75,4,200.463,91.875,261.617
JY51-2,3079.875,4,197.487,91.664,259.486
JY51-2,3080,4,197.418,91.514,258.809
JY51-2,3080.75,4,206.696,89.437,279.331
JY51-2,3080.875,4,210.274,89.177,275.028
JY51-2,3081,4,212.296,89.116,268.462
JY51-2,3081.75,4,204.642,89.681,264.619
JY51-2,3081.875,4,200.055,89.548,263.733
JY51-2,3082,4,193.909,89.398,259.144
JY51-2,3082.75,4,176.19,87.801,237.718
JY51-2,3082.875,4,175.625,87.568,238.136
JY51-2,3083,4,176.26,87.406,238.105
JY51-2,3083.75,4,173.385,85.406,237.481
JY51-2,3083.875,4,173.186,84.851,238.524
JY51-2,3084,4,174.259,84.322,239.576
JY51-2,3084.75,4,183.019,82.528,239.69
JY51-2,3084.875,4,184.422,82.42,240.398
JY51-2,3085,4,186.361,82.304,240.877
JY51-2,3085.625,5,171.218,81.6,233.919
JY51-2,3085.75,5,170.72,81.544,233.292
JY51-2,3085.875,5,175.23,81.565,233.541
JY51-2,3086.75,4,183.576,83.242,241.113
JY51-2,3086.875,4,182.357,83.777,242.114
JY51-2,3087,4,182.943,84.264,243.098
JY51-2,3087.75,4,183.292,84.131,242.928
JY51-2,3087.875,4,178.57,82.913,241.339
JY51-2,3088,4,176.388,82.061,240.493
JY51-2,3088.625,4,168.557,81.252,238.547
JY51-2,3088.75,4,166.05,81.988,237.538
JY51-2,3088.875,4,165.266,82.631,236.706
JY51-2,3089.75,4,183.617,83.744,245.566
JY51-2,3089.875,4,184.631,83.621,245.621
JY51-2,3090,4,184.048,83.586,245.346
JY51-2,3091.125,5,202.465,85.976,240.095
JY51-2,3091.25,5,218.361,86.227,240.292
JY51-2,3091.375,5,230.36,86.293,240.653
JY51-2,3091.75,4,230.973,85.625,239.344
JY51-2,3091.875,4,224.817,85.462,238.394
JY51-2,3092,4,215.501,85.426,237.502
JY51-2,3092.75,5,180.91,84.711,232.359
JY51-2,3092.875,5,182.833,84.622,232.57
JY51-2,3093,5,187.042,84.543,233.165
JY51-2,3093.75,5,190.698,84.338,237.722
JY51-2,3093.875,5,188.154,84.231,239.305
JY51-2,3094,5,186.204,84.058,240.33
JY51-2,3094.75,4,194.543,82.812,245.858
JY51-2,3094.875,4,194.153,82.702,246.051
JY51-2,3095,4,192.255,82.653,245.731
JY51-2,3095.75,4,187.398,81.786,241.298
JY51-2,3095.875,4,187.586,81.588,238.998
JY51-2,3096,4,188.935,81.429,236.696
JY51-2,3097.75,4,182.415,80.379,225.109
JY51-2,3097.875,4,187.478,80.234,226.643
JY51-2,3098,4,190.779,80.15,230.041
JY51-2,3098.75,4,179.885,81.244,236.418
JY51-2,3098.875,4,177.437,81.558,235.154
JY51-2,3099,4,177.88,81.85,234.234
JY51-2,3099.75,4,180.313,82.744,234.413
JY51-2,3099.875,4,181.074,83.015,235.256
JY51-2,3100,4,182.266,83.337,237
JY51-2,3100.75,4,177.452,83.828,242.727
JY51-2,3100.875,4,179.555,83.782,242.597
JY51-2,3101,4,182.562,83.804,242.734
JY51-2,3101.75,4,193.25,84.322,244.073
JY51-2,3101.875,4,194.613,84.565,243.82
JY51-2,3102,4,195.716,84.759,243.292
JY51-2,3103.75,4,197.258,85.372,247.915
JY51-2,3103.875,4,199.402,85.464,249.876
JY51-2,3104,4,197.59,85.54,250.902
JY51-2,3104.625,4,191.839,86.394,247.279
JY51-2,3104.75,4,190.085,86.502,248.9
JY51-2,3104.875,4,190.832,86.585,251.367
JY51-2,3105.75,4,173.356,87.839,245.236
JY51-2,3105.875,4,171.859,87.918,247.503
JY51-2,3106,4,175.51,88.022,249.679
JY51-2,3106.75,4,186.727,87.7,260.408
JY51-2,3106.875,4,188.457,87.796,259.774
JY51-2,3107,4,190.33,88.001,259.282
JY51-2,3107.625,4,191.686,89.99,258.479
JY51-2,3107.75,4,189.283,90.387,258.381
JY51-2,3107.875,4,188.522,90.733,258.264
JY51-2,3108.75,4,188.018,90.599,260.561
JY51-2,3108.875,4,189.291,90.112,261.824
JY51-2,3109,4,187.283,89.679,262.484
JY51-2,3109.75,4,178.96,88.9,256.354
JY51-2,3109.875,4,180.471,89.038,255.716
JY51-2,3110,4,179.885,89.251,255.325
JY51-2,3110.75,4,191.847,90.7,258.683
JY51-2,3110.875,4,191.334,90.663,258.805
JY51-2,3111,4,189.526,90.479,257.747
JY51-2,3111.75,4,170.925,87.538,253.283
JY51-2,3111.875,4,179.531,87.141,255.058
JY51-2,3112,4,185.418,86.788,256.05
JY51-2,3112.75,4,183.183,84.56,252.286
JY51-2,3112.875,4,181.664,84.454,251.849
JY51-2,3113,4,180.4,84.462,252.493
JY51-2,3114.75,4,207.024,86.456,253.426
JY51-2,3114.875,4,210.453,86.92,254.503
JY51-2,3115,4,213.125,87.299,255.602
JY51-2,3115.75,4,238.033,89.027,264.561
JY51-2,3115.875,4,241.981,89.286,266.56
JY51-2,3116,4,244.594,89.464,267.363
JY51-2,3116.625,5,223.049,89.409,249.022
JY51-2,3116.75,5,216.3,89.218,247.431
JY51-2,3116.875,5,212.292,88.934,246.204
JY51-2,3117.75,5,210.991,86.973,246.045
JY51-2,3117.875,5,212.119,87.043,247.447
JY51-2,3118,5,211.245,87.143,247.467
JY51-2,3118.75,5,201.062,86.065,240.596
JY51-2,3118.875,5,201.109,85.742,239.036
JY51-2,3119,5,200.958,85.385,237.898
JY51-2,3119.75,4,216.691,81.938,246.712
JY51-2,3119.875,4,216.053,81.805,245.754
JY51-2,3120,4,213.587,81.84,244.913
JY51-2,3120.75,5,203.315,80.841,237.562
JY51-2,3120.875,5,204.388,80.329,238.04
JY51-2,3121,5,206.197,79.91,240.751
JY51-2,3123.75,5,177.034,87.803,239.938
JY51-2,3123.875,5,179.197,87.828,240.999
JY51-2,3124,5,187.739,87.895,243.036
JY51-2,3134.875,5,332.175,97.994,262.229
JY51-2,3135,5,341.333,98.232,261.22
JY51-2,3135.125,5,336.199,98.39,258.747
JY51-2,3142.75,4,159.184,104.986,252.069
JY51-2,3142.875,4,155.465,104.954,254.036
JY51-2,3143,4,155.957,104.782,254.702
JY51-2,3143.75,5,193.836,101.402,268.561
JY51-2,3143.875,5,195.247,100.645,271.254
JY51-2,3144,5,196.91,99.903,273.09
JY51-2,3144.75,4,160.242,96.731,226.812
JY51-2,3144.875,4,137.797,96.323,216.495
JY51-2,3145,4,110.346,95.926,205.372
