,Well Name,Depth,Facies,GR,AC,DEN,CNL
0,JY11-4,2265.125,4,157.848,220.712,2.722,21.219
1,JY11-4,2265.25,4,158.666,218.015,2.726,18.188
2,JY11-4,2265.375,4,159.859,217.003,2.72,17.333
3,JY11-4,2265.75,4,159.856,221.967,2.693,18.24
4,JY11-4,2265.875,4,159.99,225.382,2.688,18.15
5,JY11-4,2266,4,159.624,228.794,2.684,18.281
6,JY11-4,2266.75,4,159.481,230.419,2.706,20.186
7,JY11-4,2266.875,4,158.711,227.974,2.706,19.641
8,JY11-4,2267,4,157.415,225.114,2.701,18.85
9,JY11-4,2267.625,4,154.93,232.759,2.683,19.231
10,JY11-4,2267.75,4,158.615,235.14,2.681,19.914
11,JY11-4,2267.875,4,162.738,235.912,2.683,19.995
12,JY11-4,2268.625,4,163.259,238.259,2.657,21.431
13,JY11-4,2268.75,4,161.386,238.078,2.658,22.195
14,JY11-4,2268.875,4,160.316,237.593,2.663,22.72
15,JY11-4,2269.625,4,158.366,234.939,2.679,20.294
16,JY11-4,2269.75,4,159.951,234.672,2.686,19.749
17,JY11-4,2269.875,4,162.662,234.889,2.69,19.523
18,JY11-4,2270.75,4,164.481,234.086,2.671,20.6
19,JY11-4,2270.875,4,162.038,234.211,2.669,20.317
20,JY11-4,2271,4,159.34,234.814,2.67,20.209
21,JY11-4,2271.625,4,162.575,241.822,2.697,20.586
22,JY11-4,2271.75,4,162.644,243.424,2.695,21.108
23,JY11-4,2271.875,4,163.555,244.89,2.693,21.255
24,JY11-4,2272.5,4,164.061,251.363,2.696,22.318
25,JY11-4,2272.625,4,162.007,249.104,2.708,22.32
26,JY11-4,2272.75,4,162.149,246.529,2.722,21.224
28,JY11-4,2273.125,5,182.417,249.446,2.726,19.597
29,JY11-4,2273.25,5,184.495,253.503,2.706,20.312
30,JY11-4,2273.375,5,183.122,257.063,2.691,20.635
31,JY11-4,2273.5,5,181.825,258.377,2.685,20.416
32,JY11-4,2273.625,5,181.409,258.895,2.687,20.269
33,JY11-4,2273.75,5,180.309,259.695,2.689,20.595
34,JY11-4,2273.875,5,178.423,260.409,2.689,21.317
35,JY11-4,2274,5,176.88,260.41,2.687,21.786
36,JY11-4,2274.375,4,171.291,261.533,2.699,21.605
37,JY11-4,2274.5,4,170.148,262.113,2.699,22.122
38,JY11-4,2274.625,4,170.607,262.844,2.693,22.436
39,JY11-4,2275.625,4,177.384,261.546,2.685,21.637
40,JY11-4,2275.75,4,176.996,261.43,2.684,22.007
41,JY11-4,2275.875,4,174.653,261.158,2.681,22.379
42,JY11-4,2276.375,4,170.457,266.26,2.688,22.221
43,JY11-4,2276.5,4,171.153,268.807,2.692,22.523
44,JY11-4,2276.625,4,172.41,270.942,2.691,22.748
45,JY11-4,2277.5,4,169.888,269.331,2.682,21.296
46,JY11-4,2277.625,4,167.773,263.57,2.687,21.134
47,JY11-4,2277.75,4,164.226,257.785,2.699,20.847
48,JY11-4,2278.5,4,168.896,270.651,2.696,21.968
49,JY11-4,2278.625,4,168.164,270.273,2.691,21.767
50,JY11-4,2278.75,4,166.007,269.669,2.688,21.052
51,JY11-4,2279.75,4,165.103,264.721,2.668,21.02
52,JY11-4,2279.875,4,165.631,263.647,2.669,21.14
53,JY11-4,2280,4,164.353,262.851,2.672,21.345
54,JY11-4,2281,4,170.103,265.786,2.668,19.88
55,JY11-4,2281.125,4,172.508,267.673,2.665,20.295
56,JY11-4,2281.25,4,175.654,269.241,2.659,20.804
57,JY11-4,2282,4,173.175,266.983,2.661,21.573
58,JY11-4,2282.125,4,171.665,266.275,2.665,21.69
59,JY11-4,2282.25,4,172.004,265.695,2.67,21.35
60,JY11-4,2283,3,174.995,261.051,2.677,19.02
61,JY11-4,2283.125,3,177.342,259.542,2.676,18.373
62,JY11-4,2283.25,3,183.386,257.444,2.673,17.726
63,JY11-4,2283.625,3,197.481,252.389,2.653,16.906
64,JY11-4,2283.75,3,197.213,251.26,2.647,16.901
65,JY11-4,2283.875,3,196.836,251.889,2.642,16.741
66,JY11-4,2285,3,164.452,273.11,2.507,17.648
67,JY11-4,2285.125,3,161.596,283.052,2.447,20.478
68,JY11-4,2285.25,3,158.791,284.242,2.414,23.642
69,JY11-4,2285.5,5,151.744,257.208,2.475,19.852
70,JY11-4,2285.625,5,149.637,234.968,2.537,15.582
71,JY11-4,2285.75,5,148.424,227.431,2.583,13.348
72,JY11-4,2285.875,5,146.667,226.966,2.601,12.961
73,JY11-4,2286,5,143.487,222.629,2.604,13.108
74,JY11-4,2286.125,5,137.622,213.431,2.609,13.097
75,JY11-4,2286.25,5,127.198,203.654,2.627,12.414
76,JY11-4,2286.375,5,113.507,194.178,2.653,11.038
77,JY11-4,2286.5,5,99.762,186.974,2.677,9.485
78,JY11-4,2286.625,5,91.232,186.189,2.689,8.566
79,JY11-4,2286.75,5,89.517,193.297,2.688,8.537
80,JY11-4,2287,4,115.013,235.32,2.642,12.88
81,JY11-4,2287.25,4,137.358,257.743,2.619,17.982
82,JY11-4,2287.375,4,139.107,260.851,2.621,18.541
83,JY11-4,2287.5,4,142.982,263.559,2.622,19.334
84,JY11-4,2287.625,4,149.485,266.861,2.621,20.58
85,JY11-4,2288.75,4,175.295,266.702,2.647,19.284
86,JY11-4,2289,4,173.896,266.398,2.659,19.753
87,JY11-4,2289.125,4,173.91,265.489,2.655,19.522
88,JY11-4,2289.25,4,174.92,264.535,2.649,19.184
89,JY11-4,2289.375,4,176.34,263.425,2.643,18.801
90,JY11-4,2289.625,4,188.559,244.51,2.639,15.989
91,JY11-4,2290.5,4,230.905,267.009,2.616,18.577
92,JY11-4,2290.625,3,231.72,263.816,2.61,17.884
93,JY11-4,2290.75,3,226.221,259.268,2.604,17.179
94,JY11-4,2291,4,194.391,240.299,2.646,13.575
95,JY11-4,2291.125,4,198.053,241.618,2.65,14.257
96,JY11-4,2291.25,4,206.598,246.819,2.65,15.666
97,JY11-4,2291.375,4,192.676,276.221,2.671,19.713
98,JY11-4,2291.625,4,196.519,281.65,2.64,21.324
99,JY11-4,2292.5,4,198.884,289.937,2.624,22.509
100,JY11-4,2292.625,4,199.276,290.707,2.617,22.3
101,JY11-4,2293.75,4,202.439,289.176,2.616,20.158
102,JY11-4,2293.875,4,205.146,287.485,2.617,20.53
103,JY11-4,2294.5,4,183.352,274.199,2.653,18.084
104,JY11-4,2295.125,4,184.55,275.827,2.657,18.268
105,JY11-4,2295.25,4,207.038,292.488,2.625,20.414
106,JY11-4,2295.875,4,191.198,288.088,2.627,19.86
107,JY11-4,2296,4,196.747,288.147,2.644,19.934
108,JY11-4,2297,4,153.892,237.748,2.687,13.277
109,JY11-4,2297.125,4,144.007,234.656,2.682,12.981
110,JY11-4,2297.25,4,153.408,244.324,2.64,14.506
111,JY11-4,2299.125,4,153.868,237.22,2.645,14.828
112,JY11-4,2299.25,4,152.584,236.018,2.649,14.334
113,JY11-4,2299.375,4,144.601,233.366,2.661,13.783
114,JY11-4,2300,4,143.744,233.068,2.658,13.873
115,JY11-4,2300.125,4,140.831,232.61,2.661,14.013
117,JY11-4,2300.875,3,148.899,233.436,2.625,14.35
118,JY11-4,2301,3,148.456,232.837,2.629,14.037
119,JY11-4,2301.125,3,149.76,241.222,2.647,14.143
120,JY11-4,2301.625,3,149.311,241.346,2.648,14.308
121,JY11-4,2301.75,3,148.926,240.264,2.649,14.43
122,JY11-4,2301.875,3,153.795,238.648,2.647,14.365
123,JY11-4,2302.875,4,154.394,240.498,2.646,14.332
124,JY11-4,2303,4,155.773,242.861,2.643,14.597
125,JY11-4,2303.125,4,156.869,244.405,2.638,14.913
126,JY11-4,2303.875,4,156.614,245.279,2.633,14.972
127,JY11-4,2304,4,155.87,245.825,2.627,14.75
128,JY11-4,2304.125,4,155.477,245.856,2.622,14.375
129,JY11-4,2304.75,3,156.749,245.55,2.619,13.992
130,JY11-4,2304.875,3,159.43,245.025,2.619,13.721
131,JY11-4,2305,3,161.593,243.657,2.623,13.681
132,JY11-4,2305.875,4,160.766,241.068,2.628,13.755
133,JY11-4,2306,4,156.531,237.795,2.636,13.709
134,JY11-4,2306.125,4,151.433,235.002,2.645,13.424
135,JY11-4,2307,4,149.198,233.557,2.652,13.066
136,JY11-4,2307.125,4,151.132,234.067,2.652,12.892
137,JY11-4,2307.25,4,156.826,236.277,2.647,13.075
138,JY11-4,2307.375,4,162.899,239.164,2.64,13.52
139,JY11-4,2307.5,4,166.481,241.32,2.636,13.968
140,JY11-4,2307.625,4,167.077,242.35,2.634,14.106
141,JY11-4,2307.75,4,166.698,242.633,2.634,13.897
142,JY11-4,2307.875,4,158.243,241.83,2.632,13.413
143,JY11-4,2308,4,154.257,241.027,2.632,13.804
144,JY11-4,2308.125,4,152.184,239.881,2.636,14.246
145,JY11-4,2308.25,4,149.925,234.669,2.634,13.876
146,JY11-4,2308.375,4,152.562,236.069,2.635,13.681
147,JY11-4,2308.5,4,154.054,238.551,2.635,13.795
148,JY11-4,2308.625,4,156.777,244.683,2.626,14.578
149,JY11-4,2308.75,4,159.148,247.228,2.622,14.722
150,JY11-4,2308.875,4,161.285,248.519,2.62,14.539
151,JY11-4,2309,4,162.185,248.682,2.617,14.226
152,JY11-4,2309.125,4,162.264,248.418,2.612,14.038
154,JY11-4,2309.375,4,162.331,240.733,2.615,13.957
155,JY11-4,2309.875,4,163.005,239.587,2.617,13.874
156,JY11-4,2310,4,162.535,239.412,2.617,13.828
157,JY11-4,2310.125,4,214.533,249.866,2.645,16.975
158,JY11-4,2310.75,4,223.144,246.406,2.649,16.799
159,JY11-4,2310.875,4,218.058,241.36,2.652,15.681
160,JY11-4,2311,4,170.755,241.451,2.625,14.683
161,JY11-4,2311.625,4,173.461,240.528,2.632,15.227
162,JY11-4,2311.75,4,175.602,239.085,2.63,15.17
163,JY11-4,2311.875,4,178.363,238.04,2.628,14.698
164,JY11-4,2312.375,3,179.257,236.032,2.629,14.196
165,JY11-4,2312.5,3,177.016,234.305,2.63,13.983
166,JY11-4,2312.625,3,172.866,234.067,2.627,14.063
167,JY11-4,2313.5,3,169.885,234.033,2.619,14.239
168,JY11-4,2313.625,3,163.122,245.269,2.62,16.123
169,JY11-4,2313.75,3,164.722,245.513,2.631,15.756
170,JY11-4,2314.625,4,165.655,245.628,2.641,15.227
171,JY11-4,2314.75,4,163.354,237.989,2.623,14.939
172,JY11-4,2314.875,4,163.965,238.676,2.624,14.712
173,JY11-4,2315,4,165.205,239.877,2.628,14.54
174,JY11-4,2315.125,4,156.273,237.38,2.644,14.409
175,JY11-4,2315.25,4,156.191,235.604,2.651,14.142
176,JY11-4,2315.375,4,155.07,232.663,2.659,13.629
177,JY11-4,2315.5,4,161.454,238.713,2.66,14.409
178,JY11-4,2315.625,4,164.328,241.12,2.655,14.766
179,JY11-4,2315.75,4,163.985,241.032,2.653,14.65
180,JY11-4,2315.875,4,160.193,238.127,2.627,14.017
181,JY11-4,2316.75,3,160.856,237.507,2.627,13.713
182,JY11-4,2316.875,3,162.622,236.828,2.63,13.499
183,JY11-4,2317,3,157.995,243.378,2.641,13.744
184,JY11-4,2317.75,3,160.327,243.024,2.633,13.831
185,JY11-4,2317.875,3,162.228,240.052,2.628,13.865
186,JY11-4,2318,3,169.966,260.624,2.613,15.14
187,JY11-4,2318.75,3,167.504,263.382,2.613,14.763
188,JY11-4,2318.875,3,166.597,266.186,2.615,14.536
189,JY11-4,2319,3,178.419,270.606,2.616,15.748
190,JY11-4,2319.625,3,180.344,270.149,2.608,15.96
191,JY11-4,2319.75,3,177.43,268.891,2.602,15.859
192,JY11-4,2319.875,3,172.414,271.85,2.605,16.072
193,JY11-4,2320.875,4,171.81,270.648,2.603,16.687
194,JY11-4,2321,4,169.281,269.024,2.602,16.896
195,JY11-4,2321.125,4,166.736,266.175,2.605,15.428
196,JY11-4,2322.375,3,167.894,266.695,2.602,15.444
197,JY11-4,2322.5,3,168.561,267.001,2.599,15.605
198,JY11-4,2322.625,3,169.127,267.728,2.618,15.026
199,JY11-4,2323.875,3,168.774,267.358,2.609,14.724
200,JY11-4,2324,3,166.464,266.161,2.598,14.697
201,JY11-4,2324.125,3,163.085,263.835,2.591,15.265
202,JY11-4,2324.625,4,163.573,263.887,2.593,15.223
203,JY11-4,2324.75,4,164.119,264.41,2.594,14.959
204,JY11-4,2324.875,4,164.015,264.835,2.592,14.72
205,JY11-4,2326.125,4,163.905,264.559,2.592,14.634
206,JY11-4,2326.25,4,164.123,263.51,2.596,14.721
207,JY11-4,2326.375,4,163.809,262.657,2.606,14.941
208,JY11-4,2327,3,163.1,262.497,2.614,15.213
209,JY11-4,2327.125,3,162.834,262.397,2.613,15.412
210,JY11-4,2327.25,3,165.279,262.636,2.593,15.197
211,JY11-4,2328.125,3,166.6,262.389,2.584,14.898
212,JY11-4,2328.25,3,167.408,261.522,2.577,14.722
213,JY11-4,2328.375,5,175.077,263.683,2.571,14.491
214,JY11-4,2328.625,5,176.341,264.705,2.57,14.269
215,JY11-4,2328.75,5,178.067,266.093,2.57,14.421
216,JY11-4,2328.875,5,179.01,270.227,2.57,14.849
217,JY11-4,2329,5,180.449,270.77,2.567,14.671
218,JY11-4,2329.125,5,180.047,269.798,2.566,14.55
219,JY11-4,2329.25,5,198.448,270.63,2.587,16.378
220,JY11-4,2329.375,5,206.855,268.563,2.594,15.977
221,JY11-4,2329.5,5,216.506,266.748,2.601,14.845
222,JY11-4,2329.625,5,181.873,255.288,2.586,13.153
223,JY11-4,2329.875,3,184.478,253.087,2.585,12.73
224,JY11-4,2330,3,194.863,254.481,2.585,12.851
225,JY11-4,2330.125,3,206.087,271.189,2.603,16.521
226,JY11-4,2330.875,3,205.397,271.861,2.601,16.539
227,JY11-4,2331,3,207.143,272.663,2.598,16.576
228,JY11-4,2331.125,3,196.362,260.902,2.607,16.333
229,JY11-4,2332.5,3,192.422,257.624,2.613,16.053
230,JY11-4,2332.625,3,188.826,253.416,2.617,15.58
231,JY11-4,2332.75,3,179.002,243.366,2.616,13.79
232,JY11-4,2333.375,3,177.646,242.935,2.619,13.552
233,JY11-4,2333.5,3,178.672,244.103,2.619,13.493
234,JY11-4,2333.625,3,179.444,240.697,2.617,12.662
235,JY11-4,2334.375,3,182.431,239.975,2.617,12.839
236,JY11-4,2334.5,3,182.045,239.408,2.617,12.946
237,JY11-4,2334.625,3,172.97,234.333,2.635,12.029
238,JY11-4,2335.375,4,173.468,233.847,2.627,12.038
239,JY11-4,2335.5,4,173.38,236.201,2.612,12.033
240,JY11-4,2335.625,4,166.064,241.368,2.588,11.888
241,JY11-4,2336.5,3,170.419,240.527,2.586,11.811
242,JY11-4,2336.625,3,172.534,239.605,2.583,11.853
243,JY11-4,2336.75,3,198.556,253.737,2.617,14.963
244,JY11-4,2337.125,3,197.41,253.592,2.614,14.562
245,JY11-4,2337.25,3,192.841,251.304,2.611,13.773
247,JY11-4,2338.25,4,191.513,243.541,2.584,12.422
248,JY11-4,2338.375,4,195.9,245.708,2.573,12.856
249,JY11-4,2338.5,4,202.469,252.7,2.572,12.13
250,JY11-4,2339.625,3,200.515,251.951,2.569,12.163
251,JY11-4,2339.75,3,200.661,251.757,2.567,12.303
252,JY11-4,2339.875,3,203.276,256.572,2.572,12.264
253,JY11-4,2341.25,3,202.268,255.609,2.569,12.144
254,JY11-4,2341.375,3,198.601,254.336,2.567,12.315
255,JY11-4,2341.5,3,192.571,252.486,2.561,13.719
256,JY11-4,2342.125,3,196.875,253.184,2.558,13.806
257,JY11-4,2342.25,3,201.49,254.494,2.557,13.43
258,JY11-4,2342.375,3,204.439,255.558,2.56,12.901
259,JY11-4,2343.125,3,204.158,255.435,2.563,12.552
260,JY11-4,2343.25,3,199.854,253.041,2.566,12.339
261,JY11-4,2343.375,3,191.476,248.557,2.569,11.965
262,JY11-4,2344.25,3,182.745,245.123,2.572,11.355
263,JY11-4,2344.375,3,177.904,244.055,2.576,10.909
264,JY11-4,2344.5,3,180.647,244.524,2.577,10.898
265,JY11-4,2345.375,3,189.015,246.284,2.578,11.27
266,JY11-4,2345.5,3,200.906,249.611,2.585,11.586
267,JY11-4,2345.625,3,196.245,248.016,2.591,11.429
268,JY11-4,2346,5,191.263,247.132,2.597,11.581
269,JY11-4,2346.125,5,206.914,252.55,2.583,11.818
270,JY11-4,2346.25,5,207.291,251.464,2.577,11.545
271,JY11-4,2346.375,5,203.996,248.337,2.574,11.574
272,JY11-4,2346.5,5,203.621,256.037,2.543,13.148
273,JY11-4,2346.625,5,203.081,256.178,2.547,13.112
274,JY11-4,2346.75,5,201.408,256.412,2.547,12.837
275,JY11-4,2346.875,5,195.862,257.427,2.532,12.815
276,JY11-4,2347,5,193.378,257.677,2.533,12.6
277,JY11-4,2347.125,5,195.024,257.572,2.532,12.2
278,JY11-4,2347.25,5,172.133,249.371,2.538,10.923
279,JY11-4,2347.625,3,174.314,249.049,2.543,11.057
280,JY11-4,2347.75,3,175.692,247.99,2.544,10.924
281,JY11-4,2347.875,3,167.934,246.477,2.543,11.862
282,JY11-4,2348.5,3,171.757,245.444,2.531,11.41
283,JY11-4,2348.625,3,176.881,244.913,2.52,10.734
284,JY11-4,2348.75,3,197.305,245.833,2.505,9.876
285,JY11-4,2350.125,3,196.232,247.136,2.504,9.892
286,JY11-4,2350.25,3,196.303,249.751,2.507,10.266
287,JY11-4,2350.375,3,216.699,251.314,2.487,11.035
288,JY11-4,2351.125,3,218.656,252.587,2.491,11.216
289,JY11-4,2351.25,3,217.274,253.937,2.496,11.293
290,JY11-4,2351.375,3,337.253,264.497,2.477,13.669
291,JY11-4,2352.25,3,356.106,258.039,2.472,13.389
292,JY11-4,2352.375,3,343.032,246.535,2.488,12.503
293,JY11-4,2352.5,3,195.852,257.657,2.524,12.77
294,JY11-4,2353.25,3,190.887,255.75,2.511,12.363
295,JY11-4,2353.375,3,183.363,250.557,2.503,11.274
296,JY11-4,2353.5,3,180.706,244.078,2.519,10.201
297,JY11-4,2354.375,3,177.142,245.377,2.508,9.425
298,JY11-4,2354.5,3,181.327,246.697,2.499,9.398
299,JY11-4,2354.625,3,181.015,252.122,2.498,11.434
300,JY11-4,2355.625,3,174.749,249.314,2.498,10.891
301,JY11-4,2355.75,3,166.82,247.208,2.495,10.204
302,JY11-4,2355.875,3,120.891,258.705,2.56,15.3
303,JY11-4,2356.75,3,123.442,260.115,2.56,15.311
304,JY11-4,2356.875,3,130.404,263.127,2.555,15.373
305,JY11-4,2357,3,177.772,282.766,2.543,17.732
306,JY41-5,2494.5,4,165.888,238.551,2.742,18.609
307,JY41-5,2494.625,4,164.232,238.706,2.745,18.517
308,JY41-5,2496.625,3,164.439,238.303,2.723,17.359
309,JY41-5,2496.75,3,165.382,240.761,2.731,19.685
310,JY41-5,2496.875,3,165.65,242.55,2.738,21.029
311,JY41-5,2520.125,4,188.447,249.275,2.725,21.748
312,JY41-5,2520.25,4,181.884,247.823,2.716,19.892
313,JY41-5,2521,4,174.907,238.665,2.703,17.194
314,JY41-5,2521.125,4,176.183,238.368,2.7,17.181
315,JY41-5,2521.25,4,177.935,238.672,2.702,17.483
316,JY41-5,2522.125,4,181.222,242.698,2.709,19.511
317,JY41-5,2522.25,4,184.508,243.803,2.704,19.379
318,JY41-5,2522.375,4,187.919,245.654,2.699,19.4
319,JY41-5,2523.25,4,189.081,253.41,2.716,20.6
320,JY41-5,2523.375,4,191.613,253.397,2.718,20.88
321,JY41-5,2523.5,4,194.113,253.462,2.716,20.9
322,JY41-5,2524.25,4,186.462,254.463,2.701,20.818
323,JY41-5,2524.375,4,183.164,254.525,2.709,20.741
324,JY41-5,2524.5,4,182.628,254.347,2.72,20.658
325,JY41-5,2525.125,4,174.938,251.576,2.703,21.156
326,JY41-5,2525.25,4,175.701,251.445,2.705,20.67
327,JY41-5,2525.375,4,176.596,251.55,2.71,20.224
328,JY41-5,2526.125,4,178.725,254.019,2.728,20.25
329,JY41-5,2526.25,4,180.339,254.521,2.731,20.893
330,JY41-5,2526.375,4,183.28,255.012,2.735,21.529
331,JY41-5,2527.125,4,181.617,255.457,2.72,20.906
332,JY41-5,2527.25,4,179.41,254.761,2.716,20.503
333,JY41-5,2527.375,4,177.695,253.873,2.715,20.45
334,JY41-5,2528,4,178.108,250.025,2.723,20.761
335,JY41-5,2528.125,4,175.971,249.991,2.719,20.25
336,JY41-5,2528.25,4,175.205,250.204,2.714,20.031
337,JY41-5,2528.875,4,182.537,249.494,2.716,19.519
338,JY41-5,2529,4,178.026,248.254,2.714,20.092
339,JY41-5,2529.125,4,172.929,246.999,2.718,20.226
340,JY41-5,2529.75,4,179.54,247.462,2.726,21.053
341,JY41-5,2529.875,4,180.642,248.073,2.725,21.299
342,JY41-5,2530,4,180.674,248.408,2.723,20.965
343,JY41-5,2530.625,4,178.624,249.629,2.731,19.956
344,JY41-5,2530.75,4,177.418,250.406,2.728,19.219
345,JY41-5,2530.875,4,177.107,251.216,2.727,18.727
346,JY41-5,2531.375,4,184.077,252.736,2.717,21.149
347,JY41-5,2531.5,4,184.536,252.677,2.715,21.433
348,JY41-5,2531.625,4,185.313,252.583,2.718,21.622
349,JY41-5,2532.375,4,181.358,253.602,2.726,20.768
350,JY41-5,2532.5,4,178.836,253.917,2.729,20.543
351,JY41-5,2532.625,4,177.019,254.249,2.732,19.989
352,JY41-5,2533.25,4,176.368,255.209,2.748,22.22
353,JY41-5,2533.375,4,178.819,255.004,2.746,21.306
354,JY41-5,2533.5,4,180.659,254.698,2.742,20.152
355,JY41-5,2534,4,187.24,253.679,2.742,20.76
356,JY41-5,2534.125,4,186.378,253.541,2.733,20.938
357,JY41-5,2534.25,4,183.233,253.293,2.724,20.942
358,JY41-5,2534.875,4,177.201,251.546,2.725,20.646
359,JY41-5,2535,4,174.544,252.181,2.721,21.156
360,JY41-5,2535.125,4,173.179,253.212,2.714,21.792
361,JY41-5,2535.875,4,182.827,255.4,2.699,20.677
362,JY41-5,2536,4,181.282,254.563,2.699,21.085
363,JY41-5,2536.125,4,181.363,253.808,2.696,21.292
364,JY41-5,2536.875,4,190.692,257.522,2.693,21.78
365,JY41-5,2537,4,193.229,258.335,2.695,21.826
366,JY41-5,2537.125,4,194.289,258.538,2.695,21.375
367,JY41-5,2537.875,4,188.411,253.603,2.716,20.225
368,JY41-5,2538,4,187.172,253.741,2.717,20.075
369,JY41-5,2538.125,4,187.972,254.11,2.715,20.001
370,JY41-5,2538.875,4,186.225,259.364,2.715,21.006
371,JY41-5,2539,4,189.167,259.999,2.706,19.994
372,JY41-5,2539.125,4,190.624,260.012,2.696,19.177
373,JY41-5,2540,4,186.347,258.339,2.706,19.871
374,JY41-5,2540.125,4,185.876,258.724,2.702,20.362
375,JY41-5,2540.25,4,182.737,259.065,2.699,20.521
376,JY41-5,2541.5,4,198.955,259.219,2.71,19.314
377,JY41-5,2541.625,4,195.759,259.344,2.709,19.352
378,JY41-5,2541.75,4,193.833,259.454,2.709,19.167
379,JY41-5,2542.625,4,213.597,257.861,2.691,19.044
380,JY41-5,2542.75,4,213.005,257.608,2.684,19.249
381,JY41-5,2542.875,4,211.356,257.574,2.675,19.219
382,JY41-5,2543.375,4,208.361,259.004,2.651,18.332
383,JY41-5,2543.5,4,207.693,259.275,2.645,18.468
384,JY41-5,2543.625,4,204.293,259.335,2.643,18.153
385,JY41-5,2544.375,4,193.576,255.294,2.67,19.687
386,JY41-5,2544.5,4,190.745,255.548,2.675,19.836
387,JY41-5,2544.625,4,187.679,256.479,2.679,20.117
388,JY41-5,2545.25,4,181.529,261.384,2.661,19.736
389,JY41-5,2545.375,4,183.592,261.623,2.664,18.919
390,JY41-5,2545.5,4,185.671,261.727,2.666,18.444
391,JY41-5,2546,4,186.347,258.892,2.645,19.365
392,JY41-5,2546.125,4,188.056,257.383,2.64,18.556
393,JY41-5,2546.25,4,189.358,255.968,2.64,17.899
394,JY41-5,2547,4,189.517,252.368,2.656,17.17
395,JY41-5,2547.125,4,185.922,251.095,2.661,16.751
396,JY41-5,2547.25,4,182.934,249.675,2.664,16.401
397,JY41-5,2548,4,187.422,254.492,2.673,15.31
398,JY41-5,2548.125,4,191.494,258.258,2.672,16.066
399,JY41-5,2548.25,4,196.788,262.074,2.67,17.319
400,JY41-5,2548.875,4,209.681,268.286,2.661,19.501
401,JY41-5,2549,4,226.167,272.177,2.628,19.771
402,JY41-5,2549.125,4,227.265,272.069,2.622,18.995
403,JY41-5,2550,4,224.231,271.349,2.617,18.242
404,JY41-5,2550.125,4,211.656,260.947,2.586,15.403
405,JY41-5,2550.25,4,209.697,258.875,2.594,15.68
406,JY41-5,2551,4,203.426,255.842,2.614,15.717
407,JY41-5,2551.125,4,196.786,251.406,2.612,15.599
408,JY41-5,2551.25,4,202.558,255.024,2.598,16.662
409,JY41-5,2552.125,4,205.121,258.064,2.595,17.033
410,JY41-5,2552.25,4,236.308,262.619,2.651,17.923
411,JY41-5,2552.375,4,238.167,263.646,2.653,18.859
412,JY41-5,2553.25,4,233.436,264.675,2.649,19.509
413,JY41-5,2553.375,4,189.345,266.035,2.69,18.002
414,JY41-5,2553.5,4,194.573,267.743,2.686,17.587
415,JY41-5,2554,4,202.383,269.929,2.681,18.043
416,JY41-5,2554.125,4,201.701,274.962,2.66,20.837
417,JY41-5,2554.25,4,199.152,275.312,2.656,19.748
418,JY41-5,2554.5,4,200.275,275.912,2.654,19.044
419,JY41-5,2554.625,4,210.141,277.714,2.651,19.031
420,JY41-5,2554.75,4,214.849,278.49,2.649,19.108
421,JY41-5,2556,4,215.899,278.956,2.648,19.125
422,JY41-5,2556.125,4,203.313,275.996,2.65,20.228
423,JY41-5,2556.25,4,207.325,276.358,2.65,20.386
424,JY41-5,2556.875,5,208.796,277.032,2.649,20.826
425,JY41-5,2557,5,206.54,275.696,2.669,20.76
426,JY41-5,2557.125,4,211.89,275.105,2.669,19.957
427,JY41-5,2557.25,5,216.394,274.662,2.667,19.728
428,JY41-5,2557.375,5,219.059,273.804,2.663,19.939
429,JY41-5,2557.5,5,221.301,272.217,2.658,20.236
430,JY41-5,2557.625,5,222.288,269.969,2.659,20.257
431,JY41-5,2557.75,5,219.019,267.53,2.669,19.855
432,JY41-5,2557.875,5,212.127,265.33,2.686,18.928
433,JY41-5,2558,5,206.949,263.805,2.696,18.054
434,JY41-5,2558.125,5,204.513,262.725,2.695,17.971
435,JY41-5,2558.25,5,200.94,261.501,2.691,18.928
436,JY41-5,2558.375,5,193.492,259.639,2.696,19.958
437,JY41-5,2558.5,5,185.071,257.583,2.707,20.078
438,JY41-5,2558.625,5,182.01,256.205,2.718,19.262
439,JY41-5,2558.75,5,185.571,256.586,2.719,18.637
440,JY41-5,2558.875,5,194.44,258.898,2.71,18.927
441,JY41-5,2559,5,204.926,262.689,2.691,20.236
442,JY41-5,2559.125,4,213.233,266.65,2.67,21.723
443,JY41-5,2559.25,4,216.993,269.823,2.652,22.391
444,JY41-5,2560,4,217.087,271.58,2.641,21.995
445,JY41-5,2560.125,4,201.586,269.349,2.663,18.766
446,JY41-5,2560.25,4,203.269,268.205,2.666,18.426
447,JY41-5,2561,4,203.825,266.862,2.669,18.35
448,JY41-5,2561.125,4,199.503,263.025,2.675,19.828
449,JY41-5,2561.25,4,201.476,263.584,2.67,20.262
450,JY41-5,2562,4,202.295,264.03,2.671,20.991
451,JY41-5,2562.125,4,199.093,261.659,2.681,18.572
452,JY41-5,2562.25,4,196.023,259.733,2.665,18.474
453,JY41-5,2563,3,193.823,256.777,2.648,18.635
454,JY41-5,2563.125,3,204.875,234.661,2.65,15.364
455,JY41-5,2563.25,3,200.661,233.046,2.654,15.375
456,JY41-5,2563.75,3,192.464,231.648,2.66,14.778
457,JY41-5,2563.875,3,158.541,229.975,2.672,11.286
458,JY41-5,2564,3,155.52,230.674,2.678,11.867
459,JY41-5,2564.75,3,155.098,231.303,2.685,12.758
460,JY41-5,2564.875,3,159.902,234.444,2.679,14.472
461,JY41-5,2565,3,160.393,236.269,2.674,14.663
462,JY41-5,2566,4,160.523,238.058,2.671,14.808
463,JY41-5,2566.125,4,172.429,243.33,2.646,14.826
464,JY41-5,2566.25,4,174.058,242.662,2.641,14.629
465,JY41-5,2566.625,4,174.191,242.049,2.638,14.356
466,JY41-5,2566.75,4,171.805,242.13,2.63,14.084
467,JY41-5,2566.875,4,171.844,242.635,2.633,14.091
468,JY41-5,2567.625,3,172.628,243.134,2.633,13.938
469,JY41-5,2567.75,3,164.314,244.245,2.65,13.087
470,JY41-5,2567.875,3,164.189,244.276,2.647,13.345
471,JY41-5,2568.625,3,164.181,244.227,2.644,13.796
472,JY41-5,2568.75,3,181.129,245.416,2.628,14.075
473,JY41-5,2568.875,3,181.484,244.744,2.625,14.378
474,JY41-5,2570,3,179.584,243.47,2.618,14.357
475,JY41-5,2570.125,3,194.686,237.19,2.644,14.167
476,JY41-5,2570.25,3,185.233,236.344,2.652,13.469
477,JY41-5,2571.25,4,178.96,235.445,2.658,13.163
478,JY41-5,2571.375,4,164.553,231.103,2.691,12.755
479,JY41-5,2571.5,4,167.477,233.485,2.684,13.613
480,JY41-5,2572.125,4,171.507,235.824,2.676,14.173
481,JY41-5,2572.25,4,178.792,241.142,2.635,13.141
482,JY41-5,2572.375,4,180.409,241.286,2.633,13.671
483,JY41-5,2573,4,180.39,241.186,2.64,14.657
484,JY41-5,2573.125,4,179.445,238.496,2.636,14.667
485,JY41-5,2573.25,4,175.719,238.031,2.635,14.546
486,JY41-5,2574.125,3,171.511,237.796,2.637,14.311
487,JY41-5,2574.25,3,169.824,239.641,2.644,14.017
488,JY41-5,2574.375,3,165.928,239.22,2.642,13.837
489,JY41-5,2575.75,3,162.779,238.511,2.64,13.419
490,JY41-5,2575.875,3,178.003,235.485,2.65,14.568
491,JY41-5,2576,3,174.519,235.679,2.648,13.892
492,JY41-5,2576.375,4,169.647,235.154,2.653,13.01
493,JY41-5,2576.5,4,166.337,233.593,2.664,12.864
494,JY41-5,2576.625,4,166.2,234.225,2.66,13.618
495,JY41-5,2577.375,3,166.478,235.434,2.656,14.198
496,JY41-5,2577.5,3,173.285,240.015,2.626,14.647
497,JY41-5,2577.625,3,172.173,239.874,2.622,14.198
498,JY41-5,2578.375,3,170.322,239.725,2.623,13.515
499,JY41-5,2578.5,3,176.621,242.061,2.624,14.213
500,JY41-5,2578.625,3,175.189,242.531,2.617,14.668
501,JY41-5,2579.375,3,172.771,242.4,2.62,14.918
502,JY41-5,2579.5,3,172.552,243.682,2.634,13.955
503,JY41-5,2579.625,3,182.054,245.784,2.632,14.52
504,JY41-5,2580.125,3,188.941,247.3,2.637,15.495
505,JY41-5,2580.25,3,173.683,247.552,2.64,13.407
506,JY41-5,2580.375,3,170.007,248.977,2.646,12.505
507,JY41-5,2581,4,171.452,251.371,2.65,12.908
508,JY41-5,2581.125,4,188.632,258.277,2.633,16.837
509,JY41-5,2581.25,4,185.84,258.119,2.631,16.286
510,JY41-5,2582.125,4,182.989,258.343,2.628,15.8
511,JY41-5,2582.25,4,188.116,261.861,2.618,16.97
512,JY41-5,2582.375,4,183.574,260.598,2.616,17.293
513,JY41-5,2583,3,177.455,259.094,2.616,17.547
514,JY41-5,2583.125,3,174.52,258.302,2.601,15.547
515,JY41-5,2583.25,3,176.783,260.133,2.602,15.593
516,JY41-5,2584,3,181.318,262.086,2.604,15.973
517,JY41-5,2584.125,3,173.995,259.973,2.638,15.657
518,JY41-5,2584.25,3,169.614,258.43,2.639,14.918
519,JY41-5,2584.875,3,168.014,257.437,2.633,14.566
520,JY41-5,2585,3,183.465,259.502,2.607,14.485
521,JY41-5,2585.125,3,181.611,259.835,2.605,14.416
522,JY41-5,2585.875,3,178.709,260.021,2.602,14.531
523,JY41-5,2586,3,175.467,257.939,2.587,14.508
524,JY41-5,2586.125,3,175.689,257.554,2.585,14.687
525,JY41-5,2586.875,4,177.12,257.844,2.581,15.13
526,JY41-5,2587,4,172.485,255.594,2.608,14.183
527,JY41-5,2587.125,4,175.887,254.226,2.612,13.704
528,JY41-5,2587.5,3,178.931,253.753,2.607,13.39
529,JY41-5,2587.625,3,174.865,255.242,2.579,14.177
530,JY41-5,2587.75,3,177.89,255.735,2.579,14.128
531,JY41-5,2588.25,3,182.521,255.841,2.581,13.792
532,JY41-5,2588.375,3,182.611,256.147,2.573,13.862
533,JY41-5,2588.5,3,182.077,256.884,2.574,13.879
534,JY41-5,2589.25,4,184.195,257.827,2.573,13.822
535,JY41-5,2589.375,4,180.289,260.049,2.6,13.902
536,JY41-5,2589.5,4,187.911,260.764,2.595,14.151
537,JY41-5,2590,3,196.425,261.303,2.587,14.499
538,JY41-5,2590.125,3,199.122,263.684,2.577,14.329
539,JY41-5,2590.25,3,203.248,265.595,2.584,14.715
540,JY41-5,2590.75,3,207.846,267.631,2.6,15.637
541,JY41-5,2590.875,3,206.391,265.292,2.613,15.703
542,JY41-5,2591,3,206.396,263.224,2.602,14.308
543,JY41-5,2591.5,4,208.832,261.939,2.598,13.403
544,JY41-5,2591.625,4,224.591,264.146,2.609,16.589
545,JY41-5,2591.75,4,221.792,263.805,2.61,17.291
546,JY41-5,2592.125,4,219.453,262.434,2.611,17.278
547,JY41-5,2592.25,4,206.544,253.336,2.638,14.84
548,JY41-5,2592.375,4,198.637,250.072,2.648,14.104
549,JY41-5,2592.875,3,192.166,247.448,2.651,13.425
550,JY41-5,2593,3,197.125,244.679,2.624,12.86
551,JY41-5,2593.125,3,196.612,244.407,2.625,13.017
552,JY41-5,2594,4,193.395,243.562,2.629,13.177
553,JY41-5,2594.125,4,204.756,239.814,2.612,11.95
554,JY41-5,2594.25,4,205.576,240.681,2.614,11.914
555,JY41-5,2594.875,4,202.104,241.135,2.622,12.022
556,JY41-5,2595,4,199.093,237.712,2.612,12.037
557,JY41-5,2595.125,5,198.877,236.745,2.609,12.298
558,JY41-5,2595.25,5,198.393,235.695,2.607,12.262
559,JY41-5,2595.375,5,198.058,234.842,2.608,12.049
560,JY41-5,2595.5,5,195.853,234.401,2.616,11.934
561,JY41-5,2595.625,5,192.33,234.634,2.627,11.98
562,JY41-5,2595.75,5,189.898,235.71,2.634,12.032
563,JY41-5,2595.875,5,189.222,237.568,2.628,11.958
564,JY41-5,2596,5,188.601,239.631,2.616,11.853
565,JY41-5,2596.125,5,186.891,241.517,2.606,11.848
566,JY41-5,2596.25,5,185.888,242.971,2.609,12.032
567,JY41-5,2596.375,5,187.297,243.876,2.618,12.613
569,JY41-5,2596.625,5,192.871,243.622,2.622,14.51
570,JY41-5,2596.875,3,191.861,242.734,2.611,14.338
571,JY41-5,2597,3,182.962,240.586,2.588,11.922
572,JY41-5,2597.125,3,178.033,239.958,2.586,11.279
573,JY41-5,2597.5,3,174.576,239.94,2.589,11.376
574,JY41-5,2597.625,3,176.678,241.866,2.592,12.736
575,JY41-5,2597.75,3,177.352,242.261,2.591,12.671
576,JY41-5,2598,3,177.064,242.365,2.589,12.319
577,JY41-5,2598.125,3,179.621,242.955,2.588,11.172
578,JY41-5,2598.25,3,186.635,243.763,2.594,10.958
579,JY41-5,2599,3,197.623,244.817,2.61,11.384
580,JY41-5,2599.125,3,189.561,243.856,2.621,12.205
581,JY41-5,2599.25,3,190.65,242.753,2.623,12.21
582,JY41-5,2600.125,3,192.043,241.893,2.627,12.212
583,JY41-5,2600.25,3,215.668,244.925,2.561,12.203
584,JY41-5,2600.375,3,218.968,245.006,2.562,12.161
585,JY41-5,2601.25,3,221.128,245.276,2.561,12.064
586,JY41-5,2601.375,3,208.536,244.58,2.554,11.922
587,JY41-5,2601.5,3,204.895,244.382,2.559,12.068
588,JY41-5,2602.125,3,201.955,244.504,2.565,12.413
589,JY41-5,2602.25,3,215.49,246.738,2.572,12.485
590,JY41-5,2602.375,3,215.713,246.327,2.558,12.197
591,JY41-5,2602.875,3,212.872,245.661,2.549,12.014
592,JY41-5,2603,3,199.345,245.908,2.55,12.757
593,JY41-5,2603.125,3,202.089,246.521,2.544,12.515
594,JY41-5,2603.375,3,206.246,246.97,2.542,12.184
595,JY41-5,2603.5,3,211.898,247.156,2.55,11.929
596,JY41-5,2603.625,3,211.615,246.821,2.555,11.982
597,JY41-5,2604.625,3,209.679,245.937,2.559,12.18
598,JY41-5,2604.75,3,207.178,242.944,2.557,10.787
599,JY41-5,2604.875,3,215.454,243.753,2.556,11.443
600,JY41-5,2605.625,3,221.195,243.723,2.564,11.9
601,JY41-5,2605.75,3,214.896,241.951,2.571,12.882
602,JY41-5,2605.875,3,212.919,242.216,2.573,12.488
603,JY41-5,2606.625,3,215.747,242.794,2.575,11.969
604,JY41-5,2606.75,3,230.913,249.027,2.549,12.636
605,JY41-5,2606.875,3,227.116,249.364,2.549,12.626
606,JY41-5,2607.625,3,224.172,249.535,2.545,12.515
607,JY41-5,2607.75,3,223.06,251.188,2.525,12.793
608,JY41-5,2607.875,3,222.867,251.252,2.527,12.782
609,JY41-5,2608.625,3,222.311,250.928,2.53,12.505
610,JY41-5,2608.75,3,203.647,244.484,2.532,10.085
611,JY41-5,2608.875,3,199.438,244.347,2.543,10.029
612,JY41-5,2609.5,3,198.176,244.24,2.554,10.111
613,JY41-5,2609.625,3,175.398,241.019,2.573,9.939
614,JY41-5,2609.75,3,182.158,241.498,2.562,9.948
615,JY41-5,2610.5,3,188.019,242.216,2.546,10.328
616,JY41-5,2610.625,3,205.167,248.024,2.527,9.634
617,JY41-5,2610.75,3,215.214,249.208,2.535,10.445
618,JY41-5,2611.5,3,224.492,249.54,2.534,11.313
619,JY41-5,2611.625,3,247.499,246.207,2.501,10.774
620,JY41-5,2611.75,3,247.18,246.25,2.494,10.932
621,JY41-5,2612.5,3,245.463,246.578,2.498,11.065
622,JY41-5,2612.625,3,231.26,252.164,2.494,11.267
623,JY41-5,2612.75,3,236.597,252.315,2.485,11.371
624,JY41-5,2613.5,3,242.518,252.026,2.479,11.466
625,JY41-5,2613.625,3,240.104,247.168,2.491,9.919
626,JY41-5,2613.75,3,235.295,246.424,2.485,9.894
627,JY41-5,2614.625,3,232.853,246.094,2.478,9.808
628,JY41-5,2614.75,3,342.241,265.573,2.489,12.722
629,JY41-5,2614.875,3,383.445,267.251,2.459,13.419
630,JY41-5,2615,5,418.372,266.23,2.432,13.646
631,JY41-5,2615.125,5,439.984,261.819,2.421,13.551
632,JY41-5,2615.25,5,435.24,254.145,2.431,13.059
633,JY41-5,2615.375,5,395.534,244.298,2.466,11.85
634,JY41-5,2615.5,5,326.75,234.854,2.518,9.94
635,JY41-5,2615.625,5,256.282,228.106,2.576,8.13
636,JY41-5,2615.75,5,213.388,226.21,2.613,7.306
637,JY41-5,2615.875,5,203.697,228.734,2.61,7.849
638,JY41-5,2616,5,210.302,234.457,2.569,9.559
639,JY41-5,2616.125,5,214.836,241.067,2.518,11.485
640,JY41-5,2616.25,5,213.092,246.825,2.481,12.634
641,JY41-5,2616.375,5,207.351,250.569,2.465,12.501
642,JY41-5,2616.5,5,198.681,252.206,2.465,11.476
643,JY41-5,2616.625,3,188.415,252.166,2.472,10.204
644,JY41-5,2616.75,3,182.427,250.89,2.48,9.304
645,JY41-5,2616.875,3,184.242,249.099,2.488,9.029
646,JY41-5,2617.625,3,190.967,247.141,2.496,9.515
647,JY41-5,2617.75,3,199.499,247.019,2.465,8.646
648,JY41-5,2617.875,3,202.452,248.231,2.462,9.069
649,JY41-5,2618.5,3,201.064,248.967,2.465,9.755
650,JY41-5,2618.625,3,174.656,247.25,2.458,9.24
651,JY41-5,2618.75,3,168.856,246.184,2.465,9.695
652,JY41-5,2619.625,3,162.439,244.483,2.469,10.233
653,JY41-5,2619.75,3,142.771,247.148,2.526,12.827
654,JY41-5,2619.875,3,138.054,249.61,2.53,14.202
655,JY41-5,2620.5,4,134.219,251.71,2.532,14.315
656,JY41-5,2620.625,4,158.97,269.262,2.527,15.911
657,JY41-5,2620.75,4,168.608,273.406,2.535,16.95
658,JY56-z1,2864.75,4,186.334,239.097,2.729,19.99
659,JY56-z1,2865,4,183.139,237.273,2.724,18.82
660,JY56-z1,2865.375,4,180.382,236.383,2.714,17.588
661,JY56-z1,2865.5,4,178.409,237.074,2.71,17.545
662,JY56-z1,2865.625,4,178.192,238.154,2.703,17.407
663,JY56-z1,2866.375,5,152.601,223.37,2.714,13.397
664,JY56-z1,2866.5,5,133.628,214.84,2.744,11.741
665,JY56-z1,2866.75,5,104.356,202.746,2.762,10.043
666,JY56-z1,2867.125,5,115.596,213.184,2.684,11.452
667,JY56-z1,2867.25,5,131.687,221.84,2.658,12.74
668,JY56-z1,2867.375,5,149.31,232.963,2.648,14.258
669,JY56-z1,2867.625,3,177.197,254.803,2.662,17.57
670,JY56-z1,2867.875,3,192.797,264.676,2.681,19.717
671,JY56-z1,2868,4,198.527,264.848,2.688,19.396
672,JY56-z1,2868.25,4,202.489,264.334,2.702,18.806
673,JY56-z1,2868.375,4,200.754,263.861,2.708,19.299
674,JY56-z1,2868.625,4,198.02,262.39,2.706,19.351
675,JY56-z1,2868.75,4,199.364,261.685,2.701,18.796
676,JY56-z1,2869,4,203.933,261.522,2.695,18.61
677,JY56-z1,2869.25,4,200.315,263.08,2.689,19.113
678,JY56-z1,2869.375,4,199.042,263.997,2.688,19.239
679,JY56-z1,2869.5,4,200.104,264.448,2.689,19.268
680,JY56-z1,2869.75,4,203.809,263.232,2.699,19.294
681,JY56-z1,2869.875,4,202.465,261.771,2.701,19.179
682,JY56-z1,2870,4,198.784,259.954,2.698,18.719
683,JY56-z1,2870.25,4,193.824,256.697,2.691,17.834
684,JY56-z1,2870.375,4,194.304,256.262,2.695,17.845
685,JY56-z1,2870.625,4,195.741,259.285,2.695,17.786
686,JY56-z1,2870.875,4,199.771,265.331,2.681,17.16
687,JY56-z1,2871,4,204.394,268.315,2.682,16.989
688,JY56-z1,2871.25,4,211.455,271.449,2.673,17.146
689,JY56-z1,2871.5,4,226.782,268.876,2.647,17.3
690,JY56-z1,2871.625,4,230.538,264.967,2.633,17.252
691,JY56-z1,2871.75,4,224.608,260.144,2.634,16.958
693,JY56-z1,2872.125,3,194.706,244.837,2.68,14.583
694,JY56-z1,2872.25,3,193.199,240.661,2.686,13.959
695,JY56-z1,2874.125,4,187.071,242.143,2.665,14.255
696,JY56-z1,2874.25,4,186.125,243.295,2.663,14.587
697,JY56-z1,2874.375,4,185.95,244.358,2.663,14.769
698,JY56-z1,2874.5,4,185.556,244.924,2.663,14.742
699,JY56-z1,2874.625,4,185.417,245.329,2.663,14.632
700,JY56-z1,2874.75,4,186.492,245.699,2.663,14.571
701,JY56-z1,2875,3,190.021,245.966,2.663,14.962
702,JY56-z1,2875.125,3,189.493,245.589,2.664,15.356
703,JY56-z1,2875.25,3,189.136,244.793,2.664,15.638
704,JY56-z1,2875.5,3,191.197,242.298,2.666,15.247
705,JY56-z1,2875.625,3,189.202,241.303,2.664,14.593
706,JY56-z1,2875.75,3,185.499,240.591,2.66,13.94
707,JY56-z1,2876,3,181.968,239.408,2.655,13.66
708,JY56-z1,2876.125,3,182.889,238.572,2.657,13.982
709,JY56-z1,2876.25,3,184.038,237.444,2.663,14.189
710,JY56-z1,2876.5,4,180.435,234.906,2.68,13.971
711,JY56-z1,2876.625,4,173.312,234.057,2.687,14.009
712,JY56-z1,2876.75,4,164.72,233.544,2.686,14.231
713,JY56-z1,2877.625,3,180.531,239.221,2.655,14.002
714,JY56-z1,2877.75,3,185.464,239.757,2.648,14.306
715,JY56-z1,2877.875,3,189.524,239.646,2.642,14.393
716,JY56-z1,2878,3,189.772,239.903,2.64,14.259
717,JY56-z1,2878.125,3,187.322,240.407,2.643,14.073
718,JY56-z1,2878.25,3,184.482,240.931,2.649,13.917
719,JY56-z1,2878.375,3,181.292,241.241,2.656,13.737
720,JY56-z1,2878.5,3,177.188,241.159,2.665,13.588
721,JY56-z1,2878.625,3,173.101,240.67,2.676,13.617
722,JY56-z1,2880,3,176.698,245.5,2.645,14.224
723,JY56-z1,2880.125,3,180.847,245.249,2.644,14.565
724,JY56-z1,2880.25,3,185.538,244.428,2.648,14.829
725,JY56-z1,2883.125,3,186.201,264.913,2.641,16.821
726,JY56-z1,2883.25,3,188.081,265.071,2.638,17.161
727,JY56-z1,2883.375,3,189.515,265.097,2.633,17.337
728,JY56-z1,2883.5,5,190.817,265.103,2.628,17.344
729,JY56-z1,2883.625,5,193.05,265.091,2.623,17.142
730,JY56-z1,2884,5,185.804,264.795,2.63,15.903
731,JY56-z1,2884.125,5,180.803,264.706,2.634,15.724
732,JY56-z1,2884.25,5,179.035,265.148,2.635,15.706
733,JY56-z1,2884.75,4,191.306,268.203,2.619,15.597
734,JY56-z1,2884.875,4,191.494,267.972,2.616,15.691
735,JY56-z1,2886.125,3,190.466,267.539,2.634,14.365
736,JY56-z1,2886.25,3,191.143,267.968,2.642,14.644
737,JY56-z1,2886.375,3,190.942,268.856,2.645,15.093
738,JY56-z1,2886.75,4,190.201,272.27,2.623,16.442
739,JY56-z1,2886.875,4,191.312,272.557,2.622,16.263
740,JY56-z1,2887,4,190.751,271.908,2.622,15.844
741,JY56-z1,2887.875,3,184.363,268.444,2.63,14.665
742,JY56-z1,2888,3,185.138,268.838,2.644,14.754
743,JY56-z1,2888.125,3,184.536,269.326,2.657,14.718
744,JY56-z1,2889,3,189.27,267.933,2.622,14.504
745,JY56-z1,2889.125,3,187.888,265.961,2.627,14.308
746,JY56-z1,2889.25,3,186.128,264.033,2.632,13.964
747,JY56-z1,2890,3,180.871,267.685,2.613,12.646
748,JY56-z1,2890.125,3,183.39,268.104,2.609,12.606
749,JY56-z1,2890.25,3,185.988,267.901,2.609,12.663
750,JY56-z1,2891,3,187.658,265.427,2.61,15.226
751,JY56-z1,2891.125,3,185.36,265.641,2.613,15.577
752,JY56-z1,2891.25,3,185.304,265.625,2.615,15.554
753,JY56-z1,2892.125,3,190.088,262.345,2.584,13.657
754,JY56-z1,2892.25,3,191.606,262.193,2.576,13.148
755,JY56-z1,2892.375,3,192.134,262.406,2.574,12.774
756,JY56-z1,2893,3,206.04,262.707,2.586,13.827
757,JY56-z1,2893.125,3,206.639,262.014,2.584,14.266
758,JY56-z1,2893.25,3,206.094,260.985,2.583,14.524
759,JY56-z1,2893.875,3,197.798,258.876,2.581,13.777
760,JY56-z1,2894,3,198.72,257.888,2.578,13.766
761,JY56-z1,2894.125,3,201.937,256.577,2.578,13.688
762,JY56-z1,2894.625,3,225.633,268.316,2.609,14.663
763,JY56-z1,2894.75,3,232.297,274.879,2.621,15.169
764,JY56-z1,2894.875,3,237.981,280.058,2.628,15.445
765,JY56-z1,2895.5,3,230.469,271.712,2.633,15.136
766,JY56-z1,2895.625,3,219.259,265.931,2.642,15.381
767,JY56-z1,2895.75,3,211.028,260.664,2.652,14.968
768,JY56-z1,2896.5,3,202.826,252.122,2.626,14.181
769,JY56-z1,2896.625,3,211.022,252.492,2.624,13.748
770,JY56-z1,2896.75,3,213.836,252.878,2.626,13.207
771,JY56-z1,2897.375,4,201.478,247.118,2.621,12.306
772,JY56-z1,2897.5,4,202.957,245.983,2.625,12.286
773,JY56-z1,2897.625,4,203.683,245.696,2.63,12.403
774,JY56-z1,2898.375,4,214.601,246.731,2.623,12.928
775,JY56-z1,2898.5,4,213.344,247.116,2.627,12.765
776,JY56-z1,2898.625,4,209.516,248.093,2.627,12.485
777,JY56-z1,2899.125,4,209.189,250.04,2.623,11.717
778,JY56-z1,2899.25,4,209.761,249.581,2.616,11.476
779,JY56-z1,2899.375,4,213.236,249.166,2.607,11.63
780,JY56-z1,2900.125,3,203.368,248.531,2.593,12.421
781,JY56-z1,2900.25,3,200.59,250.257,2.588,12.139
782,JY56-z1,2900.375,3,196.759,251.841,2.589,11.918
783,JY56-z1,2901.125,3,207.358,251.644,2.592,11.314
784,JY56-z1,2901.25,3,203.285,250.595,2.594,11.132
785,JY56-z1,2901.375,3,200.415,250.002,2.598,11.321
786,JY56-z1,2902.125,3,185.318,245.169,2.579,12.166
787,JY56-z1,2902.25,3,187.379,246.973,2.579,12.168
788,JY56-z1,2902.375,3,191.92,250.404,2.581,12.569
789,JY56-z1,2903,3,221.162,256.914,2.587,11.829
790,JY56-z1,2903.125,3,214.866,254.28,2.598,11.323
791,JY56-z1,2903.25,3,205.511,252.369,2.611,11.245
792,JY51-2,3050.875,5,181.742,87.178,232.763,2.647
793,JY51-2,3051,5,175.43,87.082,230.376,2.645
794,JY51-2,3051.125,5,167.55,87.023,226.242,2.64
795,JY51-2,3051.25,5,157.413,87.017,219.731,2.64
796,JY51-2,3051.375,5,143.621,87.044,211.483,2.656
797,JY51-2,3051.5,5,127.417,87.084,202.526,2.686
798,JY51-2,3051.625,5,113.334,87.133,194.479,2.72
799,JY51-2,3051.75,5,105.441,87.207,189.479,2.743
800,JY51-2,3051.875,5,104.238,87.309,188.758,2.749
801,JY51-2,3052,5,107.913,87.43,192.031,2.741
802,JY51-2,3052.125,5,115.207,87.58,198.443,2.723
803,JY51-2,3052.75,4,159.607,89.594,237.711,2.633
804,JY51-2,3052.875,4,161.003,90.077,240.227,2.635
805,JY51-2,3053,4,162.138,90.503,242.53,2.639
806,JY51-2,3053.75,4,192.832,93.346,253.755,2.668
807,JY51-2,3053.875,4,195.509,93.915,254.021,2.671
808,JY51-2,3054,4,196.842,94.448,254.741,2.672
809,JY51-2,3054.75,4,199.708,96.034,257.956,2.679
810,JY51-2,3054.875,4,198.12,96.168,256.577,2.678
811,JY51-2,3055,4,197.041,96.353,254.771,2.676
812,JY51-2,3055.75,4,198.012,96.834,247.534,2.681
813,JY51-2,3055.875,4,198.917,96.652,248.479,2.684
814,JY51-2,3056,4,200.281,96.473,249.495,2.683
815,JY51-2,3056.75,4,188.383,95.618,248.786,2.675
816,JY51-2,3056.875,4,187.104,95.502,248.304,2.68
817,JY51-2,3057,4,186.594,95.338,247.955,2.686
818,JY51-2,3057.75,4,188.286,93.883,248.046,2.695
819,JY51-2,3057.875,4,188.588,93.79,248.527,2.692
820,JY51-2,3058,4,188.402,93.722,248.81,2.687
821,JY51-2,3058.75,4,194.526,93.223,250.505,2.67
822,JY51-2,3058.875,4,198.933,93.494,251.752,2.669
823,JY51-2,3059,4,199.656,93.937,252.394,2.668
824,JY51-2,3059.75,4,196.919,95.239,250.387,2.687
825,JY51-2,3059.875,4,196.461,95.096,250.166,2.683
826,JY51-2,3060,4,197.179,94.976,249.718,2.672
827,JY51-2,3060.75,4,194.546,94.353,243.558,2.663
828,JY51-2,3060.875,4,194.005,94.265,243.729,2.66
829,JY51-2,3061,4,192.133,94.219,243.276,2.661
830,JY51-2,3061.75,4,190.989,94.297,244.255,2.667
831,JY51-2,3061.875,4,192.788,94.321,245.265,2.66
832,JY51-2,3062,4,193.159,94.302,245.833,2.658
833,JY51-2,3062.75,4,196.484,94.451,248.944,2.69
834,JY51-2,3062.875,4,197.961,94.478,250.999,2.695
835,JY51-2,3063,4,197.691,94.451,252.028,2.693
836,JY51-2,3063.75,4,204.037,94.499,252.987,2.653
837,JY51-2,3063.875,4,205.067,94.53,253.797,2.656
838,JY51-2,3064,4,206.055,94.537,254.836,2.656
839,JY51-2,3064.75,4,209.6,94.474,255.792,2.627
840,JY51-2,3064.875,4,209.411,94.422,255.453,2.624
841,JY51-2,3065,4,211.269,94.392,255.821,2.621
842,JY51-2,3065.75,4,228.722,94.749,258.981,2.65
843,JY51-2,3065.875,4,230.068,94.801,258.235,2.648
844,JY51-2,3066,4,226.645,94.803,257.17,2.638
845,JY51-2,3066.75,4,213.593,93.531,251.274,2.623
846,JY51-2,3066.875,4,216.469,93.407,251.967,2.626
847,JY51-2,3067,4,219.479,93.413,252.617,2.632
848,JY51-2,3067.75,4,222.793,94.041,248.274,2.641
849,JY51-2,3067.875,4,222.377,94.182,248.446,2.658
850,JY51-2,3068,4,220.049,94.443,248.762,2.683
851,JY51-2,3068.75,4,175.776,97.033,224.993,2.764
852,JY51-2,3068.875,4,163.135,97.229,221.863,2.765
853,JY51-2,3069,4,165.213,97.349,224.016,2.75
854,JY51-2,3069.625,4,217.704,98.292,258.5,2.643
855,JY51-2,3069.75,4,211.116,98.532,259.819,2.647
856,JY51-2,3069.875,4,209.662,98.742,261.527,2.656
857,JY51-2,3070.75,4,218.409,99.046,266.085,2.658
858,JY51-2,3070.875,4,215.081,99.143,266.848,2.66
859,JY51-2,3071,4,211.919,99.337,268.001,2.662
860,JY51-2,3071.75,4,210.497,101.04,269.579,2.67
861,JY51-2,3071.875,4,210.757,101.213,270.178,2.666
862,JY51-2,3072,4,210.919,101.341,270.681,2.663
863,JY51-2,3072.75,4,217.588,101.354,271.951,2.638
864,JY51-2,3072.875,4,219.99,101.315,273.069,2.643
865,JY51-2,3073,4,222.261,101.272,272.893,2.653
866,JY51-2,3073.75,4,216.372,100.076,264.722,2.687
867,JY51-2,3073.875,4,216.792,99.797,264.241,2.684
868,JY51-2,3074,4,216.262,99.578,263.74,2.683
869,JY51-2,3074.5,4,207.473,99.147,265.941,2.668
870,JY51-2,3074.625,4,207.258,98.987,265.13,2.667
871,JY51-2,3074.75,4,206.158,98.757,262.285,2.671
872,JY51-2,3075.75,4,222.267,95.182,264.399,2.666
873,JY51-2,3075.875,4,222.459,95.045,264.341,2.669
874,JY51-2,3076,4,223.23,94.948,264.183,2.667
875,JY51-2,3076.75,4,187.233,94.849,239.591,2.682
876,JY51-2,3076.875,4,183.019,94.883,240.37,2.688
877,JY51-2,3077,4,186.233,94.936,245.054,2.677
878,JY51-2,3077.75,4,222.666,94.686,263.552,2.649
879,JY51-2,3077.875,4,222.648,94.437,264.627,2.649
880,JY51-2,3078,4,219.95,94.265,265.859,2.647
881,JY51-2,3078.75,4,206.502,93.212,266.413,2.645
882,JY51-2,3078.875,4,207.183,93.034,266.307,2.649
883,JY51-2,3079,4,209.669,92.941,266.058,2.655
884,JY51-2,3079.75,4,200.463,91.875,261.617,2.664
885,JY51-2,3079.875,4,197.487,91.664,259.486,2.668
886,JY51-2,3080,4,197.418,91.514,258.809,2.669
887,JY51-2,3080.75,4,206.696,89.437,279.331,2.658
888,JY51-2,3080.875,4,210.274,89.177,275.028,2.652
889,JY51-2,3081,4,212.296,89.116,268.462,2.644
890,JY51-2,3081.75,4,204.642,89.681,264.619,2.669
891,JY51-2,3081.875,4,200.055,89.548,263.733,2.682
892,JY51-2,3082,4,193.909,89.398,259.144,2.685
893,JY51-2,3082.75,4,176.19,87.801,237.718,2.649
894,JY51-2,3082.875,4,175.625,87.568,238.136,2.647
895,JY51-2,3083,4,176.26,87.406,238.105,2.645
896,JY51-2,3083.75,4,173.385,85.406,237.481,2.646
897,JY51-2,3083.875,4,173.186,84.851,238.524,2.645
898,JY51-2,3084,4,174.259,84.322,239.576,2.641
899,JY51-2,3084.75,4,183.019,82.528,239.69,2.632
900,JY51-2,3084.875,4,184.422,82.42,240.398,2.634
901,JY51-2,3085,4,186.361,82.304,240.877,2.638
902,JY51-2,3085.625,4,171.218,81.6,233.919,2.67
903,JY51-2,3085.75,4,170.72,81.544,233.292,2.66
904,JY51-2,3085.875,4,175.23,81.565,233.541,2.647
905,JY51-2,3086.75,4,183.576,83.242,241.113,2.618
906,JY51-2,3086.875,4,182.357,83.777,242.114,2.613
907,JY51-2,3087,4,182.943,84.264,243.098,2.61
908,JY51-2,3087.75,4,183.292,84.131,242.928,2.624
909,JY51-2,3087.875,4,178.57,82.913,241.339,2.617
910,JY51-2,3088,4,176.388,82.061,240.493,2.615
911,JY51-2,3088.625,4,168.557,81.252,238.547,2.648
912,JY51-2,3088.75,4,166.05,81.988,237.538,2.65
913,JY51-2,3088.875,4,165.266,82.631,236.706,2.65
914,JY51-2,3089.75,4,183.617,83.744,245.566,2.622
915,JY51-2,3089.875,4,184.631,83.621,245.621,2.616
916,JY51-2,3090,4,184.048,83.586,245.346,2.614
917,JY51-2,3091.125,4,202.465,85.976,240.095,2.641
918,JY51-2,3091.25,4,218.361,86.227,240.292,2.646
919,JY51-2,3091.375,4,230.36,86.293,240.653,2.647
920,JY51-2,3091.75,4,230.973,85.625,239.344,2.651
921,JY51-2,3091.875,4,224.817,85.462,238.394,2.656
922,JY51-2,3092,4,215.501,85.426,237.502,2.66
923,JY51-2,3092.75,4,180.91,84.711,232.359,2.646
924,JY51-2,3092.875,4,182.833,84.622,232.57,2.646
925,JY51-2,3093,4,187.042,84.543,233.165,2.646
926,JY51-2,3093.75,4,190.698,84.338,237.722,2.648
927,JY51-2,3093.875,4,188.154,84.231,239.305,2.646
928,JY51-2,3094,4,186.204,84.058,240.33,2.642
929,JY51-2,3094.75,4,194.543,82.812,245.858,2.636
930,JY51-2,3094.875,4,194.153,82.702,246.051,2.641
931,JY51-2,3095,4,192.255,82.653,245.731,2.64
932,JY51-2,3095.75,4,187.398,81.786,241.298,2.615
933,JY51-2,3095.875,4,187.586,81.588,238.998,2.614
934,JY51-2,3096,4,188.935,81.429,236.696,2.615
935,JY51-2,3096.75,3,182.256,80.686,236.111,2.637
936,JY51-2,3096.875,3,180.725,80.617,235.613,2.638
937,JY51-2,3097,3,180.748,80.611,234.721,2.634
938,JY51-2,3097.75,4,182.415,80.379,225.109,2.659
939,JY51-2,3097.875,4,187.478,80.234,226.643,2.654
940,JY51-2,3098,4,190.779,80.15,230.041,2.645
941,JY51-2,3098.75,4,179.885,81.244,236.418,2.627
942,JY51-2,3098.875,4,177.437,81.558,235.154,2.634
943,JY51-2,3099,4,177.88,81.85,234.234,2.64
944,JY51-2,3099.75,4,180.313,82.744,234.413,2.627
945,JY51-2,3099.875,4,181.074,83.015,235.256,2.623
946,JY51-2,3100,4,182.266,83.337,237,2.621
947,JY51-2,3100.75,4,177.452,83.828,242.727,2.63
948,JY51-2,3100.875,4,179.555,83.782,242.597,2.634
949,JY51-2,3101,4,182.562,83.804,242.734,2.641
950,JY51-2,3101.75,4,193.25,84.322,244.073,2.628
951,JY51-2,3101.875,4,194.613,84.565,243.82,2.631
952,JY51-2,3102,4,195.716,84.759,243.292,2.639
953,JY51-2,3102.75,3,175.825,84.324,238.701,2.675
954,JY51-2,3102.875,3,170.635,84.353,239.118,2.665
955,JY51-2,3103,3,168.991,84.436,239.973,2.652
956,JY51-2,3103.75,4,197.258,85.372,247.915,2.617
957,JY51-2,3103.875,4,199.402,85.464,249.876,2.619
958,JY51-2,3104,4,197.59,85.54,250.902,2.62
959,JY51-2,3104.625,4,191.839,86.394,247.279,2.644
960,JY51-2,3104.75,4,190.085,86.502,248.9,2.655
961,JY51-2,3104.875,4,190.832,86.585,251.367,2.659
962,JY51-2,3105.75,4,173.356,87.839,245.236,2.6
963,JY51-2,3105.875,4,171.859,87.918,247.503,2.599
964,JY51-2,3106,4,175.51,88.022,249.679,2.6
965,JY51-2,3106.75,4,186.727,87.7,260.408,2.591
966,JY51-2,3106.875,4,188.457,87.796,259.774,2.59
967,JY51-2,3107,4,190.33,88.001,259.282,2.593
968,JY51-2,3107.625,4,191.686,89.99,258.479,2.599
969,JY51-2,3107.75,4,189.283,90.387,258.381,2.602
970,JY51-2,3107.875,4,188.522,90.733,258.264,2.605
971,JY51-2,3108.75,4,188.018,90.599,260.561,2.627
972,JY51-2,3108.875,4,189.291,90.112,261.824,2.611
973,JY51-2,3109,4,187.283,89.679,262.484,2.604
974,JY51-2,3109.75,4,178.96,88.9,256.354,2.592
975,JY51-2,3109.875,4,180.471,89.038,255.716,2.585
976,JY51-2,3110,4,179.885,89.251,255.325,2.578
977,JY51-2,3110.75,4,191.847,90.7,258.683,2.582
978,JY51-2,3110.875,4,191.334,90.663,258.805,2.583
979,JY51-2,3111,4,189.526,90.479,257.747,2.587
980,JY51-2,3111.75,4,170.925,87.538,253.283,2.606
981,JY51-2,3111.875,4,179.531,87.141,255.058,2.591
982,JY51-2,3112,4,185.418,86.788,256.05,2.579
983,JY51-2,3112.75,4,183.183,84.56,252.286,2.564
984,JY51-2,3112.875,4,181.664,84.454,251.849,2.573
985,JY51-2,3113,4,180.4,84.462,252.493,2.588
986,JY51-2,3113.75,3,181.889,85.093,250.357,2.584
987,JY51-2,3113.875,3,183.554,85.067,249.723,2.583
988,JY51-2,3114,3,187.087,85.001,249.924,2.579
989,JY51-2,3114.75,4,207.024,86.456,253.426,2.56
990,JY51-2,3114.875,4,210.453,86.92,254.503,2.561
991,JY51-2,3115,4,213.125,87.299,255.602,2.562
992,JY51-2,3115.75,4,238.033,89.027,264.561,2.592
993,JY51-2,3115.875,4,241.981,89.286,266.56,2.6
994,JY51-2,3116,4,244.594,89.464,267.363,2.6
995,JY51-2,3116.625,4,223.049,89.409,249.022,2.588
996,JY51-2,3116.75,4,216.3,89.218,247.431,2.601
997,JY51-2,3116.875,4,212.292,88.934,246.204,2.609
998,JY51-2,3117.75,4,210.991,86.973,246.045,2.625
999,JY51-2,3117.875,4,212.119,87.043,247.447,2.616
1000,JY51-2,3118,4,211.245,87.143,247.467,2.611
1001,JY51-2,3118.75,4,201.062,86.065,240.596,2.623
1002,JY51-2,3118.875,4,201.109,85.742,239.036,2.628
1003,JY51-2,3119,4,200.958,85.385,237.898,2.636
1004,JY51-2,3119.75,4,216.691,81.938,246.712,2.602
1005,JY51-2,3119.875,4,216.053,81.805,245.754,2.599
1006,JY51-2,3120,4,213.587,81.84,244.913,2.596
1007,JY51-2,3120.75,4,203.315,80.841,237.562,2.613
1008,JY51-2,3120.875,4,204.388,80.329,238.04,2.608
1009,JY51-2,3121,4,206.197,79.91,240.751,2.596
1010,JY51-2,3121.75,3,197.751,82.348,243.829,2.59
1011,JY51-2,3121.875,3,199.076,83.353,242.273,2.591
1012,JY51-2,3122,3,200.575,84.303,242.398,2.597
1013,JY51-2,3122.75,3,199.617,87.188,244.583,2.581
1014,JY51-2,3122.875,3,194.529,87.296,243.245,2.579
1015,JY51-2,3123,3,190.145,87.344,242.455,2.581
1016,JY51-2,3123.75,4,177.034,87.803,239.938,2.579
1017,JY51-2,3123.875,4,179.197,87.828,240.999,2.579
1019,JY51-2,3124.75,3,220.514,88.132,243.152,2.558
1020,JY51-2,3124.875,3,209.618,88.021,241.784,2.554
1021,JY51-2,3125,3,200.075,87.938,241.279,2.553
1022,JY51-2,3125.75,3,195.766,87.596,240.133,2.59
1023,JY51-2,3125.875,3,198.144,87.496,241.758,2.586
1024,JY51-2,3126,3,200.502,87.365,243.396,2.577
1025,JY51-2,3126.75,3,210.597,87.254,241.373,2.554
1026,JY51-2,3126.875,3,213.353,87.307,240.899,2.562
1027,JY51-2,3127,3,215.856,87.332,241.125,2.565
1028,JY51-2,3127.75,3,220.436,86.589,248.18,2.541
1029,JY51-2,3127.875,3,219.861,86.496,247.951,2.535
1030,JY51-2,3128,3,217.983,86.474,247.286,2.531
1031,JY51-2,3128.75,3,208.031,86.716,248.064,2.554
1032,JY51-2,3128.875,3,208.617,86.818,248.603,2.547
1033,JY51-2,3129,3,211.984,86.998,248.504,2.54
1034,JY51-2,3129.75,3,206.528,88.497,247.599,2.548
1035,JY51-2,3129.875,3,205.527,88.696,247.745,2.541
1036,JY51-2,3130,3,206.843,88.952,247.091,2.535
1037,JY51-2,3130.75,3,209.244,91.377,248.962,2.554
1038,JY51-2,3130.875,3,212.2,91.659,249.2,2.542
1039,JY51-2,3131,3,214.879,91.839,248.329,2.533
1040,JY51-2,3131.75,3,219.961,91.684,245.635,2.561
1041,JY51-2,3131.875,3,235.09,91.747,245.432,2.565
1042,JY51-2,3132,3,253.443,91.821,246.053,2.567
1043,JY51-2,3132.75,3,241.844,91.023,253.556,2.557
1044,JY51-2,3132.875,3,236.655,90.954,252.149,2.549
1045,JY51-2,3133,3,238.573,90.992,251.41,2.541
1046,JY51-2,3133.75,3,233.777,93.004,252.517,2.524
1047,JY51-2,3133.875,3,232.485,93.637,252.896,2.526
1048,JY51-2,3134,3,232.517,94.347,253.473,2.528
1049,JY51-2,3134.875,4,332.175,97.994,262.229,2.56
1050,JY51-2,3135,4,341.333,98.232,261.22,2.549
1051,JY51-2,3135.125,4,336.199,98.39,258.747,2.535
1052,JY51-2,3135.75,3,276.671,98.397,248.399,2.54
1053,JY51-2,3135.875,3,272.344,98.358,246.653,2.532
1054,JY51-2,3136,3,266.95,98.324,244.615,2.522
1055,JY51-2,3136.75,3,274.743,99,242.686,2.496
1056,JY51-2,3136.875,3,293.19,99.162,246.378,2.507
1057,JY51-2,3137,3,322.456,99.329,250.973,2.522
1058,JY51-2,3138.25,3,404.745,100.284,250.672,2.455
1059,JY51-2,3138.375,3,436.878,100.292,251.91,2.454
1060,JY51-2,3138.5,3,457.92,100.375,253.352,2.457
1061,JY51-2,3139.75,3,244.393,102.668,243.332,2.543
1062,JY51-2,3139.875,3,232.701,102.827,247.44,2.516
1063,JY51-2,3140,3,225.779,102.938,249.809,2.503
1064,JY51-2,3140.75,3,217.185,103.791,241.879,2.52
1065,JY51-2,3140.875,3,221.863,103.61,239.404,2.506
1066,JY51-2,3141,3,225.801,103.315,238.477,2.495
1067,JY51-2,3141.75,3,194.118,101.821,237.229,2.49
1068,JY51-2,3141.875,3,184.389,102.104,236.011,2.492
1069,JY51-2,3142,3,176.891,102.628,235.113,2.497
1070,JY51-2,3142.75,4,159.184,104.986,252.069,2.548
1071,JY51-2,3142.875,4,155.465,104.954,254.036,2.562
1072,JY51-2,3143,4,155.957,104.782,254.702,2.564
1073,JY51-2,3143.75,4,193.836,101.402,268.561,2.523
1074,JY51-2,3143.875,4,195.247,100.645,271.254,2.559
1075,JY51-2,3144,4,196.91,99.903,273.09,2.613
1076,JY51-2,3144.75,4,160.242,96.731,226.812,2.753
1077,JY51-2,3144.875,4,137.797,96.323,216.495,2.755
1078,JY51-2,3145,4,110.346,95.926,205.372,2.754
