Well Name,…Ó∂»,GR,AC,DEN,CNL,LLS
JY4,2466.5,138.217,71.16,2.752,21.088,19.973
JY4,2466.625,139.992,71.984,2.752,21.401,19.877
JY4,2466.75,140.654,72.257,2.757,21.587,19.99
JY4,2466.875,139.976,72.176,2.767,21.487,20.126
JY4,2467,139.991,72.023,2.773,21.125,20.163
JY4,2467.125,141.617,71.93,2.775,20.816,20.053
JY4,2467.25,143.664,71.921,2.775,20.973,19.803
JY4,2467.375,144.746,72.058,2.775,21.745,19.474
JY4,2467.5,144.93,72.38,2.773,22.787,19.147
JY4,2467.625,144.982,72.765,2.767,23.315,18.907
JY4,2467.75,144.89,73.088,2.76,22.939,18.808
JY4,2467.875,144.414,73.309,2.755,21.973,18.859
JY4,2468,143.417,73.386,2.754,21.046,19.019
JY4,2468.125,141.956,73.296,2.753,20.623,19.191
JY4,2468.25,140.21,73.115,2.751,20.998,19.282
JY4,2468.375,138.818,72.955,2.749,21.99,19.244
JY4,2468.5,138.579,72.904,2.748,22.905,19.117
JY4,2468.625,139.641,72.94,2.746,22.955,18.991
JY4,2468.75,140.749,72.983,2.74,22.269,18.964
JY4,2468.875,140.585,72.967,2.733,21.492,19.056
JY4,2469,138.973,72.875,2.729,21.13,19.213
JY4,2469.125,137.106,72.73,2.731,21.15,19.342
JY4,2469.25,135.673,72.597,2.739,21.327,19.381
JY4,2469.375,135.01,72.534,2.749,21.586,19.296
JY4,2469.5,135.673,72.549,2.756,22.126,19.085
JY4,2469.625,137.493,72.651,2.757,23.017,18.769
JY4,2469.75,139.223,72.903,2.755,23.969,18.391
JY4,2469.875,140.106,73.268,2.751,24.517,18.031
JY4,2470,140.61,73.561,2.748,24.201,17.771
JY4,2470.125,141.974,73.741,2.746,23.206,17.686
JY4,2470.25,143.99,73.797,2.751,22.233,17.776
JY4,2470.375,145.278,73.622,2.759,21.948,17.975
JY4,2470.5,145.023,73.317,2.765,22.223,18.166
JY4,2470.625,143.554,73.182,2.765,22.627,18.263
JY4,2470.75,142.051,73.244,2.759,22.848,18.246
JY4,2470.875,141.713,73.381,2.756,22.794,18.166
JY4,2471,141.986,73.536,2.757,22.522,18.07
JY4,2471.125,141.339,73.624,2.762,22.394,17.965
JY4,2471.25,140.327,73.569,2.767,22.688,17.846
JY4,2471.375,140.525,73.486,2.769,23.25,17.714
JY4,2471.5,141.994,73.522,2.766,23.458,17.607
JY4,2471.625,143.412,73.651,2.76,23.175,17.594
JY4,2471.75,144.195,73.762,2.755,22.792,17.771
JY4,2471.875,145.219,73.81,2.756,22.55,18.208
JY4,2472,146.348,73.693,2.766,22.291,18.875
JY4,2472.125,145.851,73.297,2.779,21.832,19.675
JY4,2472.25,142.778,72.637,2.787,21.344,20.405
JY4,2472.375,138.231,71.985,2.782,21.063,20.874
JY4,2472.5,135.11,71.888,2.77,20.925,21.014
JY4,2472.625,135.42,72.501,2.759,20.712,20.974
JY4,2472.75,138.259,73.154,2.752,20.349,20.958
JY4,2472.875,140.908,73.464,2.746,20.113,21.153
JY4,2473,141.683,73.425,2.741,20.158,21.653
JY4,2473.125,140.684,72.69,2.738,20.298,22.455
JY4,2473.25,139.442,71.27,2.741,20.209,23.378
JY4,2473.375,139.47,69.879,2.745,19.763,24.124
JY4,2473.5,141.048,68.975,2.746,19.07,24.426
JY4,2473.625,142.917,68.599,2.742,18.407,24.222
JY4,2473.75,144.196,68.704,2.74,18.148,23.675
JY4,2473.875,145.772,69.116,2.74,18.604,23.019
JY4,2474,148.416,69.673,2.741,19.535,22.429
JY4,2474.125,150.85,70.216,2.739,20.37,21.951
JY4,2474.25,151.098,70.622,2.735,20.697,21.524
JY4,2474.375,149.64,70.87,2.733,20.843,21.04
JY4,2474.5,148.605,71.089,2.734,21.23,20.462
JY4,2474.625,149.578,71.451,2.736,21.728,19.897
JY4,2474.75,151.214,71.98,2.732,21.927,19.482
JY4,2474.875,151.244,72.469,2.725,21.686,19.27
JY4,2475,149.197,72.787,2.72,21.292,19.199
JY4,2475.125,146.519,72.981,2.72,20.939,19.175
JY4,2475.25,144.897,73.087,2.724,20.554,19.143
JY4,2475.375,144.563,73.086,2.725,20.084,19.094
JY4,2475.5,145.169,73.034,2.723,19.665,19.046
JY4,2475.625,147.01,73,2.72,19.566,19.02
JY4,2475.75,149.421,72.977,2.718,19.772,19.023
JY4,2475.875,150.582,72.978,2.716,19.922,19.05
JY4,2476,149.145,73.036,2.709,19.801,19.078
JY4,2476.125,146.519,73.128,2.699,19.765,19.055
JY4,2476.25,145.016,73.357,2.69,20.319,18.931
JY4,2476.375,145.17,73.808,2.688,21.441,18.697
JY4,2476.5,145.673,74.228,2.696,22.516,18.395
JY4,2476.625,145.46,74.455,2.711,22.93,18.069
JY4,2476.75,144.904,74.566,2.725,22.733,17.782
JY4,2476.875,144.547,74.408,2.732,22.24,17.606
JY4,2477,144.102,73.98,2.732,21.419,17.622
JY4,2477.125,143.094,73.585,2.731,20.181,17.863
JY4,2477.25,141.839,73.297,2.73,19.126,18.296
JY4,2477.375,141.331,72.967,2.729,18.954,18.856
JY4,2477.5,141.545,72.58,2.728,19.508,19.454
JY4,2477.625,141.599,72.193,2.726,19.981,20.007
JY4,2477.75,141.845,71.793,2.721,19.823,20.412
JY4,2477.875,143.121,71.365,2.718,19.409,20.609
JY4,2478,145.217,71.079,2.718,19.322,20.623
JY4,2478.125,147.289,71.095,2.722,19.642,20.563
JY4,2478.25,149.055,71.286,2.726,20.126,20.515
JY4,2478.375,150.637,71.459,2.733,20.471,20.495
JY4,2478.5,151.28,71.606,2.739,20.581,20.48
JY4,2478.625,150.178,71.757,2.744,20.58,20.446
JY4,2478.75,147.746,71.917,2.745,20.609,20.359
JY4,2478.875,144.644,72.154,2.742,20.608,20.21
JY4,2479,140.94,72.441,2.739,20.435,20.042
JY4,2479.125,137.248,72.644,2.741,20.206,19.928
JY4,2479.25,134.821,72.712,2.754,20.194,19.894
JY4,2479.375,134.625,72.604,2.77,20.448,19.907
JY4,2479.5,136.977,72.29,2.782,20.662,19.896
JY4,2479.625,141.593,72.004,2.786,20.601,19.802
JY4,2479.75,147.323,72.005,2.788,20.445,19.597
JY4,2479.875,151.177,72.242,2.791,20.585,19.308
JY4,2480,151.335,72.598,2.793,21.057,19
JY4,2480.125,149.014,73.016,2.792,21.508,18.729
JY4,2480.25,147.368,73.353,2.786,21.68,18.511
JY4,2480.375,148.196,73.551,2.78,21.684,18.336
JY4,2480.5,150.453,73.697,2.781,21.465,18.221
JY4,2480.625,151.32,73.812,2.789,20.878,18.197
JY4,2480.75,149.127,73.882,2.8,20.202,18.286
JY4,2480.875,145.127,73.924,2.809,19.882,18.488
JY4,2481,142.496,73.907,2.813,19.923,18.751
JY4,2481.125,142.925,73.778,2.806,20.001,19.003
JY4,2481.25,146.07,73.495,2.79,20.106,19.133
JY4,2481.375,151.289,73.057,2.768,20.481,19.035
JY4,2481.5,157.424,72.629,2.748,20.965,18.642
JY4,2481.625,161.547,72.357,2.741,21.213,18.06
JY4,2481.75,161.07,72.339,2.749,21.352,17.529
JY4,2481.875,155.962,72.533,2.764,21.724,17.316
JY4,2482,149.833,72.696,2.774,22.399,17.564
JY4,2482.125,145.996,72.647,2.767,22.993,18.23
JY4,2482.25,144.823,72.287,2.743,23.418,19.054
JY4,2482.375,144.25,71.733,2.709,24.078,19.628
JY4,2482.5,142.628,71.567,2.681,24.949,19.661
JY4,2482.625,139.369,72.137,2.672,25.125,19.184
JY4,2482.75,133.497,73.511,2.686,23.565,18.658
JY4,2482.875,123.389,75.485,2.714,20.319,18.826
JY4,2483,109.991,77.008,2.741,16.68,20.679
JY4,2483.125,98.15,76.389,2.756,13.612,24.854
JY4,2483.25,94.191,73.196,2.758,11.593,31.236
JY4,2483.375,100.745,68.149,2.749,10.652,37.846
JY4,2483.5,113.806,62.82,2.733,10.816,41.848
JY4,2483.625,124.786,59.173,2.715,12.065,41.314
JY4,2483.75,128.045,58.537,2.7,13.829,37.751
JY4,2483.875,124.625,60.328,2.695,14.94,34.288
JY4,2484,119.642,62.564,2.698,14.828,33.292
JY4,2484.125,116.916,63.612,2.697,14.266,34.379
JY4,2484.25,116.554,63.149,2.678,14.021,35.773
JY4,2484.375,115.644,62.266,2.644,14.392,36.284
JY4,2484.5,111.959,63.256,2.617,15.14,36.395
JY4,2484.625,106.971,66.729,2.617,15.56,37.232
JY4,2484.75,105.626,70.883,2.645,15.416,38.862
JY4,2484.875,110.037,73.36,2.686,15.163,40.292
JY4,2485,116.71,73.5,2.719,15.272,40.545
JY4,2485.125,120.384,71.929,2.732,15.742,39.48
JY4,2485.25,120.096,69.54,2.727,16.225,37.575
JY4,2485.375,119.2,67.237,2.717,16.48,35.769
JY4,2485.5,120.057,66.058,2.713,16.68,34.895
JY4,2485.625,121.903,65.986,2.716,17.048,34.854
JY4,2485.75,122.87,65.776,2.72,17.63,34.634
JY4,2485.875,122.836,65.064,2.718,18.101,33.692
JY4,2486,122.804,64.867,2.711,18.041,32.452
JY4,2486.125,122.915,65.445,2.704,17.531,31.653
JY4,2486.25,122.728,65.987,2.694,17.054,31.482
JY4,2486.375,122.4,66.139,2.684,17.005,31.768
JY4,2486.5,122.465,66.131,2.679,17.2,32.38
JY4,2486.625,122.65,66.031,2.685,17.202,33.311
JY4,2486.75,121.836,65.749,2.701,16.781,34.624
JY4,2486.875,119.994,65.262,2.718,16.055,36.265
JY4,2487,117.695,64.612,2.73,15.19,38.204
JY4,2487.125,114.613,64.006,2.737,14.341,40.761
JY4,2487.25,110.546,63.632,2.74,13.852,44.064
JY4,2487.375,107.148,63.2,2.74,14.144,47.244
JY4,2487.5,108.025,62.379,2.74,15.246,48.111
JY4,2487.625,113.636,61.544,2.745,16.7,45.404
JY4,2487.75,120.917,61.442,2.755,18.066,39.761
JY4,2487.875,127.09,62.362,2.763,19.298,33.371
JY4,2488,131.786,64.141,2.766,20.301,28.07
JY4,2488.125,135.287,66.499,2.77,20.699,24.644
JY4,2488.25,137.076,68.903,2.775,20.443,22.905
JY4,2488.375,137.337,70.426,2.778,20.083,22.199
JY4,2488.5,137.301,70.804,2.773,20.09,21.851
JY4,2488.625,137.238,70.7,2.766,20.338,21.446
JY4,2488.75,136.835,70.77,2.758,20.675,20.906
JY4,2488.875,137.396,71.123,2.753,21.044,20.29
JY4,2489,140.219,71.627,2.75,21.389,19.637
JY4,2489.125,144.193,72.125,2.75,21.806,18.954
JY4,2489.25,146.404,72.52,2.753,22.185,18.275
JY4,2489.375,145.31,72.834,2.754,22.119,17.739
JY4,2489.5,140.723,73.099,2.753,21.242,17.649
JY4,2489.625,133.656,73.256,2.752,19.87,18.347
JY4,2489.75,127.127,73.021,2.75,18.421,19.957
JY4,2489.875,125.759,72.232,2.752,17.284,22.414
JY4,2490,130.313,71.079,2.759,16.762,25.108
JY4,2490.125,137.428,69.748,2.769,16.987,26.988
JY4,2490.25,143.321,68.446,2.775,17.833,26.957
JY4,2490.375,146.25,67.938,2.774,18.755,25.284
JY4,2490.5,144.742,68.678,2.768,19.161,23.309
JY4,2490.625,137.474,69.974,2.758,18.855,22.581
JY4,2490.75,127.263,70.808,2.746,17.887,23.559
JY4,2490.875,119.725,70.579,2.735,16.61,25.755
JY4,2491,118.081,69.199,2.726,15.717,28.26
JY4,2491.125,119.908,67.526,2.72,15.691,30.227
JY4,2491.25,119.73,66.497,2.717,16.367,31.198
JY4,2491.375,114.656,66.26,2.717,16.764,31.935
JY4,2491.5,107.238,66.764,2.721,16.339,33.814
JY4,2491.625,103.882,67.469,2.726,15.622,36.995
JY4,2491.75,107.083,67.259,2.729,15.353,39.486
JY4,2491.875,112.91,66.37,2.726,15.707,39.481
JY4,2492,116.058,66.248,2.719,16.505,36.954
JY4,2492.125,117.215,66.913,2.712,17.457,33.238
JY4,2492.25,119.709,67.303,2.709,18.2,29.426
JY4,2492.375,122.234,67.905,2.71,18.532,26.463
JY4,2492.5,119.634,69.543,2.711,18.341,25.201
JY4,2492.625,109.203,70.836,2.708,17.271,26.367
JY4,2492.75,95.112,70.839,2.701,15.299,31.707
JY4,2492.875,83.204,70.546,2.691,12.928,43.98
JY4,2493,76.555,69.551,2.684,10.776,64.485
JY4,2493.125,74.638,66.49,2.682,9.38,88.657
JY4,2493.25,75.637,62.621,2.687,8.916,109.168
JY4,2493.375,77.992,60.079,2.694,9.183,119.377
JY4,2493.5,80.771,59.025,2.697,9.702,118.755
JY4,2493.625,83.949,58.784,2.693,10.162,110.546
JY4,2493.75,88.722,59.189,2.69,10.777,98.429
JY4,2493.875,96.019,59.749,2.697,12.044,85.034
JY4,2494,105.356,60.049,2.711,14.311,71.217
JY4,2494.125,114.555,60.608,2.723,17.35,57.838
JY4,2494.25,120.782,62.012,2.723,20.108,46.461
JY4,2494.375,121.618,64.143,2.717,21.047,38.542
JY4,2494.5,116.743,66.702,2.709,19.909,34.593
JY4,2494.625,107.636,68.989,2.704,17.518,34.851
JY4,2494.75,96.389,70.263,2.698,14.434,41.099
JY4,2494.875,85.536,70.102,2.688,11.443,57.568
JY4,2495,77.477,68.097,2.677,9.343,93.197
JY4,2495.125,74.301,64.829,2.674,8.471,153.256
JY4,2495.25,75.921,61.662,2.686,8.683,212.119
JY4,2495.375,80.747,58.975,2.707,9.656,229.076
JY4,2495.5,85.62,57.236,2.725,10.988,188.816
JY4,2495.625,87.419,57.779,2.733,12.41,123.254
JY4,2495.75,84.766,59.965,2.732,13.466,74.421
JY4,2495.875,78.923,61.935,2.729,13.473,55.597
JY4,2496,72.172,63.602,2.724,12.5,58.179
JY4,2496.125,66.308,65.394,2.712,11.425,74.079
JY4,2496.25,62.899,66.227,2.685,10.74,93.997
JY4,2496.375,62.564,65.729,2.644,10.222,107.465
JY4,2496.5,64.238,65.464,2.594,9.636,108.787
JY4,2496.625,65.72,65.99,2.544,9.191,103.492
JY4,2496.75,66.024,66.957,2.509,8.704,101.808
JY4,2496.875,66.612,69.268,2.504,7.489,115.441
JY4,2497,69.236,72.686,2.531,5.742,156.129
JY4,2497.125,73.826,74.864,2.576,4.274,234.551
JY4,2497.25,78.074,74.976,2.615,3.493,341.215
JY4,2497.375,79.918,73.544,2.633,3.31,439.562
JY4,2497.5,79.109,70.927,2.637,3.459,489.751
JY4,2497.625,77.212,68.271,2.641,3.655,487.696
JY4,2497.75,75.767,67.103,2.645,3.775,464.346
JY4,2497.875,75.332,67.213,2.648,3.788,454.717
JY4,2498,75.51,67.582,2.646,3.7,467.144
JY4,2498.125,75.7,67.885,2.639,3.591,487.866
JY4,2498.25,75.629,68.395,2.632,3.59,497.053
JY4,2498.375,75.752,69.479,2.632,3.763,488.058
JY4,2498.5,76.801,71.196,2.64,4.07,466.104
JY4,2498.625,79.442,73.289,2.652,4.37,435.554
JY4,2498.75,83.416,75.264,2.661,4.56,394.903
JY4,2498.875,87.31,76.449,2.666,4.717,344.005
JY4,2499,88.671,76.505,2.668,4.985,293.118
JY4,2499.125,86.288,75.772,2.668,5.288,255.138
JY4,2499.25,81.853,74.439,2.667,5.422,239.659
JY4,2499.375,78.547,72.584,2.668,5.378,248.24
JY4,2499.5,77.531,70.642,2.673,5.287,271.987
JY4,2499.625,77.67,68.607,2.679,5.244,291.419
JY4,2499.75,77.662,66.406,2.683,5.246,291.983
JY4,2499.875,77.315,64.765,2.685,5.286,276.044
JY4,2500,76.5,64.279,2.686,5.35,257.851
JY4,2500.125,75.586,65.058,2.685,5.402,245.802
JY4,2500.25,75.899,66.958,2.68,5.452,238.573
JY4,2500.375,78.192,69.375,2.668,5.527,232.704
JY4,2500.5,81.359,71.495,2.656,5.489,226.631
JY4,2500.625,83.276,72.803,2.649,5.117,221.863
JY4,2500.75,83.162,72.954,2.65,4.504,226.922
JY4,2500.875,82.322,72.306,2.653,3.97,252.78
JY4,2501,82.275,71.726,2.655,3.725,301.159
JY4,2501.125,83.157,71.08,2.658,3.729,350.521
JY4,2501.25,84.115,69.602,2.663,3.946,375.665
JY4,2501.375,85.617,67.52,2.668,4.538,364.291
JY4,2501.5,90.369,65.302,2.667,5.728,320.896
JY4,2501.625,101.282,62.747,2.661,7.553,251.605
JY4,2501.75,118.675,60.624,2.654,9.837,167.973
JY4,2501.875,138.18,61.527,2.655,12.486,92.953
JY4,2502,154.12,66.009,2.666,15.324,46.046
JY4,2502.125,163.553,71.21,2.688,17.497,26.438
JY4,2502.25,167.04,75.027,2.708,18.255,20.611
JY4,2502.375,166.41,77.857,2.717,17.931,19.958
JY4,2502.5,163.491,78.757,2.716,16.861,21.972
JY4,2502.625,158.566,76.239,2.709,15.138,25.897
JY4,2502.75,149.092,72.247,2.7,13.244,32.233
JY4,2502.875,134.134,69.166,2.69,11.563,42.481
JY4,2503,116.831,66.456,2.681,10.08,58.876
JY4,2503.125,103.292,63.357,2.675,8.783,86.28
JY4,2503.25,96.154,60.639,2.67,7.824,125.642
JY4,2503.375,93.898,58.981,2.666,7.361,168.35
JY4,2503.5,93.115,58.172,2.662,7.312,198.08
JY4,2503.625,91.213,57.964,2.659,7.372,208.095
JY4,2503.75,87.516,58.322,2.664,7.176,207.801
JY4,2503.875,83.103,58.952,2.674,6.705,217.169
JY4,2504,79.431,59.276,2.689,6.214,248.864
JY4,2504.125,78.44,59.168,2.702,5.933,298.996
JY4,2504.25,82.425,58.973,2.709,6.008,335.587
JY4,2504.375,92.393,58.908,2.712,6.573,321.824
JY4,2504.5,105.663,59.251,2.711,7.711,248.301
JY4,2504.625,115.836,60.643,2.71,9.273,155.119
JY4,2504.75,117.865,62.85,2.705,10.589,87.089
JY4,2504.875,112.248,64.602,2.7,10.932,58.343
JY4,2505,105.744,65.186,2.701,10.459,54.015
JY4,2505.125,105.643,64.68,2.712,9.901,59.051
JY4,2505.25,113.558,63.257,2.727,9.79,64.95
JY4,2505.375,125.067,61.74,2.742,10.359,66.185
JY4,2505.5,135.777,61.076,2.754,11.672,60.932
JY4,2505.625,145.023,61.433,2.763,13.411,51.836
JY4,2505.75,153.34,62.787,2.768,15.095,42.305
JY4,2505.875,159.739,65.103,2.769,16.528,34.174
JY4,2506,163.557,67.793,2.77,18.004,27.929
JY4,2506.125,165.977,70.326,2.77,19.486,23.481
JY4,2506.25,168.429,72.829,2.767,20.508,20.638
JY4,2506.375,170.631,75.162,2.763,21.041,19.073
JY4,2506.5,171.325,76.468,2.759,21.324,18.516
JY4,2506.625,169.716,76.518,2.759,21.344,18.627
JY4,2506.75,166.39,76.041,2.76,21.001,19.022
JY4,2506.875,162.655,75.578,2.759,20.477,19.504
JY4,2507,159.889,75.158,2.755,20.087,20.021
JY4,2507.125,158.425,74.747,2.752,19.875,20.541
JY4,2507.25,158.277,74.39,2.751,19.686,21.002
JY4,2507.375,160.142,74.121,2.752,19.443,21.345
JY4,2507.5,164.126,73.871,2.754,19.269,21.556
JY4,2507.625,168.556,73.717,2.753,19.231,21.637
JY4,2507.75,171.675,73.892,2.751,19.142,21.611
JY4,2507.875,172.453,74.112,2.749,18.668,21.53
JY4,2508,169.778,73.8,2.746,17.51,21.604
JY4,2508.125,162.059,73.235,2.74,15.437,22.225
JY4,2508.25,147.563,73.126,2.729,12.7,24.07
JY4,2508.375,128.036,73.467,2.715,10.29,28.556
JY4,2508.5,110.287,73.875,2.699,8.83,37.026
JY4,2508.625,103.935,73.899,2.685,8.396,48.601
JY4,2508.75,114.506,73.035,2.68,8.83,57.837
JY4,2508.875,136.396,72.035,2.69,9.96,59.346
JY4,2509,154.109,72.474,2.708,11.138,52.515
JY4,2509.125,153.896,74.801,2.72,10.968,43.372
JY4,2509.25,133.796,78.212,2.714,9.109,38.756
JY4,2509.375,104.397,81.204,2.692,6.782,48.252
JY4,2509.5,79.889,82.249,2.665,4.907,98.644
JY4,2509.625,66.87,81.612,2.639,3.71,237.895
JY4,2509.75,62.517,80.846,2.618,3.147,486.186
JY4,2509.875,60.98,81.203,2.601,3.072,771.286
JY4,2510,59.688,83.165,2.587,3.31,978.713
JY4,2510.125,58.944,86.321,2.573,3.748,1045.965
JY4,2510.25,58.983,89.287,2.56,4.377,1006.587
JY4,2510.375,59.124,90.51,2.55,5.128,922.814
JY4,2510.5,58.763,89.46,2.548,5.82,831.363
JY4,2510.625,58.16,87.115,2.551,6.366,744.205
JY4,2510.75,57.959,84.508,2.557,6.825,666.435
JY4,2510.875,58.393,82.043,2.561,7.267,602.044
JY4,2511,59.358,80.584,2.563,7.643,554.175
JY4,2511.125,60.521,80.808,2.565,7.817,526.48
JY4,2511.25,61.626,82.051,2.569,7.592,520.505
JY4,2511.375,62.113,83.149,2.575,6.881,539.945
JY4,2511.5,61.325,83.785,2.586,5.912,593.316
JY4,2511.625,60.16,84.429,2.602,5.11,684.413
JY4,2511.75,61.767,84.883,2.624,4.876,781.46
JY4,2511.875,70.91,83.898,2.652,5.368,792.695
JY4,2512,90.178,80.695,2.683,6.706,657.642
JY4,2512.125,117.46,76.302,2.712,9.075,418.106
JY4,2512.25,145.054,72.436,2.734,12.593,198.085
JY4,2512.375,165.559,70.02,2.747,16.793,74.468
JY4,2512.5,175.397,69.656,2.757,20.246,32.596
JY4,2512.625,177.605,71.559,2.768,21.912,22.46
JY4,2512.75,176.844,74.182,2.778,22.463,19.287
JY4,2512.875,175.904,75.642,2.783,22.39,18.466
JY4,2513,175.183,75.872,2.778,21.746,18.498
JY4,2513.125,174.025,75.694,2.769,21.025,18.73
JY4,2513.25,172.191,75.545,2.764,20.747,18.96
JY4,2513.375,169.709,75.623,2.765,20.831,19.187
JY4,2513.5,166.959,75.835,2.769,20.798,19.457
JY4,2513.625,164.977,75.945,2.774,20.389,19.791
JY4,2513.75,164.478,75.834,2.782,19.876,20.145
JY4,2513.875,165.115,75.373,2.794,19.453,20.393
JY4,2514,165.405,74.594,2.803,19.083,20.437
JY4,2514.125,164.404,73.851,2.805,18.769,20.323
JY4,2514.25,162.151,73.47,2.797,18.576,20.291
JY4,2514.375,159.813,73.51,2.782,18.492,20.589
JY4,2514.5,158.886,73.65,2.766,18.397,21.328
JY4,2514.625,159.402,73.501,2.752,18.227,22.413
JY4,2514.75,160.311,73.13,2.745,18.043,23.541
JY4,2514.875,160.737,72.778,2.74,17.991,24.301
JY4,2515,160.316,72.528,2.737,18.139,24.46
JY4,2515.125,159.51,72.633,2.735,18.331,24.158
JY4,2515.25,159.243,73.204,2.739,18.361,23.756
JY4,2515.375,160.555,73.777,2.75,18.294,23.524
JY4,2515.5,163.435,73.942,2.761,18.347,23.501
JY4,2515.625,166.23,73.911,2.766,18.554,23.592
JY4,2515.75,167.244,73.983,2.762,18.657,23.668
JY4,2515.875,166.123,74.106,2.753,18.518,23.648
JY4,2516,164.17,74.265,2.746,18.441,23.528
JY4,2516.125,163.048,74.599,2.745,18.716,23.333
JY4,2516.25,163.224,75.03,2.75,19.092,23.032
JY4,2516.375,163.635,75.41,2.756,19.082,22.566
JY4,2516.5,163.491,75.78,2.759,18.721,21.944
JY4,2516.625,163.76,76.184,2.759,18.589,21.24
JY4,2516.75,165.339,76.566,2.76,18.957,20.537
JY4,2516.875,167.47,76.918,2.765,19.446,19.91
JY4,2517,168.137,77.309,2.772,19.612,19.442
JY4,2517.125,166.829,77.724,2.775,19.459,19.175
JY4,2517.25,165.277,78.037,2.768,19.345,19.085
JY4,2517.375,165.265,78.138,2.754,19.489,19.113
JY4,2517.5,166.505,77.969,2.739,19.771,19.201
JY4,2517.625,167.898,77.611,2.73,19.989,19.273
JY4,2517.75,169.133,77.286,2.727,20.064,19.121
JY4,2517.875,170.88,77.172,2.731,20.014,18.551
JY4,2518,173.577,77.305,2.738,19.838,17.597
JY4,2518.125,176.757,77.576,2.744,19.567,16.607
JY4,2518.25,179.563,77.81,2.747,19.288,15.945
JY4,2518.375,180.812,77.994,2.748,19.077,15.806
JY4,2518.5,179.47,78.199,2.747,18.917,16.105
JY4,2518.625,176.259,78.391,2.747,18.722,16.607
JY4,2518.75,173.833,78.495,2.746,18.446,17.052
JY4,2518.875,173.68,78.358,2.745,18.217,17.345
JY4,2519,174.486,77.816,2.747,18.29,17.59
JY4,2519.125,173.623,76.977,2.752,18.656,17.966
JY4,2519.25,170.757,76.201,2.759,18.85,18.475
JY4,2519.375,167.566,75.77,2.76,18.591,18.948
JY4,2519.5,165.181,75.739,2.755,18.378,19.202
JY4,2519.625,163.786,76.002,2.748,18.867,19.234
JY4,2519.75,163.928,76.33,2.746,20.052,19.179
JY4,2519.875,166.223,76.523,2.747,21.009,19.131
JY4,2520,169.888,76.629,2.748,20.893,19.064
JY4,2520.125,172.938,76.828,2.748,19.916,18.906
JY4,2520.25,174.363,77.159,2.749,18.932,18.675
JY4,2520.375,174.576,77.568,2.748,18.385,18.39
JY4,2520.5,173.756,77.907,2.747,18.285,17.658
JY4,2520.625,171.722,77.899,2.746,18.421,15.94
JY4,2520.75,169.485,77.478,2.745,18.742,13.232
JY4,2520.875,169.277,76.927,2.741,19.257,10.463
JY4,2521,171.217,76.554,2.737,19.699,8.702
JY4,2521.125,172.916,76.461,2.732,19.753,8.618
JY4,2521.25,172.666,76.586,2.726,19.512,10.444
JY4,2521.375,171.684,76.785,2.725,19.379,13.625
JY4,2521.5,172.17,76.943,2.733,19.651,16.504
JY4,2521.625,173.641,77.069,2.748,20.12,17.277
JY4,2521.75,173.163,77.26,2.765,20.338,15.784
JY4,2521.875,168.31,77.533,2.779,19.981,13.558
JY4,2522,161.315,77.526,2.787,19.303,12.132
JY4,2522.125,157.044,76.857,2.79,19.055,12.033
JY4,2522.25,158.896,75.904,2.787,19.718,13.174
JY4,2522.375,165.204,75.341,2.78,21.017,14.97
JY4,2522.5,172.255,75.273,2.766,21.999,16.57
JY4,2522.625,177.333,75.755,2.755,21.911,17.315
JY4,2522.75,179.525,76.838,2.75,21.009,17.232
JY4,2522.875,178.966,77.825,2.752,19.992,16.66
JY4,2523,176.811,78.015,2.756,19.383,15.844
JY4,2523.125,174.71,77.699,2.755,19.334,14.999
JY4,2523.25,174.232,77.518,2.751,19.68,14.445
JY4,2523.375,175.675,77.645,2.746,20.046,14.432
JY4,2523.5,177.546,77.957,2.741,20.267,15.006
JY4,2523.625,177.875,78.362,2.733,20.459,15.992
JY4,2523.75,177.045,78.718,2.722,20.723,16.959
JY4,2523.875,176.762,78.896,2.715,20.934,17.531
JY4,2524,177.43,78.969,2.717,20.852,17.669
JY4,2524.125,177.546,79.068,2.726,20.507,17.627
JY4,2524.25,176.06,79.168,2.736,20.25,17.629
JY4,2524.375,173.723,79.147,2.742,20.139,17.708
JY4,2524.5,171.476,78.907,2.746,19.92,17.782
JY4,2524.625,170.064,78.504,2.745,19.574,17.737
JY4,2524.75,169.94,78.115,2.738,19.421,17.545
JY4,2524.875,170.776,77.828,2.731,19.687,17.291
JY4,2525,171.442,77.584,2.729,20.157,17.11
JY4,2525.125,171.335,77.339,2.736,20.49,17.088
JY4,2525.25,171.082,77.109,2.747,20.694,17.228
JY4,2525.375,171.532,76.933,2.756,20.779,17.458
JY4,2525.5,172.235,76.939,2.763,20.596,17.616
JY4,2525.625,172.127,77.231,2.77,20.284,17.482
JY4,2525.75,170.848,77.705,2.775,20.147,16.919
JY4,2525.875,168.705,78.175,2.773,20.203,16.087
JY4,2526,166.136,78.583,2.766,20.234,15.332
JY4,2526.125,164.525,78.901,2.757,20.195,14.943
JY4,2526.25,165.275,79.08,2.75,20.305,15.018
JY4,2526.375,168.163,79.187,2.744,20.583,15.513
JY4,2526.5,171.018,79.252,2.741,20.665,16.195
JY4,2526.625,172.28,79.089,2.741,20.45,16.76
JY4,2526.75,172.277,78.65,2.745,20.289,17.014
JY4,2526.875,171.638,78.159,2.75,20.437,17.066
JY4,2527,170.251,77.717,2.757,20.763,17.111
JY4,2527.125,167.969,77.363,2.762,20.922,17.201
JY4,2527.25,165.329,77.271,2.766,20.832,17.261
JY4,2527.375,163.728,77.414,2.768,20.743,17.209
JY4,2527.5,164.158,77.546,2.769,20.746,17.06
JY4,2527.625,165.405,77.581,2.77,20.746,16.9
JY4,2527.75,165.357,77.601,2.774,20.604,16.82
JY4,2527.875,164.113,77.658,2.774,20.274,16.874
JY4,2528,164.053,77.751,2.77,19.868,17.043
JY4,2528.125,166.798,77.85,2.76,19.429,17.216
JY4,2528.25,170.725,77.881,2.749,19.197,17.27
JY4,2528.375,173.407,77.785,2.742,19.322,17.181
JY4,2528.5,173.565,77.595,2.74,19.7,17.036
JY4,2528.625,171.615,77.357,2.741,19.931,16.939
JY4,2528.75,168.604,77.183,2.743,19.709,16.955
JY4,2528.875,165.685,77.155,2.747,19.306,17.088
JY4,2529,163.294,77.004,2.749,19.245,17.27
JY4,2529.125,161.408,76.595,2.75,19.549,17.406
JY4,2529.25,161.164,76.299,2.749,19.672,17.442
JY4,2529.375,163.503,76.306,2.75,19.258,17.384
JY4,2529.5,167.035,76.497,2.753,18.814,17.27
JY4,2529.625,168.615,76.931,2.755,18.828,17.162
JY4,2529.75,167.029,77.522,2.755,19.106,17.114
JY4,2529.875,164.137,77.905,2.752,19.386,17.16
JY4,2530,162.178,78.003,2.748,19.749,17.286
JY4,2530.125,161.795,77.95,2.742,20.16,17.448
JY4,2530.25,162.802,77.761,2.737,20.167,17.603
JY4,2530.375,165.173,77.452,2.735,19.626,17.737
JY4,2530.5,168.892,77.161,2.733,19.075,17.848
JY4,2530.625,172.39,77.002,2.732,19.001,17.915
JY4,2530.75,173.406,77.026,2.731,19.328,17.921
JY4,2530.875,171.285,77.288,2.735,19.716,17.865
JY4,2531,168.319,77.776,2.745,19.802,17.759
JY4,2531.125,167.25,78.333,2.756,19.421,17.616
JY4,2531.25,168.814,78.793,2.764,18.769,17.463
JY4,2531.375,171.277,79.083,2.767,18.247,17.347
JY4,2531.5,172.86,79.203,2.763,18.134,17.299
JY4,2531.625,172.996,79.206,2.754,18.427,17.32
JY4,2531.75,172.616,79.12,2.75,18.853,17.374
JY4,2531.875,172.73,78.942,2.755,19.171,17.409
JY4,2532,172.397,78.777,2.766,19.427,17.38
JY4,2532.125,170.683,78.759,2.776,19.801,17.282
JY4,2532.25,169.034,78.869,2.776,20.102,17.143
JY4,2532.375,169.212,79.034,2.768,19.939,17.015
JY4,2532.5,170.549,79.165,2.758,19.451,16.93
JY4,2532.625,171.078,79.195,2.751,19.239,16.89
JY4,2532.75,170.745,79.181,2.749,19.694,16.87
JY4,2532.875,171.225,79.19,2.746,20.559,16.845
JY4,2533,172.63,79.237,2.745,21.272,16.804
JY4,2533.125,173.252,79.395,2.748,21.457,16.768
JY4,2533.25,172.552,79.642,2.756,21.274,16.778
JY4,2533.375,171.252,79.801,2.764,20.925,16.874
JY4,2533.5,170.036,79.79,2.768,20.425,17.05
JY4,2533.625,169.82,79.699,2.767,19.792,17.24
JY4,2533.75,171.371,79.62,2.768,19.187,17.319
JY4,2533.875,173.862,79.534,2.771,18.902,17.204
JY4,2534,175.019,79.412,2.771,19.024,16.932
JY4,2534.125,173.905,79.352,2.765,19.43,16.662
JY4,2534.25,172.13,79.421,2.758,19.899,16.542
JY4,2534.375,171.301,79.497,2.755,20.123,16.656
JY4,2534.5,170.623,79.467,2.758,19.94,16.969
JY4,2534.625,168.903,79.319,2.763,19.594,17.355
JY4,2534.75,166.128,79.025,2.764,19.428,17.647
JY4,2534.875,163.388,78.676,2.762,19.579,17.744
JY4,2535,162.463,78.489,2.758,19.907,17.597
JY4,2535.125,164.623,78.567,2.754,20.322,17.139
JY4,2535.25,168.378,78.867,2.75,20.886,16.424
JY4,2535.375,170.405,79.306,2.747,21.637,15.689
JY4,2535.5,169.31,79.789,2.747,22.189,15.248
JY4,2535.625,167.349,80.328,2.754,22.029,15.271
JY4,2535.75,167.695,80.971,2.766,21.296,15.77
JY4,2535.875,170.687,81.558,2.775,20.686,16.559
JY4,2536,174.591,81.833,2.775,20.724,17.326
JY4,2536.125,178.034,81.764,2.769,21.171,17.762
JY4,2536.25,180.091,81.423,2.76,21.301,17.828
JY4,2536.375,179.969,80.9,2.753,20.864,17.686
JY4,2536.5,178.005,80.527,2.746,20.245,17.459
JY4,2536.625,176.088,80.528,2.74,19.95,17.167
JY4,2536.75,175.715,80.707,2.731,19.989,16.812
JY4,2536.875,175.975,80.871,2.719,20.083,16.494
JY4,2537,175.316,80.916,2.71,20.096,16.389
JY4,2537.125,173.912,80.894,2.708,20.122,16.644
JY4,2537.25,172.701,81.139,2.712,20.126,17.047
JY4,2537.375,172.166,81.551,2.72,19.935,16.976
JY4,2537.5,172.691,81.66,2.726,19.702,15.858
JY4,2537.625,174.074,81.535,2.729,19.761,13.994
JY4,2537.75,175.292,81.354,2.729,20.263,12.242
JY4,2537.875,174.971,80.966,2.725,21.036,11.41
JY4,2538,173.321,80.567,2.72,21.564,11.662
JY4,2538.125,171.873,80.521,2.714,21.506,12.567
JY4,2538.25,172.369,80.737,2.711,20.941,13.151
JY4,2538.375,174.899,80.932,2.71,20.377,12.685
JY4,2538.5,177.831,81.023,2.711,20.174,11.375
JY4,2538.625,179.094,81.076,2.715,20.276,10.229
JY4,2538.75,178.125,81.184,2.722,20.534,9.925
JY4,2538.875,176.12,81.381,2.731,20.708,10.351
JY4,2539,175.12,81.574,2.738,20.417,10.84
JY4,2539.125,176.364,81.613,2.742,19.641,10.842
JY4,2539.25,178.709,81.46,2.742,18.972,10.261
JY4,2539.375,179.478,81.203,2.742,19.056,9.506
JY4,2539.5,177.967,80.937,2.741,19.563,9.149
JY4,2539.625,177.229,80.764,2.735,19.749,9.65
JY4,2539.75,179.675,80.763,2.723,19.385,10.95
JY4,2539.875,183.578,80.909,2.709,18.927,12.631
JY4,2540,184.752,81.124,2.7,18.719,14.267
JY4,2540.125,182.794,81.353,2.696,18.628,15.627
JY4,2540.25,181.495,81.541,2.693,18.434,16.544
JY4,2540.375,183.332,81.65,2.691,18.124,16.855
JY4,2540.5,185.888,81.719,2.689,17.762,16.732
JY4,2540.625,185.422,81.733,2.69,17.486,16.781
JY4,2540.75,182.315,81.546,2.69,17.544,17.512
JY4,2540.875,179.808,81.213,2.689,18.029,18.855
JY4,2541,179.763,80.89,2.688,18.633,20.251
JY4,2541.125,181.397,80.375,2.689,18.749,21.223
JY4,2541.25,183.44,79.55,2.687,18.392,21.786
JY4,2541.375,185.363,78.71,2.682,18.091,22.333
JY4,2541.5,187.506,78.034,2.673,18.099,23.04
JY4,2541.625,189.805,77.572,2.665,18.089,23.586
JY4,2541.75,190.13,77.538,2.659,17.739,23.378
JY4,2541.875,187.049,77.863,2.657,17.166,22.274
JY4,2542,182.523,78.054,2.656,16.671,20.701
JY4,2542.125,181.438,77.837,2.659,16.448,19.276
JY4,2542.25,185.351,77.376,2.667,16.536,18.348
JY4,2542.375,189.68,76.894,2.677,16.809,18.064
JY4,2542.5,189.649,76.596,2.682,17.093,18.393
JY4,2542.625,185.514,76.792,2.674,17.552,19.148
JY4,2542.75,181.687,77.628,2.653,18.487,20.076
JY4,2542.875,181.462,78.804,2.619,19.829,20.895
JY4,2543,183.877,79.891,2.58,20.753,21.105
JY4,2543.125,184.971,80.882,2.549,20.519,20.039
JY4,2543.25,182.361,82.564,2.536,19.58,17.867
JY4,2543.375,176.671,84.854,2.544,18.572,15.71
JY4,2543.5,170.124,85.822,2.573,17.364,14.978
JY4,2543.625,164.549,84.493,2.614,15.932,16.889
JY4,2543.75,161.205,81.692,2.654,14.721,22.634
JY4,2543.875,160.863,77.721,2.681,14.179,31.327
JY4,2544,163.221,73.193,2.693,14.176,39.694
JY4,2544.125,166.932,70.217,2.695,14.311,44.042
JY4,2544.25,170.202,69.863,2.692,14.338,44.115
JY4,2544.375,171.647,71.123,2.685,14.353,42.24
JY4,2544.5,171.018,72.595,2.678,14.49,40.443
JY4,2544.625,170.477,73.629,2.673,14.743,39.211
JY4,2544.75,172.973,74.306,2.669,14.993,38.165
JY4,2544.875,178.388,74.827,2.665,15.116,36.742
JY4,2545,183.039,75.321,2.661,15.065,34.634
JY4,2545.125,182.848,75.858,2.664,14.895,32.051
JY4,2545.25,177.448,76.286,2.672,14.688,29.785
JY4,2545.375,170.347,76.326,2.681,14.486,28.612
JY4,2545.5,165.774,75.743,2.687,14.208,28.948
JY4,2545.625,165.376,74.629,2.691,13.839,30.304
JY4,2545.75,168.601,73.472,2.696,13.621,31.53
JY4,2545.875,173.501,72.716,2.702,13.634,31.016
JY4,2546,178.206,72.53,2.703,13.66,27.824
JY4,2546.125,182.194,72.829,2.696,13.525,22.409
JY4,2546.25,185.13,73.208,2.689,13.341,16.753
JY4,2546.375,185.78,73.439,2.69,13.399,12.835
JY4,2546.5,182.902,73.557,2.7,13.723,11.695
JY4,2546.625,177.627,73.393,2.708,14.064,13.556
JY4,2546.75,172.832,73.043,2.707,14.253,17.718
JY4,2546.875,170.141,72.946,2.699,14.298,22.494
JY4,2547,168.527,73.148,2.69,14.369,25.785
JY4,2547.125,167.303,73.544,2.684,14.612,26.811
JY4,2547.25,167.715,74.141,2.68,15.02,26.484
JY4,2547.375,170.233,74.711,2.678,15.446,26.203
JY4,2547.5,173.448,75.028,2.681,15.636,26.681
JY4,2547.625,175.207,75.188,2.687,15.479,27.177
JY4,2547.75,175.346,75.39,2.693,15.198,25.786
JY4,2547.875,175.401,75.608,2.696,15.034,21.364
JY4,2548,176.115,75.705,2.692,15.041,15.442
JY4,2548.125,177.075,75.758,2.683,15.12,10.867
JY4,2548.25,177.822,75.848,2.67,15.202,9.853
JY4,2548.375,178.322,75.854,2.659,15.171,13.313
JY4,2548.5,178.697,75.83,2.653,15.04,20.418
JY4,2548.625,178.463,75.993,2.655,15.086,28.299
JY4,2548.75,176.993,76.226,2.663,15.391,33.603
JY4,2548.875,174.476,76.229,2.67,15.346,35.475
JY4,2549,171.105,75.987,2.675,14.834,35.749
JY4,2549.125,167.43,75.691,2.676,14.522,36.198
JY4,2549.25,164.783,75.403,2.675,14.674,37.023
JY4,2549.375,164.458,75.159,2.675,14.761,37.743
JY4,2549.5,165.278,75.034,2.676,14.321,38.157
JY4,2549.625,164.119,74.984,2.679,13.856,38.449
JY4,2549.75,160.495,74.932,2.687,13.855,38.948
JY4,2549.875,157.752,74.68,2.695,14.016,39.718
JY4,2550,158.685,73.992,2.699,13.947,40.617
JY4,2550.125,161.663,73.209,2.7,13.628,41.639
JY4,2550.25,163.489,72.824,2.702,13.366,42.895
JY4,2550.375,164.065,72.651,2.705,13.344,44.291
JY4,2550.5,166.377,72.385,2.705,13.44,45.35
JY4,2550.625,171.399,72.156,2.696,13.5,45.43
JY4,2550.75,175.499,72.092,2.682,13.568,43.865
JY4,2550.875,175.279,72.154,2.669,13.755,40.635
JY4,2551,171.542,72.538,2.661,13.936,36.256
JY4,2551.125,167.658,73.61,2.653,13.863,31.66
JY4,2551.25,164.821,75.025,2.648,13.612,27.955
JY4,2551.375,162.103,75.851,2.648,13.45,26.091
JY4,2551.5,160.061,75.758,2.655,13.416,26.496
JY4,2551.625,160.268,74.998,2.665,13.447,29.012
JY4,2551.75,163.028,73.774,2.675,13.615,32.588
JY4,2551.875,166.553,72.599,2.681,14.004,34.733
JY4,2552,168.98,72.131,2.68,14.461,33.405
JY4,2552.125,169.596,72.462,2.676,14.773,28.964
JY4,2552.25,169.104,73.165,2.674,14.848,24.297
JY4,2552.375,168.373,73.956,2.676,14.802,21.865
JY4,2552.5,168.015,74.755,2.679,14.814,22.264
JY4,2552.625,168.644,75.379,2.675,15.053,24.762
JY4,2552.75,170.55,75.718,2.668,15.423,28.25
JY4,2552.875,173.224,75.872,2.661,15.58,31.405
JY4,2553,175.628,75.896,2.657,15.32,33.488
JY4,2553.125,176.936,75.851,2.656,14.852,34.693
JY4,2553.25,176.387,75.924,2.658,14.473,35.568
JY4,2553.375,173.482,76.183,2.666,14.272,36.362
JY4,2553.5,169.343,76.479,2.675,14.209,37.043
JY4,2553.625,166.545,76.627,2.677,14.286,37.588
JY4,2553.75,166.725,76.626,2.669,14.494,38
JY4,2553.875,169.079,76.624,2.653,14.756,38.219
JY4,2554,171.265,76.718,2.641,14.92,38.143
JY4,2554.125,171.741,76.918,2.643,14.89,37.749
JY4,2554.25,170.373,77.142,2.66,14.689,37.337
JY4,2554.375,167.972,77.192,2.68,14.401,37.353
JY4,2554.5,165.272,76.831,2.683,14.196,37.665
JY4,2554.625,162.798,76.003,2.668,14.216,36.765
JY4,2554.75,161.32,75.092,2.647,14.393,33.155
JY4,2554.875,162.143,74.633,2.634,14.546,27.095
JY4,2555,166.431,74.712,2.63,14.632,20.932
JY4,2555.125,173.452,75.075,2.631,14.804,16.802
JY4,2555.25,179.564,75.782,2.632,15.157,15.697
JY4,2555.375,180.801,77.136,2.635,15.609,17.47
JY4,2555.5,176.072,78.824,2.64,15.934,21.534
JY4,2555.625,168.124,80.019,2.65,15.871,26.821
JY4,2555.75,161.091,80.62,2.664,15.459,31.66
JY4,2555.875,157.717,80.858,2.679,15.132,34.644
JY4,2556,158.67,80.354,2.69,15.229,35.379
JY4,2556.125,162.25,79.357,2.693,15.727,34.426
JY4,2556.25,166.024,78.898,2.69,16.228,32.595
JY4,2556.375,169.11,79.008,2.683,16.623,30.69
JY4,2556.5,172.2,79.313,2.672,17.175,29.234
JY4,2556.625,175.549,80.179,2.657,17.676,28.296
JY4,2556.75,177.464,81.435,2.643,17.482,27.502
JY4,2556.875,176.767,82.41,2.636,16.547,26.689
JY4,2557,175.5,83.114,2.637,15.596,26.304
JY4,2557.125,176.172,83.612,2.64,15.241,26.586
JY4,2557.25,178.621,83.609,2.641,15.251,27.203
JY4,2557.375,180.611,83.215,2.64,15.316,27.575
JY4,2557.5,181.148,82.815,2.638,15.494,26.954
JY4,2557.625,180.993,82.515,2.637,15.794,24.24
JY4,2557.75,180.934,82.246,2.638,15.991,19.114
JY4,2557.875,181.263,82.031,2.639,15.949,13.056
JY4,2558,182.164,82.049,2.637,15.925,8.417
JY4,2558.125,182.782,82.486,2.63,16.201,6.568
JY4,2558.25,181.938,83.329,2.623,16.644,7.902
JY4,2558.375,179.492,84.27,2.618,16.931,12.943
JY4,2558.5,176.768,85.097,2.618,16.931,20.641
JY4,2558.625,174.607,85.582,2.617,16.691,28.332
JY4,2558.75,172.056,85.511,2.615,16.262,33.465
JY4,2558.875,168.129,84.921,2.611,15.748,35.972
JY4,2559,163.415,84.057,2.612,15.342,37.068
JY4,2559.125,160.679,83.147,2.619,15.163,36.241
JY4,2559.25,162.251,82.346,2.63,15.243,31.865
JY4,2559.375,167.672,81.824,2.644,15.503,23.763
JY4,2559.5,173.995,81.617,2.655,15.846,14.904
JY4,2559.625,178.766,81.638,2.656,16.144,8.687
JY4,2559.75,181.245,81.902,2.648,16.349,6.754
JY4,2559.875,181.51,82.476,2.637,16.499,9.021
JY4,2560,179.504,83.245,2.631,16.71,14.853
JY4,2560.125,176.02,84.013,2.628,16.852,22.55
JY4,2560.25,172.983,84.739,2.626,16.688,29.212
JY4,2560.375,170.954,85.356,2.623,16.249,33.19
JY4,2560.5,168.651,85.745,2.625,15.715,35.209
JY4,2560.625,165.973,85.838,2.634,15.373,36.654
JY4,2560.75,165.019,85.436,2.646,15.331,37.857
JY4,2560.875,167.723,84.566,2.651,15.474,38.596
JY4,2561,172.752,83.699,2.646,15.497,38.947
JY4,2561.125,175.999,83.127,2.632,15.228,39.101
JY4,2561.25,175.384,82.794,2.616,14.847,39.136
JY4,2561.375,172.762,82.882,2.606,14.657,39.107
JY4,2561.5,171.309,83.494,2.606,14.64,39.116
JY4,2561.625,172.046,84.122,2.617,14.656,39.161
JY4,2561.75,173.524,84.316,2.631,14.667,39.125
JY4,2561.875,173.177,84.218,2.641,14.617,39.02
JY4,2562,170.234,84.075,2.641,14.481,39.168
JY4,2562.125,166.247,83.873,2.632,14.369,39.979
JY4,2562.25,164.369,83.54,2.622,14.361,41.291
JY4,2562.375,166.268,83.132,2.614,14.488,42.083
JY4,2562.5,170.404,82.795,2.611,14.706,41.305
JY4,2562.625,173.582,82.683,2.612,14.928,39.148
JY4,2562.75,173.946,82.931,2.616,15.109,36.85
JY4,2562.875,171.327,83.634,2.623,15.23,35.84
JY4,2563,167.689,84.603,2.63,15.274,36.787
JY4,2563.125,165.401,85.132,2.631,15.186,39.272
JY4,2563.25,165.875,84.599,2.622,14.881,42.024
JY4,2563.375,168.68,83.333,2.608,14.454,43.779
JY4,2563.5,172.4,81.973,2.596,14.193,44.156
JY4,2563.625,175.578,80.777,2.592,14.133,43.86
JY4,2563.75,177.776,80.138,2.596,14.101,43.938
JY4,2563.875,179.77,80.365,2.6,14.022,44.925
JY4,2564,182.338,80.907,2.597,13.966,46.493
JY4,2564.125,185.011,81.195,2.589,13.962,47.912
JY4,2564.25,186.709,81.393,2.582,13.846,48.776
JY4,2564.375,187.658,81.756,2.579,13.685,49.014
JY4,2564.5,189.114,82.149,2.58,13.899,48.482
JY4,2564.625,190.934,82.38,2.582,14.564,47.092
JY4,2564.75,190.872,82.546,2.582,15.376,45.373
JY4,2564.875,186.979,82.723,2.584,15.881,44.023
JY4,2565,180.354,82.758,2.591,15.906,43.516
JY4,2565.125,175.637,82.599,2.6,15.567,43.955
JY4,2565.25,176.857,82.324,2.605,15.156,45.16
JY4,2565.375,183.25,81.972,2.604,14.856,46.57
JY4,2565.5,190.391,81.641,2.597,14.813,47.489
JY4,2565.625,194.423,81.508,2.589,14.963,47.636
JY4,2565.75,194.748,81.725,2.584,15.173,47.43
JY4,2565.875,193.918,82.305,2.581,15.246,47.244
JY4,2566,195.008,82.832,2.581,15.176,46.04
JY4,2566.125,198.795,82.83,2.583,15.122,41.535
JY4,2566.25,204.404,82.434,2.588,15.18,32.923
JY4,2566.375,210.887,82.222,2.596,15.29,22.644
JY4,2566.5,217.659,82.737,2.605,15.47,14.514
JY4,2566.625,223.484,83.998,2.613,15.88,10.412
JY4,2566.75,225.928,85.621,2.619,16.549,9.98
JY4,2566.875,224.448,87.463,2.623,17.221,12.109
JY4,2567,220.495,88.957,2.625,17.559,15.892
JY4,2567.125,215.203,89.162,2.628,17.49,19.822
JY4,2567.25,209.434,88.381,2.636,17.125,22.243
JY4,2567.375,203.885,87.413,2.651,16.574,22.553
JY4,2567.5,198.981,86.037,2.665,15.933,21.741
JY4,2567.625,195.423,84.259,2.672,15.373,21.312
JY4,2567.75,194.619,82.847,2.671,14.918,22.419
JY4,2567.875,196.737,81.812,2.668,14.523,25.055
JY4,2568,199.938,80.663,2.666,14.139,28.237
JY4,2568.125,201.148,79.598,2.663,13.862,30.434
JY4,2568.25,199.563,79.054,2.655,13.834,30.397
JY4,2568.375,196.637,78.863,2.646,13.952,27.625
JY4,2568.5,194.287,78.789,2.636,13.935,22.797
JY4,2568.625,193.248,78.974,2.63,13.619,17.744
JY4,2568.75,193.103,79.367,2.627,13.254,14.381
JY4,2568.875,193.35,79.542,2.629,13.003,14.077
JY4,2569,194.372,79.226,2.632,12.723,17.941
JY4,2569.125,196.93,78.569,2.632,12.331,26.78
JY4,2569.25,199.876,77.782,2.626,12.029,38.319
JY4,2569.375,201.498,76.917,2.617,12.036,48.165
JY4,2569.5,201.4,76.263,2.609,12.252,53.042
JY4,2569.625,200.124,76.217,2.606,12.53,53.952
JY4,2569.75,197.737,76.711,2.607,12.794,53.747
JY4,2569.875,194.116,77.342,2.609,12.952,53.798
JY4,2570,191.538,77.786,2.617,12.903,53.648
JY4,2570.125,192.724,77.874,2.625,12.779,52.363
JY4,2570.25,195.915,77.732,2.628,12.75,49.916
JY4,2570.375,197.145,77.681,2.626,12.832,47.269
JY4,2570.5,195.609,77.852,2.623,12.867,45.47
JY4,2570.625,194.746,78.011,2.623,12.849,45.098
JY4,2570.75,196.023,77.948,2.624,12.933,46.326
JY4,2570.875,196.005,77.799,2.625,13.12,48.902
JY4,2571,192.839,77.677,2.628,13.184,51.707
JY4,2571.125,188.991,77.402,2.631,12.926,53.574
JY4,2571.25,186.987,76.999,2.632,12.545,54.311
JY4,2571.375,185.878,76.852,2.627,12.45,54.499
JY4,2571.5,184.524,76.931,2.622,12.722,53.72
JY4,2571.625,184.663,76.762,2.624,13.078,49.335
JY4,2571.75,187.478,76.42,2.636,13.265,39.848
JY4,2571.875,191.095,76.513,2.647,13.447,27.335
JY4,2572,192.553,77.095,2.65,13.75,16.611
JY4,2572.125,190.851,77.847,2.643,13.855,10.867
JY4,2572.25,186.741,78.992,2.631,13.537,11.378
JY4,2572.375,181.493,80.403,2.622,13,19.425
JY4,2572.5,176.007,81.094,2.618,12.586,34.187
JY4,2572.625,170.969,80.744,2.616,12.274,49.619
JY4,2572.75,167.606,79.87,2.614,11.99,58.297
JY4,2572.875,167.14,78.681,2.612,11.849,58.492
JY4,2573,169.668,77.511,2.611,11.985,55.026
JY4,2573.125,173.261,76.976,2.607,12.408,52.484
JY4,2573.25,176.405,76.98,2.604,12.891,50.367
JY4,2573.375,180.954,76.877,2.604,13.268,45.241
JY4,2573.5,189.103,76.429,2.605,13.44,36.129
JY4,2573.625,198.906,76.105,2.603,13.512,25.698
JY4,2573.75,204.622,76.421,2.6,13.66,17.866
JY4,2573.875,203.209,77.259,2.601,13.827,14.399
JY4,2574,197.456,78.26,2.607,13.648,15.321
JY4,2574.125,192.503,79.102,2.617,12.995,20.496
JY4,2574.25,190.56,79.263,2.628,12.323,28.657
JY4,2574.375,191.366,78.429,2.638,12.002,35.418
JY4,2574.5,194.111,77.139,2.64,12.03,36.601
JY4,2574.625,197.629,76.269,2.63,12.103,32.396
JY4,2574.75,200.458,76.127,2.613,12.157,27.343
JY4,2574.875,201.698,76.536,2.596,12.239,25.924
JY4,2575,201.865,77.204,2.585,12.277,30.36
JY4,2575.125,202.108,77.716,2.581,12.193,40.283
JY4,2575.25,203.508,77.876,2.581,12.059,51.912
JY4,2575.375,207.078,77.966,2.583,12.061,59.628
JY4,2575.5,212.368,78.243,2.583,12.249,60.992
JY4,2575.625,217.205,78.696,2.581,12.556,58.456
JY4,2575.75,219.348,79.294,2.578,12.898,55.84
JY4,2575.875,218.592,79.834,2.575,13.135,54.281
JY4,2576,216.588,80.044,2.571,13.151,52.435
JY4,2576.125,214.331,79.945,2.565,12.986,48.591
JY4,2576.25,211.641,79.714,2.561,12.805,43.014
JY4,2576.375,208.139,79.465,2.56,12.752,37.651
JY4,2576.5,203.837,79.343,2.562,12.738,34.693
JY4,2576.625,199.72,79.462,2.566,12.542,35.276
JY4,2576.75,197.481,79.729,2.57,12.154,39.759
JY4,2576.875,197.693,79.954,2.571,11.715,47.149
JY4,2577,199.424,80.053,2.57,11.492,55.014
JY4,2577.125,200.507,80.052,2.571,11.582,61.007
JY4,2577.25,199.47,80.013,2.574,11.905,64.582
JY4,2577.375,196.999,79.968,2.577,12.276,66.205
JY4,2577.5,195.478,79.894,2.58,12.62,65.163
JY4,2577.625,196.204,79.779,2.584,12.84,60.249
JY4,2577.75,198.407,79.721,2.59,12.858,51.373
JY4,2577.875,200.682,79.784,2.596,12.749,40.437
JY4,2578,203.101,79.894,2.599,12.816,30.224
JY4,2578.125,205.569,80.035,2.597,13.013,22.68
JY4,2578.25,205.94,80.244,2.594,13.013,18.468
JY4,2578.375,202.712,80.38,2.592,12.681,17.403
JY4,2578.5,197.5,80.305,2.592,12.304,19.835
JY4,2578.625,193.905,80.107,2.591,12.085,26.59
JY4,2578.75,193.447,79.902,2.59,12.03,36.899
JY4,2578.875,194.368,79.719,2.588,12.094,47.249
JY4,2579,194.828,79.604,2.586,12.199,53.873
JY4,2579.125,194.929,79.607,2.584,12.132,56.287
JY4,2579.25,195.724,79.732,2.588,11.91,57.634
JY4,2579.375,197.265,79.886,2.598,11.783,60.434
JY4,2579.5,198.898,79.871,2.612,11.865,63.395
JY4,2579.625,200.686,79.518,2.619,12.042,62.737
JY4,2579.75,202.91,78.99,2.615,12.135,57.286
JY4,2579.875,203.907,78.645,2.603,12.058,49.801
JY4,2580,200.842,78.524,2.592,11.765,44.472
JY4,2580.125,194.452,78.487,2.586,11.407,43.344
JY4,2580.25,190.955,78.279,2.585,11.26,46.101
JY4,2580.375,196.635,77.606,2.588,11.5,50.396
JY4,2580.5,210.972,76.766,2.593,12.02,52.783
JY4,2580.625,226.493,76.29,2.597,12.606,50.243
JY4,2580.75,236.126,76.22,2.6,13.12,43.497
JY4,2580.875,237.295,76.759,2.6,13.51,35.969
JY4,2581,230.194,78.105,2.596,13.676,30.856
JY4,2581.125,218.884,79.489,2.59,13.375,28.647
JY4,2581.25,209.92,80.055,2.584,12.682,27.727
JY4,2581.375,207.983,79.795,2.578,11.908,26.56
JY4,2581.5,211.062,79.062,2.572,11.523,25.046
JY4,2581.625,213.939,78.193,2.565,11.66,24.041
JY4,2581.75,215.504,77.55,2.561,12.149,24.098
JY4,2581.875,217.481,77.486,2.562,12.535,25.101
JY4,2582,218.75,78.133,2.567,12.576,26.58
JY4,2582.125,216.647,79.158,2.569,12.294,27.815
JY4,2582.25,212.266,79.992,2.564,11.931,28.312
JY4,2582.375,209.628,80.392,2.556,11.68,28.922
JY4,2582.5,209.231,80.516,2.552,11.685,31.34
JY4,2582.625,208.555,80.529,2.553,11.932,35.429
JY4,2582.75,207.478,80.453,2.556,12.237,38.001
JY4,2582.875,208.934,80.368,2.556,12.249,36.737
JY4,2583,214.074,80.327,2.552,11.939,32.733
JY4,2583.125,219.509,80.216,2.544,11.574,29.232
JY4,2583.25,222.542,80.05,2.535,11.473,28.332
JY4,2583.375,223.574,79.987,2.528,11.603,30.532
JY4,2583.5,223.249,80.019,2.525,11.749,35.174
JY4,2583.625,220.618,80.076,2.526,11.731,40.441
JY4,2583.75,214.846,80.185,2.527,11.522,43.936
JY4,2583.875,207.927,80.202,2.531,11.156,44.827
JY4,2584,202.315,79.887,2.538,10.849,43.945
JY4,2584.125,198.586,79.386,2.55,10.78,42.111
JY4,2584.25,196.672,78.997,2.563,10.894,39.718
JY4,2584.375,197.175,78.61,2.571,10.868,37.509
JY4,2584.5,200.467,78.215,2.565,10.646,36.873
JY4,2584.625,206.432,78.093,2.544,10.565,37.759
JY4,2584.75,216.359,78.147,2.522,10.861,37.442
JY4,2584.875,231.61,78.045,2.512,11.501,33.031
JY4,2585,250.583,77.86,2.516,12.262,25.245
JY4,2585.125,268.837,77.954,2.527,12.92,17.878
JY4,2585.25,281.498,78.551,2.538,13.158,13.725
JY4,2585.375,285.483,79.411,2.544,12.778,12.865
JY4,2585.5,279.139,80.207,2.545,12.038,14.345
JY4,2585.625,265.086,80.887,2.54,11.392,17.043
JY4,2585.75,249.236,81.261,2.526,11.047,19.687
JY4,2585.875,237.879,81.089,2.511,10.909,21.207
JY4,2586,233.766,80.616,2.501,10.874,21.871
JY4,2586.125,235.778,80.163,2.5,10.927,22.6
JY4,2586.25,240.164,79.769,2.508,11.055,23.148
JY4,2586.375,243.338,79.464,2.519,11.164,22.591
JY4,2586.5,243.439,79.222,2.529,11.184,21.058
JY4,2586.625,240.754,78.981,2.533,11.18,20.144
JY4,2586.75,236.234,78.911,2.532,11.201,21.448
JY4,2586.875,230.679,79.074,2.529,11.193,26.894
JY4,2587,226.646,79.161,2.525,11.117,37.538
JY4,2587.125,227.176,79.084,2.518,10.96,51.718
JY4,2587.25,233.622,79.01,2.511,10.742,64.91
JY4,2587.375,244.307,78.947,2.505,10.572,72.523
JY4,2587.5,257.652,78.799,2.503,10.568,71.195
JY4,2587.625,275.619,78.554,2.506,10.775,59.877
JY4,2587.75,300.131,78.399,2.512,11.167,42.596
JY4,2587.875,330.458,78.564,2.516,11.654,26.68
JY4,2588,364.088,79.018,2.511,12.149,17.177
JY4,2588.125,398.465,79.7,2.496,12.516,13.557
JY4,2588.25,429.312,80.752,2.478,12.623,12.933
JY4,2588.375,445.232,82.068,2.471,12.345,13.649
JY4,2588.5,430.285,83.141,2.483,11.638,15.19
JY4,2588.625,371.595,83.569,2.52,10.485,18.39
JY4,2588.75,281.834,83.054,2.58,9.013,26.989
JY4,2588.875,190.535,81.131,2.658,7.614,47.982
JY4,2589,126.457,77.232,2.739,6.596,89.649
JY4,2589.125,101.807,71.422,2.798,6.22,145.869
JY4,2589.25,116.474,64.82,2.809,6.433,190.1
JY4,2589.375,162.027,58.872,2.771,7.233,192.114
JY4,2589.5,218.844,55.035,2.711,8.681,150.975
JY4,2589.625,262.891,54.784,2.655,10.712,94.285
JY4,2589.75,280.285,58.592,2.612,12.907,50.867
JY4,2589.875,274.516,65.051,2.573,14.153,28.12
JY4,2590,257.164,72.205,2.532,13.952,18.766
JY4,2590.125,237.892,78.361,2.497,12.961,15.072
JY4,2590.25,221.308,82.177,2.478,11.916,12.899
JY4,2590.375,208.817,83.353,2.475,11.178,10.992
JY4,2590.5,200.045,83.064,2.483,10.851,9.567
JY4,2590.625,194.062,82.631,2.493,10.66,9.3
JY4,2590.75,190.186,82.146,2.502,10.37,11.066
JY4,2590.875,188.308,81.253,2.513,10.127,14.941
JY4,2591,188.287,79.976,2.528,10.217,19.072
JY4,2591.125,188.982,78.506,2.542,10.477,20.414
JY4,2591.25,188.949,77.514,2.55,10.442,18.098
JY4,2591.375,187.868,77.564,2.548,9.972,14.385
JY4,2591.5,187.79,78.006,2.539,9.443,12.346
JY4,2591.625,190.171,77.984,2.527,9.155,13.433
JY4,2591.75,192.777,77.521,2.519,9.218,17.573
JY4,2591.875,192.561,76.809,2.515,9.504,23.153
JY4,2592,189.234,76.126,2.513,9.811,28.105
JY4,2592.125,184.807,76.359,2.51,9.94,31.884
JY4,2592.25,180.12,77.821,2.507,9.823,37.053
JY4,2592.375,174.193,79.155,2.509,9.493,46.985
JY4,2592.5,167.033,79.084,2.515,9.128,60.094
JY4,2592.625,160.109,78.029,2.519,8.916,70.162
JY4,2592.75,154.578,76.834,2.515,9.011,72.194
JY4,2592.875,150.1,75.965,2.505,9.33,67.705
JY4,2593,145.614,75.734,2.496,9.721,62.209
JY4,2593.125,141.099,75.974,2.491,10.003,59.553
JY4,2593.25,137.77,76.172,2.492,10.182,58.915
JY4,2593.375,136.183,76.052,2.5,10.478,57.112
JY4,2593.5,134.963,75.752,2.511,11.205,51.523
JY4,2593.625,132.361,75.916,2.524,12.394,42.976
JY4,2593.75,128.848,76.891,2.537,13.682,34.444
JY4,2593.875,127.437,78.357,2.547,14.455,27.747
JY4,2594,130.217,79.826,2.551,14.634,22.419
JY4,2594.125,136.842,80.967,2.549,14.648,17.553
JY4,2594.25,145.13,81.43,2.547,14.925,13.342
JY4,2594.375,153.015,81.035,2.551,15.574,10.584
JY4,2594.5,159.693,80.352,2.561,16.428,10.206
JY4,2594.625,165.486,80.421,2.57,17.227,12.889
JY4,2594.75,170.874,81.418,2.577,17.928,18.352
JY4,2594.875,175.235,82.968,2.586,18.567,24.506
JY4,2595,177.627,85.063,2.604,18.904,28.422
JY4,2595.125,177.957,87.161,2.635,18.683,28.884
JY4,2595.25,176.941,88.117,2.672,17.981,27.067
JY4,2595.375,175.122,87.251,2.709,17.059,24.753
JY4,2595.5,170.967,84.838,2.743,16.171,22.763
JY4,2595.625,159.894,81.722,2.774,15.307,21.581
JY4,2595.75,138.997,78.652,2.801,13.933,21.994
