Well Name,Depth,GR,AC,DEN,CNL
JY54-6HF,2707,110.798,189.202,2.538,-9999
JY54-6HF,2707.125,112.161,188.951,2.564,-9999
JY54-6HF,2707.25,112.589,188.645,2.568,-9999
JY54-6HF,2707.375,111.513,188.58,2.561,-9999
JY54-6HF,2707.5,109.168,188.832,2.556,-9999
JY54-6HF,2707.625,107.381,189.238,2.562,-9999
JY54-6HF,2707.75,107.464,189.611,2.57,-9999
JY54-6HF,2707.875,108.968,189.78,2.573,-9999
JY54-6HF,2708,110.083,189.62,2.574,-9999
JY54-6HF,2708.125,110.295,189.233,2.582,-9999
JY54-6HF,2708.25,109.94,188.96,2.596,-9999
JY54-6HF,2708.375,108.791,188.966,2.607,-9999
JY54-6HF,2708.5,106.789,189.294,2.612,-9999
JY54-6HF,2708.625,105.838,189.863,2.614,-9999
JY54-6HF,2708.75,107,190.375,2.616,-9999
JY54-6HF,2708.875,108.328,190.465,2.62,-9999
JY54-6HF,2709,107.204,190.138,2.621,27.964
JY54-6HF,2709.125,104.213,189.54,2.615,27.964
JY54-6HF,2709.25,102.046,188.904,2.603,27.629
JY54-6HF,2709.375,101.394,188.515,2.583,28.1
JY54-6HF,2709.5,101.595,188.672,2.559,29.913
JY54-6HF,2709.625,102.556,189.093,2.535,32.872
JY54-6HF,2709.75,104.351,189.521,2.522,35.986
JY54-6HF,2709.875,105.853,189.754,2.519,37.135
JY54-6HF,2710,105.299,189.671,2.514,36.023
JY54-6HF,2710.125,102.637,189.312,2.5,34.668
JY54-6HF,2710.25,99.492,189.03,2.482,34.319
JY54-6HF,2710.375,98.222,189.017,2.471,34.491
JY54-6HF,2710.5,99.837,189.257,2.468,34.596
JY54-6HF,2710.625,104.171,189.615,2.467,34.547
JY54-6HF,2710.75,108.393,189.851,2.46,34.691
JY54-6HF,2710.875,110.418,189.574,2.451,34.982
JY54-6HF,2711,109.517,188.9,2.441,35.342
JY54-6HF,2711.125,106.916,188.103,2.427,36.173
JY54-6HF,2711.25,104.465,187.452,2.405,37.006
JY54-6HF,2711.375,103.659,187.177,2.383,36.963
JY54-6HF,2711.5,104.834,187.407,2.377,35.561
JY54-6HF,2711.625,107.434,187.891,2.394,33.265
JY54-6HF,2711.75,109.505,188.252,2.428,30.991
JY54-6HF,2711.875,110.713,188.35,2.457,30.117
JY54-6HF,2712,111.611,188.177,2.471,31.309
JY54-6HF,2712.125,112.516,187.856,2.463,33.915
JY54-6HF,2712.25,113.232,187.707,2.445,35.943
JY54-6HF,2712.375,113.858,187.871,2.429,35.991
JY54-6HF,2712.5,114.798,188.208,2.428,34.395
JY54-6HF,2712.625,115.369,188.512,2.444,32.033
JY54-6HF,2712.75,114.792,188.564,2.468,29.765
JY54-6HF,2712.875,113.632,188.162,2.484,28.628
JY54-6HF,2713,112.14,187.362,2.487,29.171
JY54-6HF,2713.125,110.465,186.586,2.481,30.705
JY54-6HF,2713.25,109.445,186.095,2.472,32.4
JY54-6HF,2713.375,110.344,186.031,2.464,34.026
JY54-6HF,2713.5,112.073,186.401,2.465,34.571
JY54-6HF,2713.625,112.446,186.974,2.477,31.747
JY54-6HF,2713.75,110.827,187.309,2.493,27.874
JY54-6HF,2713.875,108.886,187.303,2.496,26.216
JY54-6HF,2714,106.958,187.043,2.479,27.909
JY54-6HF,2714.125,105.541,186.722,2.446,30.947
JY54-6HF,2714.25,105.451,186.624,2.416,33.454
JY54-6HF,2714.375,107.458,187.029,2.405,34.627
JY54-6HF,2714.5,110.852,187.631,2.419,34.601
JY54-6HF,2714.625,113.646,188.119,2.448,33.709
JY54-6HF,2714.75,114.828,188.233,2.475,33.07
JY54-6HF,2714.875,114.57,187.812,2.491,33.289
JY54-6HF,2715,113.136,186.895,2.497,34.018
JY54-6HF,2715.125,111.586,186.021,2.496,34.618
JY54-6HF,2715.25,111.385,185.568,2.482,34.989
JY54-6HF,2715.375,113.247,185.647,2.463,35.096
JY54-6HF,2715.5,115.409,186.19,2.457,34.962
JY54-6HF,2715.625,115.843,186.943,2.475,34.421
JY54-6HF,2715.75,114.887,187.365,2.498,33.742
JY54-6HF,2715.875,114.044,187.309,2.506,33.424
JY54-6HF,2716,112.993,186.923,2.5,33.484
JY54-6HF,2716.125,109.644,186.44,2.508,33.989
JY54-6HF,2716.25,104.363,186.122,2.56,35.134
JY54-6HF,2716.375,100.329,186.218,2.616,36.795
JY54-6HF,2716.5,100.099,186.625,2.616,37.004
JY54-6HF,2716.625,102.632,187.015,2.631,34.602
JY54-6HF,2716.75,105.92,187.213,2.606,31.844
JY54-6HF,2716.875,109.205,187.156,2.556,31.06
JY54-6HF,2717,111.498,186.911,2.534,31.838
JY54-6HF,2717.125,111.137,186.791,2.486,32.568
JY54-6HF,2717.25,108.546,187.031,2.441,33.014
JY54-6HF,2717.375,106.796,187.573,2.413,34.026
JY54-6HF,2717.5,107.362,188.239,2.397,35.505
JY54-6HF,2717.625,108.409,188.783,2.393,36.132
JY54-6HF,2717.75,108.723,188.887,2.406,35.347
JY54-6HF,2717.875,108.71,188.423,2.43,33.777
JY54-6HF,2718,108.607,187.776,2.447,32.269
JY54-6HF,2718.125,108.01,187.281,2.441,31.217
JY54-6HF,2718.25,107.46,187.209,2.42,30.897
JY54-6HF,2718.375,107.823,187.727,2.405,31.553
JY54-6HF,2718.5,108.402,188.786,2.409,33.262
JY54-6HF,2718.625,107.689,189.799,2.428,34.989
JY54-6HF,2718.75,106.198,190.382,2.454,35.332
JY54-6HF,2718.875,105.021,190.373,2.479,33.78
JY54-6HF,2719,104.465,189.787,2.492,32.355
JY54-6HF,2719.125,103.716,188.848,2.493,32.369
JY54-6HF,2719.25,102.225,188.108,2.486,33.327
JY54-6HF,2719.375,100.226,187.807,2.481,33.857
JY54-6HF,2719.5,99.381,187.881,2.485,33.29
JY54-6HF,2719.625,100.925,188.144,2.501,32.49
JY54-6HF,2719.75,103.758,188.339,2.519,32.274
JY54-6HF,2719.875,106.294,188.177,2.521,32.357
JY54-6HF,2720,107.301,187.77,2.505,32.307
JY54-6HF,2720.125,107.581,187.432,2.479,32.613
JY54-6HF,2720.25,107.382,187.358,2.453,33.935
JY54-6HF,2720.375,106.801,187.642,2.432,35.769
JY54-6HF,2720.5,106.626,188.225,2.422,36.886
JY54-6HF,2720.625,106.978,188.739,2.428,36.398
JY54-6HF,2720.75,107.762,188.891,2.452,35.069
JY54-6HF,2720.875,108.998,188.669,2.483,33.57
JY54-6HF,2721,110.721,188.179,2.508,32.382
JY54-6HF,2721.125,112.126,187.616,2.514,31.634
JY54-6HF,2721.25,112.265,187.26,2.5,31.419
JY54-6HF,2721.375,111.965,187.226,2.476,31.924
JY54-6HF,2721.5,113.255,187.345,2.458,33.149
JY54-6HF,2721.625,116.207,187.473,2.458,34.513
JY54-6HF,2721.75,118.855,187.502,2.475,34.912
JY54-6HF,2721.875,118.683,187.393,2.496,34.364
JY54-6HF,2722,115.088,187.298,2.508,34.018
JY54-6HF,2722.125,110.592,187.429,2.504,34.517
JY54-6HF,2722.25,107.92,187.796,2.487,35.394
JY54-6HF,2722.375,107.985,188.286,2.467,35.721
JY54-6HF,2722.5,109.113,188.697,2.457,35.05
JY54-6HF,2722.625,109.336,188.703,2.465,33.394
JY54-6HF,2722.75,109.059,188.098,2.487,31.73
JY54-6HF,2722.875,109.782,187.181,2.511,30.926
JY54-6HF,2723,111.377,186.257,2.526,31.356
JY54-6HF,2723.125,112.691,185.605,2.527,32.267
JY54-6HF,2723.25,112.554,185.432,2.517,33.129
JY54-6HF,2723.375,111.617,185.765,2.504,34.029
JY54-6HF,2723.5,111.247,186.125,2.492,35.046
JY54-6HF,2723.625,111.251,186.216,2.488,35.561
JY54-6HF,2723.75,111.288,185.939,2.491,34.818
JY54-6HF,2723.875,111.196,185.356,2.496,33.539
JY54-6HF,2724,110.717,184.732,2.494,32.621
JY54-6HF,2724.125,110.199,184.576,2.493,32.429
JY54-6HF,2724.25,109.523,184.927,2.496,32.536
JY54-6HF,2724.375,108.503,185.612,2.502,32.772
JY54-6HF,2724.5,107.712,186.363,2.503,33.193
JY54-6HF,2724.625,108.227,186.869,2.498,33.471
JY54-6HF,2724.75,110.097,186.802,2.495,32.93
JY54-6HF,2724.875,111.832,186.348,2.497,31.908
JY54-6HF,2725,111.322,185.867,2.502,31.221
JY54-6HF,2725.125,108.64,185.608,2.504,31.199
JY54-6HF,2725.25,106.214,185.726,2.501,31.234
JY54-6HF,2725.375,105.678,186.232,2.495,31.23
JY54-6HF,2725.5,106.81,186.826,2.488,31.627
JY54-6HF,2725.625,107.677,187.144,2.483,32.245
JY54-6HF,2725.75,107.561,187.101,2.486,32.398
JY54-6HF,2725.875,107.536,186.754,2.496,32.038
JY54-6HF,2726,108.528,186.28,2.505,31.534
JY54-6HF,2726.125,110.126,186.022,2.504,31.064
JY54-6HF,2726.25,111.322,186.203,2.491,30.918
JY54-6HF,2726.375,111.903,186.659,2.472,31.309
JY54-6HF,2726.5,112.444,187.172,2.459,31.823
JY54-6HF,2726.625,113.256,187.515,2.452,31.665
JY54-6HF,2726.75,113.242,187.501,2.442,31.042
JY54-6HF,2726.875,111.953,187.108,2.434,30.598
JY54-6HF,2727,110.15,186.759,2.446,29.964
JY54-6HF,2727.125,107.825,186.688,2.498,29.08
JY54-6HF,2727.25,104.311,186.986,2.565,29.194
JY54-6HF,2727.375,101.319,187.599,2.586,30.608
JY54-6HF,2727.5,101.781,188.25,2.584,32.049
JY54-6HF,2727.625,106.522,188.467,2.582,32.444
JY54-6HF,2727.75,111.92,188.209,2.527,32.943
JY54-6HF,2727.875,115.574,187.631,2.526,34.295
JY54-6HF,2728,117.453,186.993,2.541,34.623
JY54-6HF,2728.125,118.372,186.615,2.518,32.995
JY54-6HF,2728.25,117.802,186.852,2.513,31.335
JY54-6HF,2728.375,116.179,187.43,2.527,31.048
JY54-6HF,2728.5,114.992,187.993,2.535,31.884
JY54-6HF,2728.625,114.6,188.265,2.527,32.868
JY54-6HF,2728.75,114.861,188.073,2.514,33.541
JY54-6HF,2728.875,115.459,187.416,2.519,33.561
JY54-6HF,2729,116.405,186.73,2.54,32.903
JY54-6HF,2729.125,116.905,186.416,2.561,32.346
JY54-6HF,2729.25,116.19,186.573,2.563,32.564
JY54-6HF,2729.375,114.432,187.118,2.55,32.808
JY54-6HF,2729.5,113.006,187.805,2.531,32.424
JY54-6HF,2729.625,113.059,188.127,2.519,31.914
JY54-6HF,2729.75,115.101,187.867,2.518,32.128
JY54-6HF,2729.875,117.314,187.233,2.524,33.127
JY54-6HF,2730,117.686,186.51,2.532,34.425
JY54-6HF,2730.125,116.042,186.001,2.542,35.446
JY54-6HF,2730.25,114.078,185.977,2.547,35.573
JY54-6HF,2730.375,112.978,186.403,2.544,34.582
JY54-6HF,2730.5,112.374,186.789,2.533,33.438
JY54-6HF,2730.625,111.863,186.878,2.526,32.919
JY54-6HF,2730.75,112.535,186.573,2.53,32.93
JY54-6HF,2730.875,114.526,185.957,2.54,33.055
JY54-6HF,2731,116.431,185.422,2.544,33.15
JY54-6HF,2731.125,116.711,185.443,2.538,33.044
JY54-6HF,2731.25,115.461,185.992,2.523,32.635
JY54-6HF,2731.375,113.538,186.844,2.504,32.102
JY54-6HF,2731.5,111.655,187.671,2.483,32.057
JY54-6HF,2731.625,110.911,188.081,2.469,32.611
JY54-6HF,2731.75,112.478,187.727,2.469,33.248
JY54-6HF,2731.875,115.266,187.079,2.484,33.405
JY54-6HF,2732,116.703,186.529,2.504,32.813
JY54-6HF,2732.125,115.723,186.372,2.518,31.905
JY54-6HF,2732.25,113.921,186.76,2.52,31.106
JY54-6HF,2732.375,112.964,187.577,2.514,30.701
JY54-6HF,2732.5,113.542,188.214,2.51,30.99
JY54-6HF,2732.625,114.879,188.33,2.512,31.726
JY54-6HF,2732.75,116.209,187.901,2.513,32.377
JY54-6HF,2732.875,115.773,187.097,2.509,32.425
JY54-6HF,2733,113.619,186.265,2.5,32.092
JY54-6HF,2733.125,111.717,186.005,2.492,31.943
JY54-6HF,2733.25,112.654,186.323,2.487,32.064
JY54-6HF,2733.375,115.199,186.95,2.479,32.745
JY54-6HF,2733.5,116.214,187.578,2.459,34.48
JY54-6HF,2733.625,114.219,187.913,2.429,36.889
JY54-6HF,2733.75,110.801,187.749,2.393,38.717
JY54-6HF,2733.875,107.998,187.313,2.351,39.285
JY54-6HF,2734,107.57,187.019,2.309,39.586
JY54-6HF,2734.125,109.551,187.043,2.283,40.394
JY54-6HF,2734.25,112.101,187.4,2.287,40.609
JY54-6HF,2734.375,112.981,187.942,2.326,39.369
JY54-6HF,2734.5,112.915,188.218,2.383,37.411
JY54-6HF,2734.625,114.012,187.972,2.437,36.528
JY54-6HF,2734.75,116.187,187.345,2.467,36.947
JY54-6HF,2734.875,117.77,186.603,2.475,36.937
JY54-6HF,2735,117.078,186.065,2.473,35.782
JY54-6HF,2735.125,114.504,186.077,2.474,34.915
JY54-6HF,2735.25,110.933,186.705,2.481,35.442
JY54-6HF,2735.375,108.532,187.446,2.489,36.258
JY54-6HF,2735.5,109.046,187.955,2.492,35.567
JY54-6HF,2735.625,111.713,188.008,2.489,33.791
JY54-6HF,2735.75,114.027,187.535,2.481,32.374
JY54-6HF,2735.875,115.057,186.75,2.478,31.838
JY54-6HF,2736,114.971,186.206,2.483,31.684
JY54-6HF,2736.125,114.438,186.106,2.488,31.767
JY54-6HF,2736.25,113.188,186.427,2.484,32.269
JY54-6HF,2736.375,111.409,186.995,2.467,33.18
JY54-6HF,2736.5,110.565,187.491,2.446,34.446
JY54-6HF,2736.625,111.171,187.455,2.433,35.438
JY54-6HF,2736.75,112.624,186.988,2.436,35.715
JY54-6HF,2736.875,113.879,186.321,2.451,35.36
JY54-6HF,2737,113.961,185.712,2.461,34.703
JY54-6HF,2737.125,112.147,185.407,2.454,34.008
JY54-6HF,2737.25,108.655,185.581,2.44,33.637
JY54-6HF,2737.375,104.125,185.98,2.437,34.241
JY54-6HF,2737.5,99.704,186.267,2.465,36.024
JY54-6HF,2737.625,96.064,186.279,2.505,37.659
JY54-6HF,2737.75,94.922,185.977,2.516,37.097
JY54-6HF,2737.875,97.285,185.476,2.543,34.464
JY54-6HF,2738,102.33,185.189,2.549,32.832
JY54-6HF,2738.125,106.715,185.322,2.489,33.69
JY54-6HF,2738.25,109.193,185.785,2.462,36.518
JY54-6HF,2738.375,110.251,186.366,2.433,39.087
JY54-6HF,2738.5,110.859,186.783,2.395,40.047
JY54-6HF,2738.625,111.029,186.69,2.371,39.08
JY54-6HF,2738.75,110.93,186.099,2.364,37.207
JY54-6HF,2738.875,111.468,185.427,2.368,35.643
JY54-6HF,2739,112.485,184.977,2.375,35.081
JY54-6HF,2739.125,113.103,184.949,2.387,34.853
JY54-6HF,2739.25,112.887,185.396,2.404,34.646
JY54-6HF,2739.375,111.797,186.066,2.422,34.489
JY54-6HF,2739.5,110.432,186.478,2.433,34.005
JY54-6HF,2739.625,109.272,186.504,2.442,32.867
JY54-6HF,2739.75,107.995,186.208,2.46,31.471
JY54-6HF,2739.875,106.132,185.786,2.487,30.463
JY54-6HF,2740,104.345,185.586,2.512,29.393
JY54-6HF,2740.125,103.919,185.922,2.523,27.704
JY54-6HF,2740.25,104.914,186.568,2.512,26.102
JY54-6HF,2740.375,106.187,187.245,2.485,25.469
JY54-6HF,2740.5,106.349,187.682,2.453,25.994
JY54-6HF,2740.625,105.234,187.665,2.43,27.256
JY54-6HF,2740.75,103.602,187.141,2.421,28.924
JY54-6HF,2740.875,103.021,186.575,2.42,30.868
JY54-6HF,2741,103.599,186.289,2.414,32.499
JY54-6HF,2741.125,104.297,186.409,2.395,33.268
JY54-6HF,2741.25,104.688,186.907,2.368,33.84
JY54-6HF,2741.375,105.79,187.563,2.345,34.678
JY54-6HF,2741.5,107.771,187.901,2.337,35.209
JY54-6HF,2741.625,108.717,187.827,2.349,34.586
JY54-6HF,2741.75,107.444,187.482,2.376,34.512
JY54-6HF,2741.875,104.168,187.098,2.411,35.112
JY54-6HF,2742,101.364,186.944,2.444,34.023
JY54-6HF,2742.125,101.01,187.292,2.467,31.161
JY54-6HF,2742.25,103.875,187.935,2.476,30.208
JY54-6HF,2742.375,107.298,188.499,2.469,32.213
JY54-6HF,2742.5,108.726,188.738,2.449,34.989
JY54-6HF,2742.625,107.903,188.517,2.424,34.851
JY54-6HF,2742.75,106.9,187.863,2.406,32.592
JY54-6HF,2742.875,106.349,187.138,2.405,30.337
JY54-6HF,2743,105.984,186.744,2.422,29.002
JY54-6HF,2743.125,105.557,186.759,2.443,29.263
JY54-6HF,2743.25,104.933,187.103,2.453,31.258
JY54-6HF,2743.375,104.283,187.575,2.45,33.87
JY54-6HF,2743.5,104.26,187.833,2.44,35.177
JY54-6HF,2743.625,105.164,187.689,2.43,35.041
JY54-6HF,2743.75,105.27,187.353,2.425,35.139
JY54-6HF,2743.875,104.039,187.064,2.426,35.835
JY54-6HF,2744,102.718,187.037,2.433,35.321
JY54-6HF,2744.125,102.676,187.423,2.44,33.365
JY54-6HF,2744.25,104.054,188.175,2.443,31.661
JY54-6HF,2744.375,105.93,188.846,2.441,31.241
JY54-6HF,2744.5,107.238,189.208,2.44,31.933
JY54-6HF,2744.625,107.628,189.178,2.437,32.485
JY54-6HF,2744.75,107.458,188.808,2.429,32.384
JY54-6HF,2744.875,107.107,188.324,2.415,32.473
JY54-6HF,2745,105.845,188.104,2.403,33.557
JY54-6HF,2745.125,103.739,188.19,2.404,35.016
JY54-6HF,2745.25,102.266,188.466,2.416,34.554
JY54-6HF,2745.375,102.528,188.758,2.432,32.073
JY54-6HF,2745.5,104.333,188.867,2.444,29.6
JY54-6HF,2745.625,107.351,188.626,2.454,28.735
JY54-6HF,2745.75,110.258,188.276,2.462,28.948
JY54-6HF,2745.875,111.48,188.07,2.46,29.55
JY54-6HF,2746,111.197,188.161,2.445,30.165
JY54-6HF,2746.125,111.065,188.6,2.423,30.812
JY54-6HF,2746.25,111.374,189.284,2.405,31.507
JY54-6HF,2746.375,111.726,189.801,2.392,32.093
JY54-6HF,2746.5,112.323,189.909,2.384,32.787
JY54-6HF,2746.625,113.252,189.601,2.382,34.201
JY54-6HF,2746.75,113.597,189.009,2.382,36.311
JY54-6HF,2746.875,112.578,188.371,2.383,37.727
JY54-6HF,2747,111.188,188.08,2.394,35.85
JY54-6HF,2747.125,110.527,188.249,2.412,31.996
JY54-6HF,2747.25,109.959,188.677,2.427,29.233
JY54-6HF,2747.375,109.269,189.138,2.43,29.234
JY54-6HF,2747.5,108.736,189.409,2.43,30.987
JY54-6HF,2747.625,108.243,189.314,2.439,32.735
JY54-6HF,2747.75,107.308,188.863,2.452,33.402
JY54-6HF,2747.875,106.298,188.407,2.468,33.501
JY54-6HF,2748,106.174,188.138,2.489,32.69
JY54-6HF,2748.125,106.696,188.153,2.508,30.279
JY54-6HF,2748.25,106.62,188.443,2.51,27.083
JY54-6HF,2748.375,105.552,188.813,2.499,25.035
JY54-6HF,2748.5,103.633,188.882,2.5,25.15
JY54-6HF,2748.625,100.612,188.541,2.542,27.101
JY54-6HF,2748.75,97.234,187.855,2.598,29.729
JY54-6HF,2748.875,96.732,187.009,2.612,31.335
JY54-6HF,2749,100.294,186.29,2.625,31.099
JY54-6HF,2749.125,105.67,186.15,2.64,29.565
JY54-6HF,2749.25,108.399,186.443,2.586,28.131
JY54-6HF,2749.375,107.833,186.91,2.555,27.676
JY54-6HF,2749.5,106.545,187.289,2.52,28.217
JY54-6HF,2749.625,107.665,187.367,2.482,29.076
JY54-6HF,2749.75,110.84,187.056,2.465,29.758
JY54-6HF,2749.875,113.348,186.677,2.469,30.126
JY54-6HF,2750,114.047,186.522,2.488,30.022
JY54-6HF,2750.125,113.884,186.643,2.508,28.915
JY54-6HF,2750.25,113.942,186.957,2.53,27.282
JY54-6HF,2750.375,113.773,187.249,2.553,26.152
JY54-6HF,2750.5,113.269,187.149,2.568,26.085
JY54-6HF,2750.625,113.884,186.728,2.568,26.525
JY54-6HF,2750.75,115.719,186.265,2.554,26.955
JY54-6HF,2750.875,117.118,186.027,2.536,27.264
JY54-6HF,2751,116.895,186.222,2.521,27.57
JY54-6HF,2751.125,115.494,186.934,2.52,27.715
JY54-6HF,2751.25,113.608,187.784,2.528,27.787
JY54-6HF,2751.375,111.99,188.303,2.538,28.377
JY54-6HF,2751.5,112.019,188.324,2.543,29.525
JY54-6HF,2751.625,114.58,187.862,2.547,30.333
JY54-6HF,2751.75,117.399,187.12,2.557,30.294
JY54-6HF,2751.875,118.817,186.598,2.571,29.79
JY54-6HF,2752,118.766,186.613,2.583,29.217
JY54-6HF,2752.125,117.64,187.033,2.593,28.122
JY54-6HF,2752.25,115.515,187.604,2.601,26.388
JY54-6HF,2752.375,113.225,188.021,2.604,24.983
JY54-6HF,2752.5,111.874,187.971,2.597,24.493
JY54-6HF,2752.625,111.255,187.392,2.581,24.948
JY54-6HF,2752.75,110.406,186.765,2.558,25.939
JY54-6HF,2752.875,110.003,186.413,2.534,27.141
JY54-6HF,2753,110.791,186.532,2.521,28.276
JY54-6HF,2753.125,111.937,187.16,2.528,29.166
JY54-6HF,2753.25,112.655,188.054,2.55,30.029
JY54-6HF,2753.375,112.678,188.638,2.566,30.969
JY54-6HF,2753.5,111.769,188.705,2.557,31.581
JY54-6HF,2753.625,110.629,188.299,2.535,31.021
JY54-6HF,2753.75,110.55,187.623,2.523,29.455
JY54-6HF,2753.875,111.718,187.035,2.536,27.536
JY54-6HF,2754,113.363,187.059,2.565,26.24
JY54-6HF,2754.125,113.859,187.544,2.587,25.935
JY54-6HF,2754.25,112.824,188.186,2.592,26.509
JY54-6HF,2754.375,110.378,188.656,2.591,27.187
JY54-6HF,2754.5,107.659,188.668,2.593,27.284
JY54-6HF,2754.625,106.066,188.056,2.594,26.781
JY54-6HF,2754.75,106.348,187.241,2.586,26.377
JY54-6HF,2754.875,107.255,186.713,2.576,26.589
JY54-6HF,2755,107.656,186.694,2.573,27.689
JY54-6HF,2755.125,107.591,187.216,2.577,29.095
JY54-6HF,2755.25,108.431,188.093,2.579,29.97
JY54-6HF,2755.375,110.171,188.754,2.572,29.787
JY54-6HF,2755.5,111.68,188.862,2.557,29.286
JY54-6HF,2755.625,112.605,188.509,2.545,28.843
JY54-6HF,2755.75,113.286,187.942,2.543,28.079
JY54-6HF,2755.875,113.635,187.496,2.551,27.207
JY54-6HF,2756,113.044,187.573,2.56,26.75
JY54-6HF,2756.125,112.399,188.22,2.562,26.734
JY54-6HF,2756.25,113.779,188.968,2.558,26.836
JY54-6HF,2756.375,117.37,189.461,2.548,27.075
JY54-6HF,2756.5,121.064,189.455,2.542,27.445
JY54-6HF,2756.625,122.504,188.867,2.553,27.817
JY54-6HF,2756.75,121.184,187.954,2.581,28.156
JY54-6HF,2756.875,118.472,187.353,2.613,28.602
JY54-6HF,2757,116.395,187.308,2.628,28.706
JY54-6HF,2757.125,115.679,187.827,2.626,27.904
JY54-6HF,2757.25,115.888,188.741,2.611,27.093
JY54-6HF,2757.375,116.602,189.68,2.591,27.193
JY54-6HF,2757.5,117.208,190.152,2.572,28.002
JY54-6HF,2757.625,116.82,190.205,2.564,28.811
JY54-6HF,2757.75,115.147,190.031,2.569,29.19
JY54-6HF,2757.875,113.897,189.85,2.581,29.119
JY54-6HF,2758,115.304,189.862,2.591,28.62
JY54-6HF,2758.125,118.297,190.132,2.596,28.141
JY54-6HF,2758.25,119.38,190.342,2.596,28.498
JY54-6HF,2758.375,117.666,190.257,2.595,29.831
JY54-6HF,2758.5,114.57,189.82,2.599,31.439
JY54-6HF,2758.625,112.531,189.119,2.601,32.284
JY54-6HF,2758.75,112.125,188.421,2.588,32.164
JY54-6HF,2758.875,112.849,188.292,2.559,31.641
JY54-6HF,2759,113.53,188.787,2.534,30.89
JY54-6HF,2759.125,113.452,189.717,2.527,29.742
JY54-6HF,2759.25,112.552,190.767,2.526,28.495
JY54-6HF,2759.375,110.696,191.558,2.516,27.774
JY54-6HF,2759.5,107.437,191.633,2.51,28.343
JY54-6HF,2759.625,103.157,191.065,2.535,30.065
JY54-6HF,2759.75,99.035,190.309,2.598,31.801
JY54-6HF,2759.875,95.35,189.711,2.633,32.216
JY54-6HF,2760,92.967,189.526,2.618,31.757
JY54-6HF,2760.125,93.822,189.852,2.595,31.512
JY54-6HF,2760.25,98.987,190.464,2.559,32.493
JY54-6HF,2760.375,105.554,190.867,2.491,34.251
JY54-6HF,2760.5,109.774,190.922,2.487,35.766
JY54-6HF,2760.625,110.663,190.662,2.51,36.354
JY54-6HF,2760.75,110.474,190.258,2.493,36.415
JY54-6HF,2760.875,110.451,190.047,2.454,36.317
JY54-6HF,2761,110.33,190.281,2.436,35.697
JY54-6HF,2761.125,109.659,190.774,2.44,34.799
JY54-6HF,2761.25,108.423,191.304,2.441,34.556
JY54-6HF,2761.375,106.788,191.661,2.425,35.351
JY54-6HF,2761.5,106.128,191.694,2.396,36.529
JY54-6HF,2761.625,106.812,191.446,2.373,37.609
JY54-6HF,2761.75,107.747,191.308,2.361,38.696
JY54-6HF,2761.875,107.843,191.473,2.362,39.14
JY54-6HF,2762,107.03,191.968,2.37,37.68
JY54-6HF,2762.125,106.057,192.687,2.383,34.73
JY54-6HF,2762.25,105.416,193.322,2.395,32.423
JY54-6HF,2762.375,105.163,193.412,2.402,32.555
JY54-6HF,2762.5,105.483,192.984,2.399,34.57
JY54-6HF,2762.625,106.007,192.232,2.387,36.753
JY54-6HF,2762.75,106.882,191.436,2.372,37.25
JY54-6HF,2762.875,108.424,190.912,2.366,36.466
JY54-6HF,2763,110.22,190.989,2.38,35.5
JY54-6HF,2763.125,111.038,191.435,2.412,34.641
JY54-6HF,2763.25,110.084,191.907,2.444,33.856
JY54-6HF,2763.375,107.772,192.163,2.453,33.405
JY54-6HF,2763.5,106.36,192.062,2.44,33.336
JY54-6HF,2763.625,106.81,191.619,2.425,33.726
JY54-6HF,2763.75,108.147,191.191,2.421,34.284
JY54-6HF,2763.875,109.408,191.088,2.426,34.225
JY54-6HF,2764,110.928,191.346,2.435,33.428
JY54-6HF,2764.125,112.473,191.851,2.441,32.948
JY54-6HF,2764.25,111.834,192.369,2.442,33.165
JY54-6HF,2764.375,108.271,192.482,2.436,33.256
JY54-6HF,2764.5,104.07,192.053,2.428,32.508
JY54-6HF,2764.625,102.05,191.334,2.424,31.744
JY54-6HF,2764.75,102.573,190.608,2.426,31.946
JY54-6HF,2764.875,105.472,190.148,2.433,32.441
JY54-6HF,2765,109.166,190.162,2.44,32.233
JY54-6HF,2765.125,112.171,190.608,2.446,31.544
JY54-6HF,2765.25,113.516,190.986,2.453,31.078
JY54-6HF,2765.375,113.116,191.051,2.458,30.774
JY54-6HF,2765.5,111.659,190.716,2.457,30.229
JY54-6HF,2765.625,110.083,190.06,2.453,29.779
JY54-6HF,2765.75,109.02,189.427,2.456,30.221
JY54-6HF,2765.875,109.197,189.291,2.472,31.341
JY54-6HF,2766,110.276,189.648,2.5,32.034
JY54-6HF,2766.125,111.634,190.293,2.528,31.608
JY54-6HF,2766.25,112.595,190.917,2.547,30.963
JY54-6HF,2766.375,112.809,191.154,2.543,30.919
JY54-6HF,2766.5,112.877,190.599,2.518,32.054
JY54-6HF,2766.625,113.535,189.64,2.485,33.967
JY54-6HF,2766.75,114.38,188.674,2.458,35.569
JY54-6HF,2766.875,114.467,188.022,2.444,35.04
JY54-6HF,2767,113.262,187.899,2.444,32.798
JY54-6HF,2767.125,111.331,188.327,2.45,30.68
JY54-6HF,2767.25,109.555,188.847,2.456,30.447
JY54-6HF,2767.375,108.847,189.05,2.451,32.17
JY54-6HF,2767.5,109.351,188.833,2.437,35.17
JY54-6HF,2767.625,110.558,188.269,2.421,37.789
JY54-6HF,2767.75,111.181,187.595,2.413,38.786
JY54-6HF,2767.875,110.805,187.291,2.412,37.718
JY54-6HF,2768,110.48,187.465,2.413,35.722
JY54-6HF,2768.125,110.859,187.896,2.409,33.525
JY54-6HF,2768.25,111.602,188.314,2.401,31.908
JY54-6HF,2768.375,112.343,188.46,2.393,31.151
JY54-6HF,2768.5,112.723,188.137,2.387,31.261
JY54-6HF,2768.625,112.238,187.527,2.385,31.651
JY54-6HF,2768.75,110.569,187.082,2.391,31.568
JY54-6HF,2768.875,108.643,187.012,2.403,31.178
JY54-6HF,2769,108.067,187.368,2.416,31.566
JY54-6HF,2769.125,108.698,188.033,2.423,32.765
JY54-6HF,2769.25,109.759,188.601,2.421,33.359
JY54-6HF,2769.375,110.445,188.673,2.409,32.775
JY54-6HF,2769.5,110.275,188.287,2.386,32.183
JY54-6HF,2769.625,109.349,187.637,2.363,33.011
JY54-6HF,2769.75,108.43,186.997,2.347,34.925
JY54-6HF,2769.875,108.024,186.696,2.339,36.413
JY54-6HF,2770,108.538,186.942,2.334,36.878
JY54-6HF,2770.125,110.312,187.346,2.335,38.255
JY54-6HF,2770.25,112.648,187.607,2.349,39.277
JY54-6HF,2770.375,113.852,187.518,2.371,36.304
JY54-6HF,2770.5,112.783,187.001,2.39,30.925
JY54-6HF,2770.625,109.956,186.236,2.405,28.138
JY54-6HF,2770.75,106.012,185.747,2.428,29.024
JY54-6HF,2770.875,101.302,185.739,2.476,32.014
JY54-6HF,2771,97.063,186.172,2.529,34.72
JY54-6HF,2771.125,96.616,186.855,2.528,35.112
JY54-6HF,2771.25,100.716,187.463,2.447,32.63
JY54-6HF,2771.375,107.467,187.493,2.387,30.375
JY54-6HF,2771.5,112.225,187.08,2.377,30.586
JY54-6HF,2771.625,113.452,186.495,2.384,33.449
JY54-6HF,2771.75,112.38,186.025,2.373,36.874
JY54-6HF,2771.875,111.152,185.922,2.334,38.172
JY54-6HF,2772,110.381,186.333,2.319,36.963
JY54-6HF,2772.125,110.031,186.938,2.326,35.407
JY54-6HF,2772.25,110.25,187.325,2.335,34.686
JY54-6HF,2772.375,110.85,187.313,2.333,34.882
JY54-6HF,2772.5,110.998,186.879,2.323,34.929
JY54-6HF,2772.625,110.542,186.178,2.315,34.526
JY54-6HF,2772.75,110.448,185.697,2.316,34.399
JY54-6HF,2772.875,111.739,185.738,2.322,34.703
JY54-6HF,2773,113.16,186.222,2.336,35.314
JY54-6HF,2773.125,112.697,186.925,2.354,35.918
JY54-6HF,2773.25,110.3,187.539,2.372,36.477
JY54-6HF,2773.375,108.348,187.687,2.381,36.714
JY54-6HF,2773.5,108.221,187.256,2.381,35.801
JY54-6HF,2773.625,107.949,186.65,2.374,33.805
JY54-6HF,2773.75,105.983,186.178,2.362,31.975
JY54-6HF,2773.875,103.318,186.06,2.347,31.328
JY54-6HF,2774,102.44,186.388,2.341,31.895
JY54-6HF,2774.125,103.547,186.987,2.35,32.835
JY54-6HF,2774.25,104.945,187.377,2.368,33.264
JY54-6HF,2774.375,105.11,187.383,2.382,33.035
JY54-6HF,2774.5,104.324,187.025,2.387,32.598
JY54-6HF,2774.625,103.966,186.459,2.382,32.677
JY54-6HF,2774.75,104.41,185.987,2.369,33.829
JY54-6HF,2774.875,105.047,185.984,2.353,35.678
JY54-6HF,2775,104.819,186.321,2.343,37.417
JY54-6HF,2775.125,103.224,186.774,2.345,38.656
JY54-6HF,2775.25,101.051,187.103,2.347,38.986
JY54-6HF,2775.375,100.501,187.101,2.337,38.405
JY54-6HF,2775.5,102.075,186.665,2.315,37.344
JY54-6HF,2775.625,104.38,186.127,2.292,36.62
JY54-6HF,2775.75,105.515,185.794,2.276,36.611
JY54-6HF,2775.875,105.621,185.799,2.269,36.966
JY54-6HF,2776,105.491,186.146,2.27,37.112
JY54-6HF,2776.125,104.761,186.684,2.268,36.918
JY54-6HF,2776.25,103.395,186.972,2.26,35.889
JY54-6HF,2776.375,102.779,188.14,2.249,34.238
JY54-6HF,2776.5,103.001,189.291,2.243,32.688
JY54-6HF,2776.625,102.926,190.378,2.243,31.891
JY54-6HF,2776.75,101.696,191.787,2.25,31.622
JY54-6HF,2776.875,99.921,192.972,2.26,31.705
JY54-6HF,2777,98.093,193.705,2.268,32.608
JY54-6HF,2777.125,96.447,194.124,2.267,34.875
JY54-6HF,2777.25,95.423,194.229,2.256,37.996
JY54-6HF,2777.375,96.146,193.953,2.242,39.74
JY54-6HF,2777.5,97.914,193.168,2.229,39.667
JY54-6HF,2777.625,99.342,191.763,2.22,39.177
JY54-6HF,2777.75,100.171,190.23,2.214,38.992
JY54-6HF,2777.875,101.393,188.852,2.213,38.861
JY54-6HF,2778,103.146,187.724,2.216,38.135
JY54-6HF,2778.125,104.129,186.78,2.221,37.389
JY54-6HF,2778.25,103.493,185.71,2.221,37.665
JY54-6HF,2778.375,102.634,184.312,2.215,38.873
JY54-6HF,2778.5,103.179,182.968,2.208,39.961
JY54-6HF,2778.625,104.537,182.135,2.215,40.141
JY54-6HF,2778.75,105.352,182.221,2.244,39.574
JY54-6HF,2778.875,105.009,183.495,2.29,38.457
JY54-6HF,2779,104.116,185.842,2.329,36.804
JY54-6HF,2779.125,103.615,188.158,2.347,35.574
JY54-6HF,2779.25,103.534,190.059,2.361,35.446
JY54-6HF,2779.375,103.687,191.575,2.38,36.402
JY54-6HF,2779.5,103.693,192.982,2.396,37.598
JY54-6HF,2779.625,103.564,194.775,2.401,38.461
JY54-6HF,2779.75,103.569,197.418,2.394,38.488
JY54-6HF,2779.875,103.868,200.676,2.383,37.544
JY54-6HF,2780,104.613,204.433,2.372,36.056
JY54-6HF,2780.125,105.306,208.633,2.361,35.066
JY54-6HF,2780.25,104.77,213.259,2.349,35.106
JY54-6HF,2780.375,102.803,218.137,2.347,36.357
JY54-6HF,2780.5,101.023,222.304,2.36,37.66
JY54-6HF,2780.625,100.746,225.175,2.38,37.722
JY54-6HF,2780.75,101.43,226.573,2.391,36.391
JY54-6HF,2780.875,101.866,226.626,2.394,34.923
JY54-6HF,2781,101.979,225.764,2.397,34.026
JY54-6HF,2781.125,102.194,224.621,2.404,33.703
JY54-6HF,2781.25,102.572,223.338,2.418,33.72
JY54-6HF,2781.375,102.815,222.311,2.437,34.266
JY54-6HF,2781.5,102.731,222.498,2.452,34.804
JY54-6HF,2781.625,102.455,225.257,2.45,34.397
JY54-6HF,2781.75,102.086,232.663,2.441,33.242
JY54-6HF,2781.875,101.41,243.721,2.462,32.671
JY54-6HF,2782,100.079,255.654,2.542,33.731
JY54-6HF,2782.125,98.986,266.492,2.614,36.318
JY54-6HF,2782.25,101.744,274.846,2.538,37.488
JY54-6HF,2782.375,110.27,280.207,2.372,34.792
JY54-6HF,2782.5,123.147,283.227,2.359,30.291
JY54-6HF,2782.625,135.208,284.798,2.49,28.336
JY54-6HF,2782.75,142.892,283.888,2.591,30.252
JY54-6HF,2782.875,145.835,279.626,2.622,34.282
JY54-6HF,2783,147.58,271.579,2.599,37.478
JY54-6HF,2783.125,150.715,260.317,2.573,37.944
JY54-6HF,2783.25,154.791,249.19,2.562,37.461
JY54-6HF,2783.375,157.552,240.462,2.568,37.913
JY54-6HF,2783.5,158.849,234.669,2.575,39.287
JY54-6HF,2783.625,160.259,231.46,2.568,40.291
JY54-6HF,2783.75,161.88,229.709,2.556,40.038
JY54-6HF,2783.875,161.825,227.979,2.559,38.367
JY54-6HF,2784,159.303,226.374,2.571,36.329
JY54-6HF,2784.125,157.265,225.533,2.573,35.049
JY54-6HF,2784.25,158.24,225.841,2.567,35.234
JY54-6HF,2784.375,160.83,227.367,2.56,36.252
JY54-6HF,2784.5,162.337,229.656,2.56,37.35
JY54-6HF,2784.625,161.673,231.444,2.563,38.065
JY54-6HF,2784.75,160.646,232.07,2.566,38.109
JY54-6HF,2784.875,160.002,231.444,2.565,36.607
JY54-6HF,2785,159.049,229.809,2.557,34.345
JY54-6HF,2785.125,158.263,227.664,2.542,33.453
JY54-6HF,2785.25,158.43,225.342,2.518,35.06
JY54-6HF,2785.375,158.922,223.147,2.487,37.339
JY54-6HF,2785.5,158.837,221.451,2.463,38.117
JY54-6HF,2785.625,158.536,220.5,2.457,36.551
JY54-6HF,2785.75,158.551,220.491,2.472,34.225
JY54-6HF,2785.875,158.166,221.695,2.492,32.152
JY54-6HF,2786,156.661,224.703,2.492,30.748
JY54-6HF,2786.125,155.24,228.997,2.461,30.222
JY54-6HF,2786.25,155.4,233.874,2.416,31.055
JY54-6HF,2786.375,158.5,238.573,2.378,33.232
JY54-6HF,2786.5,164.105,242.373,2.366,35.629
JY54-6HF,2786.625,170.461,244.519,2.387,36.159
JY54-6HF,2786.75,175.705,245.078,2.441,34.185
JY54-6HF,2786.875,179.385,244.455,2.522,30.555
JY54-6HF,2787,181.985,242.787,2.606,26.751
JY54-6HF,2787.125,183.45,240.204,2.671,23.828
JY54-6HF,2787.25,184.093,236.861,2.703,22.33
JY54-6HF,2787.375,185.768,233.595,2.72,22.29
JY54-6HF,2787.5,188.673,231.599,2.736,22.857
JY54-6HF,2787.625,190.223,231.613,2.748,23.466
JY54-6HF,2787.75,188.935,233.924,2.749,23.978
JY54-6HF,2787.875,187.504,238.347,2.737,24.414
JY54-6HF,2788,188.436,244.035,2.72,24.837
JY54-6HF,2788.125,190.212,249.286,2.704,25.209
JY54-6HF,2788.25,189.179,253.401,2.695,25.368
JY54-6HF,2788.375,185.11,256.375,2.693,25.279
JY54-6HF,2788.5,182.045,258.534,2.698,25.018
JY54-6HF,2788.625,182.708,260.449,2.704,24.773
JY54-6HF,2788.75,185.951,262.372,2.709,24.493
JY54-6HF,2788.875,188.6,263.425,2.709,23.941
JY54-6HF,2789,189.728,262.932,2.707,23.189
JY54-6HF,2789.125,190.519,260.647,2.704,22.838
JY54-6HF,2789.25,191.747,256.792,2.702,23.187
JY54-6HF,2789.375,192.559,252.352,2.703,23.934
JY54-6HF,2789.5,192.462,249.146,2.71,24.33
JY54-6HF,2789.625,192.231,247.235,2.718,24.211
JY54-6HF,2789.75,192.109,246.114,2.721,23.793
JY54-6HF,2789.875,191.88,245.264,2.718,23.262
JY54-6HF,2790,191.461,244.348,2.712,22.588
JY54-6HF,2790.125,191.138,243.973,2.704,21.924
JY54-6HF,2790.25,190.655,244.778,2.696,21.588
JY54-6HF,2790.375,189.259,246.754,2.691,21.726
JY54-6HF,2790.5,187.427,249.493,2.692,22.129
JY54-6HF,2790.625,186.241,252.264,2.698,22.451
JY54-6HF,2790.75,185.459,253.907,2.702,22.451
JY54-6HF,2790.875,184.295,253.375,2.702,22.057
JY54-6HF,2791,182.858,251.038,2.697,21.551
JY54-6HF,2791.125,182.098,247.3,2.693,21.224
JY54-6HF,2791.25,182.362,242.77,2.691,21.186
JY54-6HF,2791.375,182.722,238.237,2.693,21.154
JY54-6HF,2791.5,183.701,235.119,2.694,20.732
JY54-6HF,2791.625,185.652,234.162,2.694,20.31
JY54-6HF,2791.75,187.895,235.109,2.696,20.384
JY54-6HF,2791.875,189.522,237.511,2.703,21.228
JY54-6HF,2792,189.529,240.726,2.713,22.361
JY54-6HF,2792.125,188.234,243.98,2.721,23.003
JY54-6HF,2792.25,186.499,246.686,2.721,22.734
JY54-6HF,2792.375,185.226,248.886,2.711,22.139
JY54-6HF,2792.5,185.168,250.393,2.695,21.958
JY54-6HF,2792.625,186.681,250.859,2.679,22.329
JY54-6HF,2792.75,188.594,249.863,2.669,22.889
JY54-6HF,2792.875,190.205,246.885,2.666,23.317
JY54-6HF,2793,192.053,242.562,2.67,23.286
JY54-6HF,2793.125,194.266,237.874,2.674,22.52
JY54-6HF,2793.25,196.282,233.544,2.675,21.302
JY54-6HF,2793.375,197.645,230.13,2.674,20.492
JY54-6HF,2793.5,197.964,227.929,2.677,20.286
JY54-6HF,2793.625,196.551,226.938,2.682,20.338
JY54-6HF,2793.75,192.497,226.425,2.688,20.431
JY54-6HF,2793.875,187.665,226.227,2.692,20.525
JY54-6HF,2794,184.91,226.354,2.694,20.485
JY54-6HF,2794.125,184.915,226.955,2.695,20.239
JY54-6HF,2794.25,186.099,228.427,2.694,20.096
JY54-6HF,2794.375,187.153,230.84,2.691,20.341
JY54-6HF,2794.5,187.543,233.599,2.687,20.699
JY54-6HF,2794.625,187.254,236.107,2.68,20.833
JY54-6HF,2794.75,186.446,237.828,2.675,21.04
JY54-6HF,2794.875,185.663,238.389,2.673,21.592
JY54-6HF,2795,185.635,237.638,2.674,22.266
JY54-6HF,2795.125,186.801,236.349,2.678,22.564
JY54-6HF,2795.25,187.479,234.838,2.687,22.433
JY54-6HF,2795.375,187.092,233.272,2.697,22.358
JY54-6HF,2795.5,187.478,231.744,2.703,22.515
JY54-6HF,2795.625,190.168,230.371,2.704,22.675
JY54-6HF,2795.75,194.239,229.368,2.701,22.864
JY54-6HF,2795.875,196.304,229.025,2.697,23.21
JY54-6HF,2796,195.341,229.477,2.695,23.669
JY54-6HF,2796.125,192.573,230.663,2.693,23.775
JY54-6HF,2796.25,190.384,232.32,2.692,23.33
JY54-6HF,2796.375,189.999,233.857,2.692,22.59
JY54-6HF,2796.5,191.49,234.513,2.695,21.875
JY54-6HF,2796.625,193.288,234.112,2.698,21.316
JY54-6HF,2796.75,193.568,232.865,2.698,21.243
JY54-6HF,2796.875,191.713,231.258,2.696,21.549
JY54-6HF,2797,189.754,230.052,2.698,21.878
JY54-6HF,2797.125,189.535,229.739,2.702,21.889
JY54-6HF,2797.25,190.744,229.803,2.705,21.651
JY54-6HF,2797.375,192.419,229.871,2.705,21.462
JY54-6HF,2797.5,194.089,229.701,2.703,21.518
JY54-6HF,2797.625,195.462,229.247,2.701,21.837
JY54-6HF,2797.75,195.872,229.002,2.699,22.328
JY54-6HF,2797.875,195.04,229.365,2.692,22.729
JY54-6HF,2798,192.423,229.928,2.678,22.694
JY54-6HF,2798.125,188.073,230.272,2.662,22.507
JY54-6HF,2798.25,184.599,230.076,2.652,22.194
JY54-6HF,2798.375,184.056,229.241,2.655,21.995
JY54-6HF,2798.5,185.488,228.186,2.664,22.119
JY54-6HF,2798.625,185.924,227.531,2.676,22.391
JY54-6HF,2798.75,185.13,227.467,2.684,22.307
JY54-6HF,2798.875,185.006,227.964,2.689,21.548
JY54-6HF,2799,185.464,228.816,2.693,20.447
JY54-6HF,2799.125,185.268,229.663,2.699,19.641
JY54-6HF,2799.25,184.036,230.23,2.706,19.438
JY54-6HF,2799.375,181.998,230.388,2.711,19.661
JY54-6HF,2799.5,179.693,230.067,2.709,20.022
JY54-6HF,2799.625,178.558,229.25,2.699,20.404
JY54-6HF,2799.75,179.207,227.977,2.69,20.714
JY54-6HF,2799.875,180.736,226.214,2.686,20.792
JY54-6HF,2800,180.968,224.04,2.687,20.51
JY54-6HF,2800.125,179.472,221.427,2.686,19.902
JY54-6HF,2800.25,177.609,218.458,2.683,19.113
JY54-6HF,2800.375,176.587,215.313,2.682,18.268
JY54-6HF,2800.5,176.524,212.339,2.684,17.723
JY54-6HF,2800.625,176.968,209.861,2.686,17.43
JY54-6HF,2800.75,177.496,207.773,2.686,17.388
JY54-6HF,2800.875,177.47,205.985,2.685,17.692
JY54-6HF,2801,176.091,204.46,2.685,18.075
JY54-6HF,2801.125,173.896,203.242,2.685,18.129
JY54-6HF,2801.25,171.865,202.663,2.686,17.646
JY54-6HF,2801.375,170.619,202.797,2.685,17.077
JY54-6HF,2801.5,169.018,203.507,2.684,16.609
JY54-6HF,2801.625,166.464,204.633,2.68,16.044
JY54-6HF,2801.75,165.099,206.014,2.674,15.453
JY54-6HF,2801.875,166.675,207.555,2.669,15.299
JY54-6HF,2802,169.952,209.236,2.668,15.848
JY54-6HF,2802.125,172.099,210.996,2.675,16.744
JY54-6HF,2802.25,172.574,212.745,2.684,17.508
JY54-6HF,2802.375,172.707,214.347,2.687,18.041
JY54-6HF,2802.5,173.533,215.628,2.686,18.509
JY54-6HF,2802.625,174.79,216.268,2.687,18.987
JY54-6HF,2802.75,175.929,216.343,2.688,19.343
JY54-6HF,2802.875,175.83,216.142,2.684,19.502
JY54-6HF,2803,173.641,215.949,2.68,19.603
JY54-6HF,2803.125,170.537,216.018,2.676,19.796
JY54-6HF,2803.25,169.133,216.525,2.672,19.953
JY54-6HF,2803.375,171.255,217.365,2.68,19.843
JY54-6HF,2803.5,176.212,218.231,2.684,19.562
JY54-6HF,2803.625,181.595,219.085,2.684,19.658
JY54-6HF,2803.75,185.685,219.99,2.684,20.363
JY54-6HF,2803.875,187.642,221.086,2.673,21.222
JY54-6HF,2804,187.543,222.621,2.677,21.63
JY54-6HF,2804.125,186.899,224.492,2.678,21.591
JY54-6HF,2804.25,187.485,226.275,2.673,21.524
JY54-6HF,2804.375,188.93,227.63,2.671,21.775
JY54-6HF,2804.5,190.099,228.321,2.679,22
JY54-6HF,2804.625,192.085,228.268,2.69,21.932
JY54-6HF,2804.75,195.496,227.736,2.695,21.615
JY54-6HF,2804.875,197.176,227.421,2.694,21.323
JY54-6HF,2805,194.719,227.568,2.688,21.136
JY54-6HF,2805.125,190.151,228.153,2.683,20.87
JY54-6HF,2805.25,187.884,228.936,2.685,20.47
JY54-6HF,2805.375,187.977,229.394,2.695,20.182
JY54-6HF,2805.5,188.565,229.24,2.711,20.045
JY54-6HF,2805.625,189.838,228.848,2.724,19.966
JY54-6HF,2805.75,191.926,228.654,2.726,20.005
JY54-6HF,2805.875,193.559,229.005,2.72,20.401
JY54-6HF,2806,193.316,230.053,2.712,21.181
JY54-6HF,2806.125,191.615,231.403,2.709,22.022
JY54-6HF,2806.25,189.982,232.357,2.71,22.578
JY54-6HF,2806.375,188.815,232.824,2.712,22.662
JY54-6HF,2806.5,187.775,232.921,2.71,22.219
JY54-6HF,2806.625,186.753,232.872,2.704,21.532
JY54-6HF,2806.75,186.572,232.904,2.697,20.913
JY54-6HF,2806.875,188.184,232.85,2.692,20.515
JY54-6HF,2807,190.404,232.331,2.692,20.228
JY54-6HF,2807.125,191.255,231.193,2.695,20.099
JY54-6HF,2807.25,189.962,229.454,2.702,20.341
JY54-6HF,2807.375,188.449,227.305,2.71,20.775
JY54-6HF,2807.5,188.203,225.156,2.716,20.96
JY54-6HF,2807.625,189.325,223.35,2.717,20.715
JY54-6HF,2807.75,190.304,221.966,2.714,20.263
JY54-6HF,2807.875,190.428,221.074,2.711,20.205
JY54-6HF,2808,190.663,220.74,2.71,20.696
JY54-6HF,2808.125,191.451,221.076,2.71,21.467
JY54-6HF,2808.25,191.956,222.107,2.71,22.089
JY54-6HF,2808.375,191.494,223.422,2.709,22.348
JY54-6HF,2808.5,190.502,224.795,2.711,22.261
JY54-6HF,2808.625,189.879,226.071,2.712,22.197
JY54-6HF,2808.75,190.076,227.176,2.712,22.475
JY54-6HF,2808.875,191.24,228.109,2.708,23.2
JY54-6HF,2809,193.117,228.848,2.704,23.748
JY54-6HF,2809.125,194.454,229.271,2.704,23.555
JY54-6HF,2809.25,194.573,229.303,2.706,22.63
JY54-6HF,2809.375,194.388,228.946,2.707,21.717
JY54-6HF,2809.5,194.784,228.312,2.706,21.347
JY54-6HF,2809.625,195.393,227.664,2.704,21.684
JY54-6HF,2809.75,196.041,227.234,2.703,22.361
JY54-6HF,2809.875,196.871,227.037,2.706,22.902
JY54-6HF,2810,197.115,226.924,2.713,22.88
JY54-6HF,2810.125,195.323,226.629,2.719,22.437
JY54-6HF,2810.25,192.25,225.801,2.719,21.825
JY54-6HF,2810.375,190.538,224.665,2.714,21.259
JY54-6HF,2810.5,190.831,223.726,2.707,20.835
JY54-6HF,2810.625,191.548,223.268,2.702,20.624
JY54-6HF,2810.75,192.083,223.407,2.7,20.628
JY54-6HF,2810.875,193.768,224.054,2.701,20.887
JY54-6HF,2811,196.582,224.787,2.698,21.409
JY54-6HF,2811.125,198.222,225.287,2.692,21.944
JY54-6HF,2811.25,197.834,225.682,2.687,22.145
JY54-6HF,2811.375,196.139,226.123,2.687,21.909
JY54-6HF,2811.5,195.023,226.721,2.69,21.613
JY54-6HF,2811.625,194.771,227.41,2.696,21.521
JY54-6HF,2811.75,194.736,227.876,2.702,21.689
JY54-6HF,2811.875,194.175,228.04,2.706,22.073
JY54-6HF,2812,193.334,228,2.705,22.422
JY54-6HF,2812.125,193.082,227.912,2.701,22.427
JY54-6HF,2812.25,193.96,227.959,2.698,22.261
JY54-6HF,2812.375,195.522,228.296,2.699,22.437
JY54-6HF,2812.5,196.38,228.844,2.702,22.976
JY54-6HF,2812.625,195.536,229.578,2.704,23.387
JY54-6HF,2812.75,193.665,230.484,2.706,23.374
JY54-6HF,2812.875,193.143,231.513,2.709,23.302
JY54-6HF,2813,194.527,232.52,2.71,23.412
JY54-6HF,2813.125,196.404,233.119,2.71,23.593
JY54-6HF,2813.25,197.031,233.155,2.708,23.731
JY54-6HF,2813.375,196.416,232.628,2.703,24.024
JY54-6HF,2813.5,195.756,231.607,2.697,24.61
JY54-6HF,2813.625,196.321,230.2,2.692,25.202
JY54-6HF,2813.75,198.602,228.41,2.689,25.434
JY54-6HF,2813.875,202.136,226.405,2.689,25.307
JY54-6HF,2814,204.568,224.434,2.691,24.792
JY54-6HF,2814.125,204.295,222.712,2.694,23.608
JY54-6HF,2814.25,201.83,221.418,2.697,22.057
JY54-6HF,2814.375,199.754,220.67,2.7,20.948
JY54-6HF,2814.5,199.022,220.422,2.706,20.813
JY54-6HF,2814.625,198.475,220.409,2.713,21.358
JY54-6HF,2814.75,198.435,220.607,2.719,22.067
JY54-6HF,2814.875,199.604,221.023,2.723,22.507
JY54-6HF,2815,200.22,221.665,2.727,22.948
JY54-6HF,2815.125,199.054,222.41,2.731,23.644
JY54-6HF,2815.25,197.084,222.876,2.733,24.44
JY54-6HF,2815.375,197.022,223.014,2.73,25.085
JY54-6HF,2815.5,199.552,222.997,2.724,25.17
JY54-6HF,2815.625,202.848,223.09,2.72,24.691
JY54-6HF,2815.75,205.058,223.606,2.719,23.766
JY54-6HF,2815.875,204.613,224.734,2.716,22.872
JY54-6HF,2816,201.461,226.006,2.712,22.502
JY54-6HF,2816.125,198,227.156,2.706,22.852
JY54-6HF,2816.25,195.732,228.02,2.703,23.615
JY54-6HF,2816.375,194.205,228.527,2.702,24.166
JY54-6HF,2816.5,193.735,228.654,2.7,23.969
JY54-6HF,2816.625,195.616,228.356,2.699,23.216
JY54-6HF,2816.75,198.5,227.579,2.701,22.401
JY54-6HF,2816.875,199.303,226.311,2.705,21.856
JY54-6HF,2817,196.157,224.61,2.708,21.731
JY54-6HF,2817.125,192.745,222.603,2.709,22.133
JY54-6HF,2817.25,191.856,220.462,2.711,22.879
JY54-6HF,2817.375,193.265,218.426,2.715,23.434
JY54-6HF,2817.5,195.776,216.711,2.72,23.305
JY54-6HF,2817.625,198.926,215.505,2.726,22.471
JY54-6HF,2817.75,201.518,214.916,2.732,21.65
JY54-6HF,2817.875,202.996,214.901,2.738,21.356
JY54-6HF,2818,203.709,215.047,2.742,21.604
JY54-6HF,2818.125,203.505,215.056,2.742,21.987
JY54-6HF,2818.25,201.316,214.892,2.739,22.09
JY54-6HF,2818.375,197.229,214.623,2.734,21.984
JY54-6HF,2818.5,193.906,214.399,2.728,21.92
JY54-6HF,2818.625,192.699,214.388,2.722,22.039
JY54-6HF,2818.75,192.634,214.425,2.717,22.286
JY54-6HF,2818.875,192.535,214.31,2.716,22.664
JY54-6HF,2819,193.144,213.974,2.72,23.113
JY54-6HF,2819.125,194.899,213.458,2.724,23.529
JY54-6HF,2819.25,196.544,212.952,2.722,23.745
JY54-6HF,2819.375,196.861,212.761,2.714,23.422
JY54-6HF,2819.5,196.076,212.867,2.706,22.64
JY54-6HF,2819.625,195.045,213.162,2.704,21.749
JY54-6HF,2819.75,193.76,213.511,2.707,21.246
JY54-6HF,2819.875,191.907,213.78,2.711,21.351
JY54-6HF,2820,190.279,213.903,2.714,21.775
JY54-6HF,2820.125,190.053,214.122,2.716,22.112
JY54-6HF,2820.25,190.705,214.652,2.72,22.299
JY54-6HF,2820.375,191.679,215.575,2.725,22.366
JY54-6HF,2820.5,192.288,216.867,2.726,22.415
JY54-6HF,2820.625,192.437,218.384,2.72,22.508
JY54-6HF,2820.75,192.568,219.915,2.714,22.641
JY54-6HF,2820.875,192.461,221.468,2.712,22.684
JY54-6HF,2821,192.307,223.173,2.713,22.603
JY54-6HF,2821.125,193.272,225.103,2.711,22.623
JY54-6HF,2821.25,195.347,227.23,2.705,22.836
JY54-6HF,2821.375,196.783,229.221,2.701,23.179
JY54-6HF,2821.5,194.366,230.552,2.702,23.477
JY54-6HF,2821.625,194.366,231.194,2.704,23.758
JY54-6HF,2821.75,193.393,231.253,2.706,23.871
JY54-6HF,2821.875,192.254,230.88,2.709,23.602
JY54-6HF,2822,191.809,230.208,2.713,23.012
JY54-6HF,2822.125,190.877,229.062,2.717,22.281
JY54-6HF,2822.25,190.141,227.426,2.715,21.413
JY54-6HF,2822.375,183.625,225.423,2.706,20.513
JY54-6HF,2822.5,178.324,223.303,2.694,19.724
JY54-6HF,2822.625,175.335,221.384,2.682,18.972
JY54-6HF,2822.75,172.884,220.047,2.675,18.049
JY54-6HF,2822.875,171.615,219.285,2.673,17.103
JY54-6HF,2823,172.934,218.786,2.675,16.549
JY54-6HF,2823.125,177.271,218.482,2.681,16.773
JY54-6HF,2823.25,183.704,218.406,2.686,17.703
JY54-6HF,2823.375,189.732,218.68,2.691,19.12
JY54-6HF,2823.5,193.606,219.467,2.692,20.508
JY54-6HF,2823.625,194.57,220.343,2.689,21.328
JY54-6HF,2823.75,193.505,220.909,2.684,21.571
JY54-6HF,2823.875,192.145,220.934,2.68,21.647
JY54-6HF,2824,191.547,219.414,2.681,21.885
JY54-6HF,2824.125,190.348,220.085,2.688,22.209
JY54-6HF,2824.25,187.636,220.778,2.696,22.096
JY54-6HF,2824.375,184.86,221.852,2.702,21.389
JY54-6HF,2824.5,183.289,222.368,2.704,20.489
JY54-6HF,2824.625,181.369,222.771,2.704,20.083
JY54-6HF,2824.75,177.942,223.016,2.704,20.273
JY54-6HF,2824.875,174.96,223.016,2.701,20.551
JY54-6HF,2825,174.813,223.016,2.696,20.441
JY54-6HF,2825.125,176.04,223.016,2.692,19.915
JY54-6HF,2825.25,176.057,223.312,2.691,19.372
JY54-6HF,2825.375,175.398,223.854,2.691,19.136
JY54-6HF,2825.5,176.553,224.526,2.691,19.113
JY54-6HF,2825.625,180.156,225.198,2.69,19.034
JY54-6HF,2825.75,183.968,225.869,2.69,18.986
JY54-6HF,2825.875,186.921,226.657,2.691,19.356
JY54-6HF,2826,189.693,227.463,2.691,20.327
JY54-6HF,2826.125,192.767,228.099,2.689,21.645
JY54-6HF,2826.25,194.829,228.34,2.684,22.889
JY54-6HF,2826.375,194.4,227.937,2.675,23.426
JY54-6HF,2826.5,192.537,226.478,2.664,23.054
JY54-6HF,2826.625,191.329,224.487,2.654,22.658
JY54-6HF,2826.75,191.584,222.338,2.65,22.313
JY54-6HF,2826.875,192.46,220.319,2.656,22.14
JY54-6HF,2827,193.257,218.644,2.668,22.232
JY54-6HF,2827.125,193.301,217.569,2.681,22.497
JY54-6HF,2827.25,192.075,216.851,2.69,22.627
JY54-6HF,2827.375,189.294,216.628,2.695,22.401
JY54-6HF,2827.5,186.449,216.628,2.697,21.962
JY54-6HF,2827.625,185.189,216.628,2.701,21.724
JY54-6HF,2827.75,185.926,216.628,2.708,21.971
JY54-6HF,2827.875,187.695,216.628,2.713,22.605
JY54-6HF,2828,189.509,216.628,2.71,23.24
JY54-6HF,2828.125,189.936,216.781,2.702,23.498
JY54-6HF,2828.25,187.943,217.334,2.697,23.224
JY54-6HF,2828.375,182.731,218.444,2.695,22.573
JY54-6HF,2828.5,176.155,219.788,2.696,20.623
JY54-6HF,2828.625,171.505,221.254,2.698,18.398
JY54-6HF,2828.75,170.688,222.452,2.697,16.539
JY54-6HF,2828.875,173.847,223.399,2.695,15.526
JY54-6HF,2829,179.465,224.102,2.694,15.678
JY54-6HF,2829.125,185.443,224.49,2.697,16.926
JY54-6HF,2829.25,189.853,224.49,2.704,19.05
JY54-6HF,2829.375,192.768,224.71,2.711,21.483
JY54-6HF,2829.5,195.061,225.219,2.715,23.221
JY54-6HF,2829.625,196.301,225.891,2.716,23.928
JY54-6HF,2829.75,195.443,226.684,2.715,23.748
JY54-6HF,2829.875,193.164,228.109,2.714,23.153
JY54-6HF,2830,191.537,229.337,2.717,22.515
JY54-6HF,2830.125,190.631,233.008,2.717,22.209
JY54-6HF,2830.25,189.378,233.619,2.713,22.17
JY54-6HF,2830.375,188.203,233.893,2.705,22.221
JY54-6HF,2830.5,188.548,234.01,2.699,22.297
JY54-6HF,2830.625,191.044,234.104,2.696,22.558
JY54-6HF,2830.75,194.189,234.226,2.693,22.974
JY54-6HF,2830.875,195.065,234.396,2.69,23.308
JY54-6HF,2831,192.298,234.611,2.695,23.529
JY54-6HF,2831.125,187.542,234.901,2.705,23.584
JY54-6HF,2831.25,183.8,235.408,2.7,23.644
JY54-6HF,2831.375,182.477,236.175,2.7,23.865
JY54-6HF,2831.5,183.924,237.143,2.692,23.862
JY54-6HF,2831.625,187.136,238.152,2.692,23.34
JY54-6HF,2831.75,189.909,238.913,2.694,22.63
JY54-6HF,2831.875,190.592,238.856,2.696,22.505
JY54-6HF,2832,188.971,238.112,2.7,23.007
JY54-6HF,2832.125,186.559,237.007,2.7,23.618
JY54-6HF,2832.25,185.118,235.925,2.698,23.84
JY54-6HF,2832.375,185.664,235.24,2.695,23.648
JY54-6HF,2832.5,188.2,235.217,2.693,23.118
JY54-6HF,2832.625,191.327,235.699,2.691,22.476
JY54-6HF,2832.75,193.067,236.424,2.698,21.865
JY54-6HF,2832.875,192.543,237.352,2.712,21.659
JY54-6HF,2833,189.076,238.534,2.721,22.091
JY54-6HF,2833.125,184.45,240.11,2.721,23.021
JY54-6HF,2833.25,181.898,241.98,2.714,23.891
JY54-6HF,2833.375,183.928,243.484,2.706,24.007
JY54-6HF,2833.5,188.145,244.214,2.704,23.281
JY54-6HF,2833.625,190.617,244.001,2.707,22.388
JY54-6HF,2833.75,190.152,242.902,2.712,21.802
JY54-6HF,2833.875,189.447,241.244,2.717,21.633
JY54-6HF,2834,190.845,239.651,2.722,21.873
JY54-6HF,2834.125,192.394,238.312,2.726,22.279
JY54-6HF,2834.25,192.26,237.203,2.726,22.402
JY54-6HF,2834.375,190.835,236.341,2.724,22.225
JY54-6HF,2834.5,189.948,235.843,2.723,22.157
JY54-6HF,2834.625,190.14,236.195,2.723,22.504
JY54-6HF,2834.75,190.258,237.364,2.722,22.86
JY54-6HF,2834.875,189.593,239.184,2.719,22.773
JY54-6HF,2835,189.272,241.432,2.717,22.495
JY54-6HF,2835.125,190.505,243.829,2.719,22.71
JY54-6HF,2835.25,192.864,246.017,2.724,23.817
JY54-6HF,2835.375,193.699,247.692,2.728,25.185
JY54-6HF,2835.5,190.811,249.005,2.728,25.587
JY54-6HF,2835.625,185.998,250.019,2.724,24.447
JY54-6HF,2835.75,182.982,250.75,2.72,22.869
JY54-6HF,2835.875,183.78,251.16,2.715,21.68
JY54-6HF,2836,187.746,251.059,2.71,21.142
JY54-6HF,2836.125,190.936,250.326,2.705,21.124
JY54-6HF,2836.25,190.242,249.012,2.703,21.526
JY54-6HF,2836.375,186.463,247.191,2.701,22.142
JY54-6HF,2836.5,183.996,244.963,2.699,22.657
JY54-6HF,2836.625,184.601,242.424,2.698,22.732
JY54-6HF,2836.75,186.533,239.912,2.701,22.167
JY54-6HF,2836.875,187.177,237.901,2.706,21.431
JY54-6HF,2837,186.304,236.608,2.71,21.252
JY54-6HF,2837.125,184.727,236.059,2.712,21.944
JY54-6HF,2837.25,183.384,236.111,2.711,23.05
JY54-6HF,2837.375,183.097,236.492,2.706,23.737
JY54-6HF,2837.5,184.328,236.865,2.698,23.653
JY54-6HF,2837.625,185.585,237.287,2.691,22.915
JY54-6HF,2837.75,185.097,238.019,2.689,21.744
JY54-6HF,2837.875,183.519,239.315,2.692,20.663
JY54-6HF,2838,183.036,241.325,2.696,19.976
JY54-6HF,2838.125,184.428,243.636,2.7,19.922
JY54-6HF,2838.25,186.387,245.654,2.702,20.347
JY54-6HF,2838.375,188.33,247.417,2.701,20.995
JY54-6HF,2838.5,190.989,249.123,2.698,21.616
JY54-6HF,2838.625,193.168,251.03,2.697,22.026
JY54-6HF,2838.75,193.516,253.267,2.699,22.242
JY54-6HF,2838.875,192.834,255.154,2.702,22.64
JY54-6HF,2839,192.786,255.966,2.705,23.236
JY54-6HF,2839.125,193.346,255.508,2.706,23.705
JY54-6HF,2839.25,192.779,253.956,2.705,23.807
JY54-6HF,2839.375,190.752,251.868,2.703,23.771
JY54-6HF,2839.5,188.296,249.935,2.703,24.022
JY54-6HF,2839.625,187.002,248.243,2.703,24.115
JY54-6HF,2839.75,187.109,246.928,2.705,23.58
JY54-6HF,2839.875,187.65,246.289,2.707,22.895
JY54-6HF,2840,187.442,246.695,2.71,22.69
JY54-6HF,2840.125,186.867,248.657,2.714,23.089
JY54-6HF,2840.25,186.377,251.851,2.719,23.544
JY54-6HF,2840.375,186.216,254.875,2.725,23.598
JY54-6HF,2840.5,186.494,256.938,2.726,23.192
JY54-6HF,2840.625,188.277,257.71,2.72,22.672
JY54-6HF,2840.75,190.628,257.381,2.705,22.394
JY54-6HF,2840.875,191.468,256.632,2.69,22.59
JY54-6HF,2841,190.382,255.573,2.682,23.104
JY54-6HF,2841.125,190.084,253.759,2.683,23.694
JY54-6HF,2841.25,191.349,250.951,2.69,23.96
JY54-6HF,2841.375,191.965,247.196,2.7,23.762
JY54-6HF,2841.5,190.825,243.034,2.704,23.449
JY54-6HF,2841.625,190.109,240.025,2.704,23.576
JY54-6HF,2841.75,190.807,238.569,2.701,24.348
JY54-6HF,2841.875,190.75,238.37,2.699,25.455
JY54-6HF,2842,189.325,238.87,2.696,26.378
JY54-6HF,2842.125,188.545,239.366,2.693,26.877
JY54-6HF,2842.25,188.916,239.134,2.69,26.641
JY54-6HF,2842.375,189.959,238.281,2.687,25.736
JY54-6HF,2842.5,191.104,237.301,2.685,24.56
JY54-6HF,2842.625,192.828,236.531,2.686,23.681
JY54-6HF,2842.75,195.194,236.126,2.694,23.19
JY54-6HF,2842.875,197.471,235.926,2.708,22.791
JY54-6HF,2843,198.834,235.375,2.72,22.658
JY54-6HF,2843.125,198.024,234.44,2.725,23.079
JY54-6HF,2843.25,195.18,233.394,2.725,24.069
JY54-6HF,2843.375,192.148,232.6,2.725,25.076
JY54-6HF,2843.5,190.482,232.423,2.724,25.691
JY54-6HF,2843.625,190.627,233.1,2.72,25.735
JY54-6HF,2843.75,192.432,234.114,2.715,25.276
JY54-6HF,2843.875,194.688,235.041,2.712,24.637
JY54-6HF,2844,196.886,235.831,2.713,24.4
JY54-6HF,2844.125,198.911,236.592,2.715,24.389
JY54-6HF,2844.25,200.202,237.572,2.716,24.228
JY54-6HF,2844.375,200.164,238.943,2.712,23.981
JY54-6HF,2844.5,198.886,240.031,2.703,24.032
JY54-6HF,2844.625,197.694,240.219,2.694,24.318
JY54-6HF,2844.75,197.514,239.151,2.688,24.394
JY54-6HF,2844.875,197.687,236.747,2.689,24.256
JY54-6HF,2845,195.541,233.272,2.692,24.2
JY54-6HF,2845.125,187.754,229.224,2.692,23.294
JY54-6HF,2845.25,175.597,224.704,2.686,19.931
JY54-6HF,2845.375,162.812,219.65,2.676,14.99
JY54-6HF,2845.5,152.104,214.124,2.667,11.256
JY54-6HF,2845.625,141.603,208.387,2.657,8.978
JY54-6HF,2845.75,129.4,203.47,2.648,7.307
JY54-6HF,2845.875,117.173,199.943,2.64,5.725
JY54-6HF,2846,108.285,197.772,2.631,4.473
JY54-6HF,2846.125,104.367,196.829,2.626,3.854
JY54-6HF,2846.25,103.425,196.903,2.625,3.702
JY54-6HF,2846.375,102.49,197.789,2.629,3.803
JY54-6HF,2846.5,101.587,199.159,2.632,4.013
JY54-6HF,2846.625,104.366,200.579,2.634,4.437
JY54-6HF,2846.75,112.534,201.842,2.641,5.469
JY54-6HF,2846.875,123.627,202.903,2.652,7.469
JY54-6HF,2847,131.906,203.899,2.658,10.295
JY54-6HF,2847.125,135.033,205.463,2.654,12.659
JY54-6HF,2847.25,134.914,207.883,2.643,13.121
JY54-6HF,2847.375,137.463,210.821,2.638,12.224
JY54-6HF,2847.5,145.11,213.929,2.645,11.846
JY54-6HF,2847.625,156.573,216.906,2.666,12.873
JY54-6HF,2847.75,169.037,219.595,2.69,15.429
JY54-6HF,2847.875,179.789,222.031,2.71,18.942
JY54-6HF,2848,186.591,224.154,2.72,22.166
JY54-6HF,2848.125,188.313,225.696,2.722,23.488
JY54-6HF,2848.25,184.536,226.469,2.717,22.348
JY54-6HF,2848.375,179.993,226.443,2.708,19.853
JY54-6HF,2848.5,177.962,226.114,2.699,17.683
JY54-6HF,2848.625,180.006,226.498,2.691,17.154
JY54-6HF,2848.75,184.791,227.791,2.679,18.47
JY54-6HF,2848.875,189.947,229.755,2.662,21.02
JY54-6HF,2849,193.204,231.945,2.648,23.44
JY54-6HF,2849.125,194.898,233.797,2.644,24.937
JY54-6HF,2849.25,195.688,235.048,2.653,25.649
JY54-6HF,2849.375,196.57,236.278,2.671,26.258
JY54-6HF,2849.5,197.569,237.692,2.688,26.727
JY54-6HF,2849.625,198.009,239.191,2.695,26.7
JY54-6HF,2849.75,197.907,240.442,2.695,26.297
JY54-6HF,2849.875,197.014,240.831,2.694,25.957
JY54-6HF,2850,195.862,240.315,2.696,25.847
JY54-6HF,2850.125,196.148,239.471,2.695,25.701
JY54-6HF,2850.25,195.637,238.667,2.691,25.399
JY54-6HF,2850.375,192.685,238.066,2.686,24.99
JY54-6HF,2850.5,190.936,237.542,2.687,24.044
JY54-6HF,2850.625,191.195,236.42,2.691,21.978
JY54-6HF,2850.75,189.836,234.637,2.694,19.558
JY54-6HF,2850.875,183.278,232.484,2.694,17.797
JY54-6HF,2851,172.484,230.22,2.693,16.904
JY54-6HF,2851.125,163.743,228.008,2.693,16.165
JY54-6HF,2851.25,159.309,225.722,2.691,14.954
JY54-6HF,2851.375,160.459,223.052,2.689,13.72
JY54-6HF,2851.5,164.805,220.363,2.688,13.348
JY54-6HF,2851.625,167.393,218.209,2.686,14.303
JY54-6HF,2851.75,163.394,217.113,2.676,15.496
JY54-6HF,2851.875,153.695,217.453,2.656,15.069
JY54-6HF,2852,141.552,219.175,2.639,11.855
JY54-6HF,2852.125,132.407,221.119,2.63,8.129
JY54-6HF,2852.25,129.525,222.836,2.633,5.6
JY54-6HF,2852.375,135.235,224.311,2.64,5.069
JY54-6HF,2852.5,149.946,225.734,2.65,6.388
JY54-6HF,2852.625,169.036,227.386,2.656,9.764
JY54-6HF,2852.75,185.69,228.785,2.656,15.302
JY54-6HF,2852.875,193.961,229.157,2.654,21.963
JY54-6HF,2853,194.42,227.927,2.658,26.471
JY54-6HF,2853.125,189.414,224.844,2.672,25.684
JY54-6HF,2853.25,180.496,220.059,2.686,21.569
JY54-6HF,2853.375,166.53,214.575,2.689,17.356
JY54-6HF,2853.5,147.325,210.103,2.683,13.977
JY54-6HF,2853.625,128.374,207.318,2.676,11.062
JY54-6HF,2853.75,115.376,206.387,2.675,8.594
JY54-6HF,2853.875,113.458,207.101,2.676,6.974
JY54-6HF,2854,122.482,208.906,2.673,6.659
JY54-6HF,2854.125,140.841,211.047,2.672,8.133
JY54-6HF,2854.25,162.53,213.515,2.681,11.589
JY54-6HF,2854.375,180.42,216.679,2.696,17.391
JY54-6HF,2854.5,188.856,220.618,2.708,24.234
JY54-6HF,2854.625,187.839,225.045,2.711,28.032
JY54-6HF,2854.75,179.588,228.745,2.705,25.215
JY54-6HF,2854.875,167.077,230.053,2.69,19.96
JY54-6HF,2855,156.157,229.091,2.665,15.55
JY54-6HF,2855.125,150.5,226.673,2.642,13.419
JY54-6HF,2855.25,150.065,223.896,2.628,12.985
JY54-6HF,2855.375,149.326,221.9,2.627,13.507
JY54-6HF,2855.5,144.314,221.439,2.63,13.258
JY54-6HF,2855.625,135.518,221.608,2.633,11.749
JY54-6HF,2855.75,127.141,222.054,2.634,10.15
JY54-6HF,2855.875,124.927,222.774,2.633,8.693
JY54-6HF,2856,132.631,224.041,2.635,7.341
JY54-6HF,2856.125,148.211,226.512,2.641,7.215
JY54-6HF,2856.25,166.355,230.003,2.649,9.458
JY54-6HF,2856.375,180.282,233.577,2.657,14.444
JY54-6HF,2856.5,188.738,236.751,2.667,21.998
JY54-6HF,2856.625,193.014,239.237,2.68,28.459
JY54-6HF,2856.75,194.636,240.957,2.696,30.362
JY54-6HF,2856.875,194.171,242.047,2.708,27.501
JY54-6HF,2857,192.97,243.02,2.715,24.222
JY54-6HF,2857.125,192.535,243.858,2.715,22.517
JY54-6HF,2857.25,193.373,244.377,2.714,22.401
JY54-6HF,2857.375,195.317,244.362,2.711,23.173
JY54-6HF,2857.5,197.88,243.69,2.707,24.372
JY54-6HF,2857.625,200.335,242.624,2.699,25.127
JY54-6HF,2857.75,201.198,241.658,2.687,24.955
JY54-6HF,2857.875,200.53,241.182,2.676,24.032
JY54-6HF,2858,200.547,241.393,2.671,23.132
JY54-6HF,2858.125,202.237,242.226,2.674,22.454
JY54-6HF,2858.25,203.878,243.059,2.684,22.436
JY54-6HF,2858.375,203.522,243.404,2.696,23.418
JY54-6HF,2858.5,202.044,243.237,2.704,25.051
JY54-6HF,2858.625,201.063,242.402,2.708,25.823
JY54-6HF,2858.75,198.958,240.648,2.707,25.157
JY54-6HF,2858.875,192.993,237.499,2.7,24.072
JY54-6HF,2859,182.101,232.545,2.68,23.606
JY54-6HF,2859.125,166.123,226.632,2.649,22.29
JY54-6HF,2859.25,145.167,220.34,2.621,17.457
JY54-6HF,2859.375,122.348,214.133,2.61,10.83
JY54-6HF,2859.5,105.145,208.348,2.615,5.609
JY54-6HF,2859.625,98.111,203.388,2.624,3.004
JY54-6HF,2859.75,101.879,200.257,2.631,2.331
JY54-6HF,2859.875,110.355,199.831,2.627,3.051
JY54-6HF,2860,120.905,202.417,2.627,4.911
JY54-6HF,2860.125,133.95,207.64,2.631,7.536
JY54-6HF,2860.25,148.8,214.28,2.625,10.754
JY54-6HF,2860.375,161.622,219.741,2.626,14.22
JY54-6HF,2860.5,167.168,223.199,2.627,16.964
JY54-6HF,2860.625,165.607,225.021,2.619,17.197
JY54-6HF,2860.75,158.809,225.773,2.613,14.903
JY54-6HF,2860.875,150.042,226.044,2.619,12.203
JY54-6HF,2861,142.826,225.998,2.625,10.439
JY54-6HF,2861.125,140.851,225.224,2.625,9.818
JY54-6HF,2861.25,142.73,223.612,2.635,10.227
JY54-6HF,2861.375,145.259,221.393,2.651,11.39
JY54-6HF,2861.5,148.42,219.031,2.663,12.474
JY54-6HF,2861.625,154.361,217.18,2.671,13.076
JY54-6HF,2861.75,161.363,216.689,2.676,13.686
JY54-6HF,2861.875,163.173,217.171,2.676,14.73
JY54-6HF,2862,156.919,218.014,2.669,15.378
JY54-6HF,2862.125,144.079,218.513,2.662,13.85
JY54-6HF,2862.25,129.706,217.981,2.662,10.758
JY54-6HF,2862.375,116.571,215.78,2.676,7.823
JY54-6HF,2862.5,105.492,212.438,2.697,5.967
JY54-6HF,2862.625,96.593,209.135,2.708,4.971
JY54-6HF,2862.75,90.696,206.388,2.7,4.521
JY54-6HF,2862.875,89.838,204.398,2.678,4.366
JY54-6HF,2863,92.255,203.026,2.651,4.379
JY54-6HF,2863.125,95.608,201.646,2.629,4.253
JY54-6HF,2863.25,99.518,199.932,2.616,3.799
JY54-6HF,2863.375,105.469,198.227,2.615,3.159
JY54-6HF,2863.5,114.023,197.056,2.621,2.92
JY54-6HF,2863.625,123.09,196.984,2.629,3.597
JY54-6HF,2863.75,129.969,198.589,2.632,5.522
JY54-6HF,2863.875,133.414,201.848,2.63,8.482
JY54-6HF,2864,134.519,205.742,2.627,11.609
JY54-6HF,2864.125,135.225,209.603,2.631,13.731
JY54-6HF,2864.25,139.384,212.917,2.646,14.408
JY54-6HF,2864.375,148.426,215.374,2.667,14.225
JY54-6HF,2864.5,159.983,216.893,2.688,14.351
JY54-6HF,2864.625,168.927,218.008,2.7,15.753
JY54-6HF,2864.75,171.917,219.016,2.694,18.266
JY54-6HF,2864.875,169.381,219.923,2.675,20.233
JY54-6HF,2865,165.503,220.599,2.654,20.309
JY54-6HF,2865.125,164.61,220.771,2.646,18.751
JY54-6HF,2865.25,167.887,220.388,2.65,17.13
JY54-6HF,2865.375,172.629,220.289,2.662,16.528
JY54-6HF,2865.5,176.4,221.125,2.674,17.535
JY54-6HF,2865.625,179.665,223.218,2.679,19.992
JY54-6HF,2865.75,184.501,226.496,2.679,22.969
JY54-6HF,2865.875,190.258,230.119,2.679,25.4
JY54-6HF,2866,194.306,232.711,2.685,26.798
JY54-6HF,2866.125,196.239,234.133,2.698,26.976
JY54-6HF,2866.25,197.019,234.728,2.713,25.814
JY54-6HF,2866.375,197.978,235,2.728,24.169
JY54-6HF,2866.5,198.916,235.454,2.739,22.755
JY54-6HF,2866.625,198.926,236.244,2.745,22.047
JY54-6HF,2866.75,197.649,236.925,2.745,21.912
JY54-6HF,2866.875,195.548,237.267,2.742,22.305
JY54-6HF,2867,194.023,237.179,2.737,23.006
JY54-6HF,2867.125,194.897,236.69,2.726,23.873
JY54-6HF,2867.25,196.717,235.958,2.711,24.716
JY54-6HF,2867.375,196.702,235.35,2.697,25.329
JY54-6HF,2867.5,195.617,234.994,2.685,25.651
JY54-6HF,2867.625,195.891,234.786,2.676,25.624
JY54-6HF,2867.75,198.382,234.485,2.672,25.157
JY54-6HF,2867.875,200.201,233.742,2.677,24.146
JY54-6HF,2868,199.024,232.047,2.69,22.531
JY54-6HF,2868.125,195.224,229.948,2.709,21.045
JY54-6HF,2868.25,191.015,228.191,2.731,20.179
JY54-6HF,2868.375,187.482,227.304,2.745,19.915
JY54-6HF,2868.5,185.008,227.536,2.745,19.844
JY54-6HF,2868.625,182.957,228.636,2.729,19.792
JY54-6HF,2868.75,180.026,229.438,2.702,19.931
JY54-6HF,2868.875,175.197,229.275,2.67,19.962
JY54-6HF,2869,168.152,228.144,2.645,18.741
JY54-6HF,2869.125,160.064,226.385,2.634,16.071
JY54-6HF,2869.25,154.064,224.6,2.639,13.268
JY54-6HF,2869.375,151.781,223.447,2.649,11.88
JY54-6HF,2869.5,152.671,222.458,2.652,11.908
JY54-6HF,2869.625,153.759,221.183,2.644,12.755
JY54-6HF,2869.75,153.899,219.6,2.634,13.602
JY54-6HF,2869.875,154.776,218.009,2.632,14.207
JY54-6HF,2870,157.973,217.157,2.644,14.725
JY54-6HF,2870.125,164.241,218.124,2.661,15.127
JY54-6HF,2870.25,172.702,220.4,2.676,15.422
JY54-6HF,2870.375,181.717,223.298,2.683,16.127
JY54-6HF,2870.5,188.984,226.168,2.679,17.938
JY54-6HF,2870.625,193.307,228.506,2.662,20.857
JY54-6HF,2870.75,195.512,230.225,2.643,24.109
JY54-6HF,2870.875,197.267,231.723,2.636,26.527
JY54-6HF,2871,199.353,233.028,2.651,27.495
JY54-6HF,2871.125,201.894,233.968,2.675,26.525
JY54-6HF,2871.25,204.515,234.346,2.696,24.757
JY54-6HF,2871.375,205.177,234.016,2.706,23.4
JY54-6HF,2871.5,202.61,233.155,2.708,22.827
JY54-6HF,2871.625,199.761,232.29,2.706,22.43
JY54-6HF,2871.75,199.747,231.536,2.703,21.818
JY54-6HF,2871.875,201.726,230.908,2.701,21.367
JY54-6HF,2872,202.15,230.357,2.702,21.41
JY54-6HF,2872.125,200.653,229.835,2.708,21.868
JY54-6HF,2872.25,198.619,229.372,2.718,22.394
JY54-6HF,2872.375,196.493,229.079,2.726,22.77
JY54-6HF,2872.5,194.416,229.064,2.728,22.698
JY54-6HF,2872.625,193.511,229.385,2.726,22.249
JY54-6HF,2872.75,193.789,230.019,2.724,21.631
JY54-6HF,2872.875,194.559,230.756,2.721,21.001
JY54-6HF,2873,195.725,231.244,2.716,20.412
JY54-6HF,2873.125,197.352,231.333,2.707,20.127
JY54-6HF,2873.25,197.613,231.035,2.698,20.406
JY54-6HF,2873.375,194.845,230.477,2.695,21.058
JY54-6HF,2873.5,191.224,229.901,2.699,21.616
JY54-6HF,2873.625,190.311,229.439,2.707,21.678
JY54-6HF,2873.75,192.846,228.985,2.714,21.338
JY54-6HF,2873.875,196.417,228.459,2.717,20.85
JY54-6HF,2874,198.241,227.808,2.716,20.622
JY54-6HF,2874.125,198.577,227.001,2.711,20.877
JY54-6HF,2874.25,198.779,225.933,2.707,21.494
JY54-6HF,2874.375,199.368,224.577,2.706,22
JY54-6HF,2874.5,198.617,222.821,2.709,21.965
JY54-6HF,2874.625,193.646,220.546,2.714,21.135
JY54-6HF,2874.75,183.269,217.676,2.714,19.706
JY54-6HF,2874.875,168.579,214.19,2.708,17.57
JY54-6HF,2875,149.87,210.175,2.697,14.318
JY54-6HF,2875.125,128.35,205.773,2.683,10.093
JY54-6HF,2875.25,106.978,201.1,2.668,5.902
JY54-6HF,2875.375,90.121,196.459,2.654,2.875
JY54-6HF,2875.5,79.612,192.342,2.646,1.141
JY54-6HF,2875.625,74.111,189.87,2.644,0.507
JY54-6HF,2875.75,72.108,189.67,2.649,0.48
JY54-6HF,2875.875,74.17,191.493,2.659,0.841
JY54-6HF,2876,83.816,194.863,2.668,1.554
JY54-6HF,2876.125,103.812,199.179,2.673,2.755
JY54-6HF,2876.25,130.094,203.886,2.671,4.869
JY54-6HF,2876.375,156.11,208.941,2.665,8.654
JY54-6HF,2876.5,175.898,214.309,2.658,14.559
JY54-6HF,2876.625,188.468,219.746,2.654,22.414
JY54-6HF,2876.75,195.1,224.892,2.658,28.773
JY54-6HF,2876.875,199.099,229.318,2.673,29.837
JY54-6HF,2877,201.508,232.41,2.693,26.493
JY54-6HF,2877.125,201.969,234.265,2.711,23.891
JY54-6HF,2877.25,201.347,235.376,2.715,23.274
JY54-6HF,2877.375,200.998,235.982,2.704,23.893
JY54-6HF,2877.5,202.557,236.236,2.682,24.542
JY54-6HF,2877.625,205.559,236.193,2.66,25.115
JY54-6HF,2877.75,209.1,235.844,2.647,25.651
JY54-6HF,2877.875,212.18,235.34,2.646,25.662
JY54-6HF,2878,213.334,234.704,2.659,24.845
JY54-6HF,2878.125,211.25,233.977,2.679,23.602
JY54-6HF,2878.25,206.722,233.219,2.699,22.311
JY54-6HF,2878.375,201.709,232.573,2.714,21.198
JY54-6HF,2878.5,198.034,232.255,2.72,20.925
JY54-6HF,2878.625,195.757,232.293,2.712,21.943
JY54-6HF,2878.75,194.639,232.623,2.695,24.093
JY54-6HF,2878.875,196.686,233.121,2.678,26.018
JY54-6HF,2879,200.534,233.622,2.674,26.743
JY54-6HF,2879.125,202.782,233.86,2.681,25.875
JY54-6HF,2879.25,201.034,233.766,2.692,24.093
JY54-6HF,2879.375,198.451,233.318,2.701,22.247
JY54-6HF,2879.5,198.083,232.528,2.705,21.403
JY54-6HF,2879.625,198.413,231.464,2.704,21.727
JY54-6HF,2879.75,197.422,230.298,2.701,22.708
JY54-6HF,2879.875,196.314,229.238,2.698,23.435
JY54-6HF,2880,196.62,228.276,2.698,23.633
JY54-6HF,2880.125,197.643,227.448,2.702,23.441
JY54-6HF,2880.25,198.363,226.854,2.704,23.141
JY54-6HF,2880.375,199.093,226.644,2.701,22.753
JY54-6HF,2880.5,199.715,227.013,2.694,22.23
JY54-6HF,2880.625,199.49,227.61,2.686,21.749
JY54-6HF,2880.75,199.007,228.039,2.683,21.634
JY54-6HF,2880.875,198.158,228.045,2.686,22.175
JY54-6HF,2881,196.013,227.531,2.694,22.951
JY54-6HF,2881.125,193.713,226.66,2.704,23.302
JY54-6HF,2881.25,194.045,226.059,2.711,22.919
JY54-6HF,2881.375,197.182,225.97,2.713,22.218
JY54-6HF,2881.5,199.66,226.257,2.709,21.599
JY54-6HF,2881.625,198.694,226.67,2.704,20.972
JY54-6HF,2881.75,196.966,226.919,2.698,20.353
JY54-6HF,2881.875,197.702,226.838,2.694,20.098
JY54-6HF,2882,201.013,226.828,2.691,20.17
JY54-6HF,2882.125,203.111,227.203,2.69,20.25
JY54-6HF,2882.25,201.859,228.018,2.691,20.176
JY54-6HF,2882.375,198.669,229.16,2.692,20.264
JY54-6HF,2882.5,196.016,230.337,2.693,20.891
JY54-6HF,2882.625,194.044,231.104,2.696,22.177
JY54-6HF,2882.75,192.034,231.537,2.7,23.611
JY54-6HF,2882.875,191.43,231.831,2.703,24.472
JY54-6HF,2883,194.133,232.161,2.703,24.266
JY54-6HF,2883.125,199.128,232.648,2.701,23.357
JY54-6HF,2883.25,203.548,233.268,2.7,22.553
JY54-6HF,2883.375,204.558,233.742,2.695,22.558
JY54-6HF,2883.5,202.445,233.885,2.684,23.393
JY54-6HF,2883.625,199.174,233.644,2.67,24.448
JY54-6HF,2883.75,197.747,233.073,2.664,24.718
JY54-6HF,2883.875,199.157,232.343,2.671,24.592
JY54-6HF,2884,201.337,231.853,2.686,24.521
