Well Name,Depth,Facies,GR,AC,DEN,LLS,LLD
JY11-4,2251,1,153.283,208.917,2.637,36.85,33.82
JY11-4,2252.125,1,131.242,229.899,2.682,51.297,52.338
JY11-4,2252.25,1,112.105,220.857,2.681,79.479,79.705
JY11-4,2252.375,1,99.377,206.779,2.676,107.584,105.885
JY11-4,2252.5,1,98.209,192.924,2.666,123.158,119.664
JY11-4,2252.625,1,102.866,187.758,2.655,125.878,121.821
JY11-4,2252.75,1,103.858,188.059,2.65,128.512,125.379
JY11-4,2252.875,1,96.011,186.762,2.65,148.829,146.424
JY11-4,2253.5,1,91.981,184.692,2.644,164.723,155.965
JY11-4,2253.625,1,97.823,188.307,2.641,133.042,126.241
JY11-4,2253.75,1,101.556,190.935,2.641,113.819,108.741
JY11-4,2253.875,1,103.668,193.752,2.643,106.326,102.019
JY11-4,2254,1,103.168,194.265,2.647,103.094,98.776
JY11-4,2254.125,1,100.926,192.839,2.65,97.537,93.282
JY11-4,2254.25,1,99.986,194.152,2.649,92.361,88.525
JY11-4,2255,1,79.855,186.602,2.631,571.954,549.602
JY11-4,2255.125,1,79.181,182.998,2.621,675.917,637.093
JY11-4,2255.25,1,80.43,181.274,2.614,606.046,559.45
JY11-4,2255.375,1,85.225,182.225,2.611,408.841,368.926
JY11-4,2255.5,1,96.691,191.798,2.613,202.776,179.536
JY11-4,2255.625,1,115.082,208.854,2.619,87.763,78.103
JY11-4,2255.75,1,131.424,224.409,2.629,50.664,47.203
JY11-4,2255.875,1,136.17,231.133,2.642,50.002,48.66
JY11-4,2256,1,124.485,229.295,2.653,76.383,77.002
JY11-4,2256.125,1,105.093,217.858,2.653,162.653,164.935
JY11-4,2256.25,1,87.226,201.19,2.637,345.046,344.347
JY11-4,2256.375,1,77.1,187.589,2.613,554.175,544.039
JY11-4,2256.5,1,73.577,182.959,2.595,679.104,656.112
JY11-4,2256.625,1,75.087,183.193,2.59,632.424,601.458
JY11-4,2256.75,1,81.11,185.263,2.596,469.431,439.137
JY11-4,2256.875,1,91.729,188.139,2.605,283.422,260.793
JY11-4,2257,1,107.123,192.85,2.611,148.261,134.656
JY11-4,2257.125,1,124.002,202.108,2.614,72.351,65.811
JY11-4,2257.25,1,137.271,213.685,2.617,43.555,40.66
JY11-4,2257.375,1,142.172,220.088,2.62,35.054,33.706
JY11-4,2257.5,1,139.292,220.458,2.622,35.206,34.58
JY11-4,2257.625,1,132.202,219.655,2.622,42.007,41.791
JY11-4,2257.75,1,123.149,214.159,2.625,54.888,54.795
JY11-4,2257.875,1,112.639,204.316,2.63,75.74,75.646
JY11-4,2258,1,101.948,199.191,2.634,113.562,112.96
JY11-4,2258.125,1,94.431,196.903,2.635,166.444,164.104
JY11-4,2258.25,1,90.457,191.98,2.632,219.516,214.404
JY11-4,2258.375,1,88.139,188.737,2.631,253.164,245.919
JY11-4,2258.5,1,85.953,189.158,2.633,269.949,262.221
JY11-4,2258.625,1,84.202,188.997,2.638,288.069,281.156
JY11-4,2258.75,1,82.544,187.12,2.644,323.127,316.557
JY11-4,2258.875,1,80.163,185.324,2.65,366.696,359.343
JY11-4,2259,1,78.11,183.991,2.655,399.012,390.234
JY11-4,2259.125,1,78.157,184.253,2.658,407.95,397.838
JY11-4,2259.25,1,80.097,184.64,2.657,387.717,376.381
JY11-4,2259.375,1,83.282,183.201,2.649,329.747,318.015
JY11-4,2259.5,1,88.966,181.381,2.641,248.499,238.254
JY11-4,2259.625,1,96.921,182.475,2.639,170.091,163.398
JY11-4,2259.75,1,102.749,184.566,2.649,126.771,124.001
JY11-4,2259.875,1,99.56,184.798,2.665,125.637,126.248
JY11-4,2260,1,87.872,183.278,2.681,184.791,188.844
JY11-4,2260.125,1,72.961,179.953,2.693,326.5,332.73
JY11-4,2260.25,1,61.906,175.394,2.698,522.517,527.719
JY11-4,2260.375,1,56.331,174.03,2.697,701.685,703.631
JY11-4,2260.5,1,56.033,177.54,2.692,804.021,805.389
JY11-4,2260.625,1,58.805,182.922,2.682,835.138,841.038
JY11-4,2260.75,1,62.122,188.135,2.672,830.346,844.256
JY11-4,2260.875,1,64.706,194.746,2.663,822.724,843.62
JY11-4,2261,1,66.467,203.228,2.655,819.886,844.801
JY11-4,2261.125,1,67.268,209.632,2.647,815.633,840.78
JY11-4,2261.25,1,67.183,209.857,2.636,794.861,817.488
JY11-4,2261.375,1,66.982,206.245,2.627,747.377,766.027
JY11-4,2261.5,1,67.337,199.549,2.62,678.869,693.976
JY11-4,2265.125,4,157.848,220.712,2.722,30.697,29.044
JY11-4,2265.25,4,158.666,218.015,2.726,31.616,29.746
JY11-4,2265.375,4,159.859,217.003,2.72,31.655,29.659
JY11-4,2265.75,4,159.856,221.967,2.693,29.806,27.764
JY11-4,2265.875,4,159.99,225.382,2.688,29.171,27.161
JY11-4,2266,4,159.624,228.794,2.684,28.597,26.623
JY11-4,2266.75,4,159.481,230.419,2.706,28.019,26.066
JY11-4,2266.875,4,158.711,227.974,2.706,28.741,26.704
JY11-4,2267,4,157.415,225.114,2.701,29.485,27.331
JY11-4,2267.625,4,154.93,232.759,2.683,27.553,25.394
JY11-4,2267.75,4,158.615,235.14,2.681,27.249,25.164
JY11-4,2267.875,4,162.738,235.912,2.683,27.33,25.24
JY11-4,2268.625,4,163.259,238.259,2.657,27.336,24.845
JY11-4,2268.75,4,161.386,238.078,2.658,26.602,24.141
JY11-4,2268.875,4,160.316,237.593,2.663,26.158,23.721
JY11-4,2269.625,4,158.366,234.939,2.679,24.87,24.352
JY11-4,2269.75,4,159.951,234.672,2.686,23.869,23.906
JY11-4,2269.875,4,162.662,234.889,2.69,23.192,23.647
JY11-4,2270,1,164.005,235.474,2.691,22.815,23.607
JY11-4,2270.125,1,163.181,235.905,2.69,22.714,23.791
JY11-4,2270.75,4,164.481,234.086,2.671,23.561,25.479
JY11-4,2270.875,4,162.038,234.211,2.669,23.161,25.085
JY11-4,2271,4,159.34,234.814,2.67,22.109,24.027
JY11-4,2271.625,4,162.575,241.822,2.697,20.863,23.471
JY11-4,2271.75,4,162.644,243.424,2.695,22.25,25.018
JY11-4,2271.875,4,163.555,244.89,2.693,23.209,26.017
JY11-4,2272.5,4,164.061,251.363,2.696,22.247,24.652
JY11-4,2272.625,4,162.007,249.104,2.708,22.248,24.606
JY11-4,2272.75,4,162.149,246.529,2.722,22.396,24.712
JY11-4,2273,6,175.889,247.28,2.738,22.068,23.962
JY11-4,2273.125,6,182.417,249.446,2.726,20.281,21.591
JY11-4,2273.25,6,184.495,253.503,2.706,16.373,17.047
JY11-4,2273.375,6,183.122,257.063,2.691,11.544,11.866
JY11-4,2273.5,6,181.825,258.377,2.685,7.518,7.848
JY11-4,2273.625,6,181.409,258.895,2.687,5.667,6.224
JY11-4,2273.75,6,180.309,259.695,2.689,5.582,6.438
JY11-4,2273.875,6,178.423,260.409,2.689,7.192,8.439
JY11-4,2274,6,176.88,260.41,2.687,10.501,12.146
JY11-4,2274.375,4,171.291,261.533,2.699,20.311,22.246
JY11-4,2274.5,4,170.148,262.113,2.699,21.864,23.669
JY11-4,2274.625,4,170.607,262.844,2.693,22.453,24.089
JY11-4,2275.625,4,177.384,261.546,2.685,5.475,6.139
JY11-4,2275.75,4,176.996,261.43,2.684,7.449,8.5
JY11-4,2275.875,4,174.653,261.158,2.681,11.381,12.833
JY11-4,2276.375,4,170.457,266.26,2.688,20.946,22.573
JY11-4,2276.5,4,171.153,268.807,2.692,20.948,22.584
JY11-4,2276.625,4,172.41,270.942,2.691,21.114,22.777
JY11-4,2277.5,4,169.888,269.331,2.682,22.444,24.406
JY11-4,2277.625,4,167.773,263.57,2.687,22.756,24.707
JY11-4,2277.75,4,164.226,257.785,2.699,22.75,24.646
JY11-4,2278.5,4,168.896,270.651,2.696,20.855,23.012
JY11-4,2278.625,4,168.164,270.273,2.691,21.169,23.436
JY11-4,2278.75,4,166.007,269.669,2.688,21.481,23.804
JY11-4,2279.75,4,165.103,264.721,2.668,17.703,19.697
JY11-4,2279.875,4,165.631,263.647,2.669,19.186,21.188
JY11-4,2280,4,164.353,262.851,2.672,19.967,21.817
JY11-4,2281,4,170.103,265.786,2.668,20.51,21.945
JY11-4,2281.125,4,172.508,267.673,2.665,18.11,19.192
JY11-4,2281.25,4,175.654,269.241,2.659,14.877,15.799
JY11-4,2282,4,173.175,266.983,2.661,12.776,13.6
JY11-4,2282.125,4,171.665,266.275,2.665,12.922,13.604
JY11-4,2282.25,4,172.004,265.695,2.67,12.29,12.825
JY11-4,2283,3,174.995,261.051,2.677,13.376,14.509
JY11-4,2283.125,3,177.342,259.542,2.676,16.98,18.127
JY11-4,2283.25,3,183.386,257.444,2.673,19.924,20.966
JY11-4,2283.625,3,197.481,252.389,2.653,20.475,20.997
JY11-4,2283.75,3,197.213,251.26,2.647,18.249,18.643
JY11-4,2283.875,3,196.836,251.889,2.642,15.757,16.086
JY11-4,2285,3,164.452,273.11,2.507,13.418,13.87
JY11-4,2285.125,3,161.596,283.052,2.447,13.687,14.118
JY11-4,2285.25,3,158.791,284.242,2.414,13.219,13.775
JY11-4,2285.5,6,151.744,257.208,2.475,18.787,20.07
JY11-4,2285.625,6,149.637,234.968,2.537,29.145,31.02
JY11-4,2285.75,6,148.424,227.431,2.583,43.078,45.572
JY11-4,2285.875,6,146.667,226.966,2.601,55.773,58.799
JY11-4,2286,6,143.487,222.629,2.604,65.864,69.384
JY11-4,2286.125,6,137.622,213.431,2.609,76,80.156
JY11-4,2286.25,6,127.198,203.654,2.627,89.932,95.019
JY11-4,2286.375,6,113.507,194.178,2.653,109.409,115.739
JY11-4,2286.5,6,99.762,186.974,2.677,133.017,140.338
JY11-4,2286.625,6,91.232,186.189,2.689,152.131,159.453
JY11-4,2286.75,6,89.517,193.297,2.688,155.964,162.103
JY11-4,2287,5,115.013,235.32,2.642,84.61,87.312
JY11-4,2287.25,5,137.358,257.743,2.619,47.523,49.476
JY11-4,2287.375,5,139.107,260.851,2.621,41.262,42.728
JY11-4,2287.5,5,142.982,263.559,2.622,35.213,36.232
JY11-4,2287.625,5,149.485,266.861,2.621,29.902,30.674
JY11-4,2287.75,2,157.987,269.65,2.622,25.911,26.643
JY11-4,2287.875,2,166.539,269.65,2.627,23.656,24.471
JY11-4,2288,2,176.677,264.246,2.645,25.895,26.689
JY11-4,2288.125,2,173.578,264.356,2.643,26.323,27.036
JY11-4,2288.75,4,175.295,266.702,2.647,24.075,24.493
JY11-4,2289,5,173.896,266.398,2.659,14.191,14.264
JY11-4,2289.125,5,173.91,265.489,2.655,11.046,11.281
JY11-4,2289.25,5,174.92,264.535,2.649,9.653,10.069
JY11-4,2289.375,5,176.34,263.425,2.643,9.998,10.59
JY11-4,2289.625,5,188.559,244.51,2.639,22.056,23.189
JY11-4,2289.875,2,187.382,252.035,2.652,32.903,34.182
JY11-4,2290,2,196.389,259.546,2.642,33.744,34.877
JY11-4,2290.25,2,209.409,265.684,2.63,33.288,34.347
JY11-4,2290.375,2,222.608,268.159,2.622,32.962,34.017
JY11-4,2290.5,5,230.905,267.009,2.616,33.018,34.107
JY11-4,2290.625,3,231.72,263.816,2.61,33.284,34.388
JY11-4,2290.75,3,226.221,259.268,2.604,33.315,34.364
JY11-4,2291,5,194.391,240.299,2.646,54.829,55.874
JY11-4,2291.125,5,198.053,241.618,2.65,50.163,50.626
JY11-4,2291.25,5,206.598,246.819,2.65,40.105,40.293
JY11-4,2291.375,5,192.676,276.221,2.671,17.462,17.985
JY11-4,2291.625,5,196.519,281.65,2.64,18.682,18.566
JY11-4,2292.5,4,198.884,289.937,2.624,10.426,10.93
JY11-4,2292.625,4,199.276,290.707,2.617,11.939,12.555
JY11-4,2293.75,4,202.439,289.176,2.616,20.869,21.616
JY11-4,2293.875,4,205.146,287.485,2.617,21.319,22.089
JY11-4,2294.25,2,208.671,277.975,2.639,19.658,20.168
JY11-4,2294.375,2,185.35,274.085,2.648,24.246,24.088
JY11-4,2294.5,5,183.352,274.199,2.653,21.523,20.882
JY11-4,2295.125,4,184.55,275.827,2.657,15.696,14.931
JY11-4,2295.25,4,207.038,292.488,2.625,12.123,12.88
JY11-4,2295.875,4,191.198,288.088,2.627,27.377,27.595
JY11-4,2296,4,196.747,288.147,2.644,23.985,24.018
JY11-4,2297,4,153.892,237.748,2.687,34.03,36.096
JY11-4,2297.125,4,144.007,234.656,2.682,44.388,46.49
JY11-4,2297.25,4,153.408,244.324,2.64,50.461,52.07
JY11-4,2298,2,157.348,244.606,2.635,50.72,52.416
JY11-4,2298.125,2,158.038,244.393,2.635,52.034,53.749
JY11-4,2298.25,2,153.457,238.324,2.645,53.343,55
JY11-4,2299.125,4,153.868,237.22,2.645,52.881,54.585
JY11-4,2299.25,4,152.584,236.018,2.649,52.26,53.98
JY11-4,2299.375,4,144.601,233.366,2.661,58.322,60.97
JY11-4,2300,4,143.744,233.068,2.658,59.621,62.245
JY11-4,2300.125,4,140.831,232.61,2.661,59.865,62.384
JY11-4,2300.25,4,147.502,233.93,2.627,53.685,55.568
JY11-4,2300.875,3,148.899,233.436,2.625,53.286,55.182
JY11-4,2301,3,148.456,232.837,2.629,53.723,55.741
JY11-4,2301.125,3,149.76,241.222,2.647,52.761,54.761
JY11-4,2301.625,3,149.311,241.346,2.648,51.827,53.794
JY11-4,2301.75,3,148.926,240.264,2.649,51.32,53.245
JY11-4,2301.875,3,153.795,238.648,2.647,48.576,50.225
JY11-4,2302.875,4,154.394,240.498,2.646,46.984,48.664
JY11-4,2303,4,155.773,242.861,2.643,46.056,47.755
JY11-4,2303.125,4,156.869,244.405,2.638,46.237,47.99
JY11-4,2303.875,4,156.614,245.279,2.633,47.388,49.224
JY11-4,2304,4,155.87,245.825,2.627,49.008,50.904
JY11-4,2304.125,4,155.477,245.856,2.622,50.303,52.226
JY11-4,2304.75,3,156.749,245.55,2.619,51.034,52.986
JY11-4,2304.875,3,159.43,245.025,2.619,51.394,53.416
JY11-4,2305,3,161.593,243.657,2.623,52.022,54.177
JY11-4,2305.875,4,160.766,241.068,2.628,53.463,55.837
JY11-4,2306,4,156.531,237.795,2.636,56.054,58.699
JY11-4,2306.125,4,151.433,235.002,2.645,59.161,62.031
JY11-4,2307,4,149.198,233.557,2.652,61.903,64.865
JY11-4,2307.125,4,151.132,234.067,2.652,63.061,65.917
JY11-4,2307.25,4,156.826,236.277,2.647,62.36,65.01
JY11-4,2307.375,5,162.899,239.164,2.64,60.222,62.694
JY11-4,2307.5,5,166.481,241.32,2.636,57.941,60.335
JY11-4,2307.625,5,167.077,242.35,2.634,56.342,58.708
JY11-4,2307.75,5,166.698,242.633,2.634,55.546,57.868
JY11-4,2307.875,5,158.243,241.83,2.632,54.87,57.642
JY11-4,2308,5,154.257,241.027,2.632,54.864,57.668
JY11-4,2308.125,5,152.184,239.881,2.636,55.005,57.779
JY11-4,2308.25,5,149.925,234.669,2.634,56.107,58.73
JY11-4,2308.375,5,152.562,236.069,2.635,54.838,57.383
JY11-4,2308.5,5,154.054,238.551,2.635,53.11,55.676
JY11-4,2308.625,5,156.777,244.683,2.626,50.575,53.509
JY11-4,2308.75,5,159.148,247.228,2.622,50.566,53.669
JY11-4,2308.875,5,161.285,248.519,2.62,51.099,54.285
JY11-4,2309,5,162.185,248.682,2.617,51.535,54.776
JY11-4,2309.125,5,162.264,248.418,2.612,51.674,54.98
JY11-4,2309.25,3,162.393,247.679,2.607,50.937,54.186
JY11-4,2309.375,5,162.331,240.733,2.615,32.954,35.262
JY11-4,2309.875,4,163.005,239.587,2.617,32.547,35.088
JY11-4,2310,4,162.535,239.412,2.617,35.528,38.373
JY11-4,2310.125,4,214.533,249.866,2.645,11.049,11.674
JY11-4,2310.75,4,223.144,246.406,2.649,12.189,13.222
JY11-4,2310.875,4,218.058,241.36,2.652,15.916,17.444
JY11-4,2311,4,170.755,241.451,2.625,44.366,46.099
JY11-4,2311.25,2,170.341,241.65,2.623,39.362,40.455
JY11-4,2311.375,2,170.824,242.07,2.626,31.292,31.885
JY11-4,2311.5,2,172.096,241.975,2.631,23.521,24.045
JY11-4,2311.625,4,173.461,240.528,2.632,18.869,19.601
JY11-4,2311.75,4,175.602,239.085,2.63,18.104,19.136
JY11-4,2311.875,4,178.363,238.04,2.628,20.81,22.109
JY11-4,2312.375,3,179.257,236.032,2.629,25.767,27.234
JY11-4,2312.5,3,177.016,234.305,2.63,31.621,33.077
JY11-4,2312.625,3,172.866,234.067,2.627,36.777,38.059
JY11-4,2313.5,3,169.885,234.033,2.619,40.952,41.982
JY11-4,2313.625,3,163.122,245.269,2.62,28.942,27.965
JY11-4,2313.75,3,164.722,245.513,2.631,19.414,18.653
JY11-4,2314.625,5,165.655,245.628,2.641,13.425,13.052
JY11-4,2314.75,5,163.354,237.989,2.623,6.824,7.307
JY11-4,2314.875,5,163.965,238.676,2.624,11.353,12.251
JY11-4,2315,5,165.205,239.877,2.628,21.747,22.933
JY11-4,2315.125,5,156.273,237.38,2.644,57.838,58.922
JY11-4,2315.25,5,156.191,235.604,2.651,59.21,60.454
JY11-4,2315.375,5,155.07,232.663,2.659,61.137,62.467
JY11-4,2315.5,5,161.454,238.713,2.66,48.49,48.582
JY11-4,2315.625,5,164.328,241.12,2.655,41.379,41.546
JY11-4,2315.75,5,163.985,241.032,2.653,36.285,36.735
JY11-4,2315.875,5,160.193,238.127,2.627,19.094,19.435
JY11-4,2316.75,3,160.856,237.507,2.627,19.799,20.645
JY11-4,2316.875,3,162.622,236.828,2.63,26.301,27.639
JY11-4,2317,3,157.995,243.378,2.641,55.158,57.104
JY11-4,2317.75,3,160.327,243.024,2.633,52.893,54.944
JY11-4,2317.875,3,162.228,240.052,2.628,50.316,52.512
JY11-4,2318,3,169.966,260.624,2.613,40.383,41.802
JY11-4,2318.75,3,167.504,263.382,2.613,41.565,42.776
JY11-4,2318.875,3,166.597,266.186,2.615,39.629,40.422
JY11-4,2319,3,178.419,270.606,2.616,22.04,22.604
JY11-4,2319.625,3,180.344,270.149,2.608,22.133,22.83
JY11-4,2319.75,3,177.43,268.891,2.602,23.445,24.236
JY11-4,2319.875,3,172.414,271.85,2.605,36.761,38.39
JY11-4,2320.875,4,171.81,270.648,2.603,43.757,45.362
JY11-4,2321,4,169.281,269.024,2.602,47.789,49.296
JY11-4,2321.125,4,166.736,266.175,2.605,47.026,48.132
JY11-4,2322.375,3,167.894,266.695,2.602,42.872,43.814
JY11-4,2322.5,3,168.561,267.001,2.599,38.809,39.749
JY11-4,2322.625,3,169.127,267.728,2.618,48.329,50.381
JY11-4,2323.875,3,168.774,267.358,2.609,49.987,52.186
JY11-4,2324,3,166.464,266.161,2.598,52.285,54.659
JY11-4,2324.125,3,163.085,263.835,2.591,54.832,57.323
JY11-4,2324.625,4,163.573,263.887,2.593,53.457,55.863
JY11-4,2324.75,4,164.119,264.41,2.594,51.013,53.338
JY11-4,2324.875,4,164.015,264.835,2.592,48.949,51.345
JY11-4,2326.125,4,163.905,264.559,2.592,48.332,51.018
JY11-4,2326.25,4,164.123,263.51,2.596,49.996,53.146
JY11-4,2326.375,4,163.809,262.657,2.606,53.072,56.707
JY11-4,2327,3,163.1,262.497,2.614,56.227,60.3
JY11-4,2327.125,3,162.834,262.397,2.613,58.156,62.6
JY11-4,2327.25,3,165.279,262.636,2.593,58.955,63.852
JY11-4,2328.125,3,166.6,262.389,2.584,59.078,64.111
JY11-4,2328.25,3,167.408,261.522,2.577,59.758,64.965
JY11-4,2328.375,3,175.077,263.683,2.571,57.561,63.174
JY11-4,2328.625,6,176.341,264.705,2.57,56.099,61.563
JY11-4,2328.75,6,178.067,266.093,2.57,55.114,60.426
JY11-4,2328.875,6,179.01,270.227,2.57,57.272,62.123
JY11-4,2329,6,180.449,270.77,2.567,58.48,63.393
JY11-4,2329.125,6,180.047,269.798,2.566,59.336,64.012
JY11-4,2329.25,6,198.448,270.63,2.587,20.327,21.352
JY11-4,2329.375,6,206.855,268.563,2.594,17.846,18.939
JY11-4,2329.5,6,216.506,266.748,2.601,17.768,19.004
JY11-4,2329.625,6,181.873,255.288,2.586,35.717,37.162
JY11-4,2329.875,3,184.478,253.087,2.585,31.779,32.445
JY11-4,2330,3,194.863,254.481,2.585,23.734,23.755
JY11-4,2330.125,3,206.087,271.189,2.603,22.412,23.866
JY11-4,2330.875,3,205.397,271.861,2.601,29.401,30.753
JY11-4,2331,3,207.143,272.663,2.598,32.207,33.276
JY11-4,2331.125,3,196.362,260.902,2.607,28.929,29.71
JY11-4,2332.5,3,192.422,257.624,2.613,27.793,28.719
JY11-4,2332.625,3,188.826,253.416,2.617,28.461,29.684
JY11-4,2332.75,3,179.002,243.366,2.616,41.667,43.349
JY11-4,2333.375,3,177.646,242.935,2.619,43.69,45.15
JY11-4,2333.5,3,178.672,244.103,2.619,42.881,44.086
JY11-4,2333.625,3,179.444,240.697,2.617,49.075,51.63
JY11-4,2334.375,3,182.431,239.975,2.617,50.94,53.735
JY11-4,2334.5,3,182.045,239.408,2.617,51.198,54.219
JY11-4,2334.625,3,172.97,234.333,2.635,68.253,73.854
JY11-4,2335.375,4,173.468,233.847,2.627,68.931,74.543
JY11-4,2335.5,4,173.38,236.201,2.612,65.47,70.568
JY11-4,2335.625,4,166.064,241.368,2.588,46.385,49.247
JY11-4,2336.5,3,170.419,240.527,2.586,41.008,43.707
JY11-4,2336.625,3,172.534,239.605,2.583,38.809,41.292
JY11-4,2336.75,3,198.556,253.737,2.617,20.998,22.306
JY11-4,2337.125,3,197.41,253.592,2.614,23.697,25.396
JY11-4,2337.25,3,192.841,251.304,2.611,28.091,30.067
JY11-4,2337.375,3,187.372,242.073,2.595,57.087,61.953
JY11-4,2338.25,5,191.513,243.541,2.584,68.476,73.993
JY11-4,2338.375,5,195.9,245.708,2.573,74.987,80.62
JY11-4,2338.5,5,202.469,252.7,2.572,60.377,64.338
JY11-4,2339.625,3,200.515,251.951,2.569,64.857,69.131
JY11-4,2339.75,3,200.661,251.757,2.567,70.815,75.322
JY11-4,2339.875,3,203.276,256.572,2.572,29.508,31.547
JY11-4,2341.25,3,202.268,255.609,2.569,36.037,38.781
JY11-4,2341.375,3,198.601,254.336,2.567,44.653,47.934
JY11-4,2341.5,3,192.571,252.486,2.561,51.557,55.041
JY11-4,2342.125,3,196.875,253.184,2.558,50.209,53.468
JY11-4,2342.25,3,201.49,254.494,2.557,47.999,50.771
JY11-4,2342.375,3,204.439,255.558,2.56,43.716,45.95
JY11-4,2343.125,3,204.158,255.435,2.563,38.409,40.307
JY11-4,2343.25,3,199.854,253.041,2.566,34.831,36.805
JY11-4,2343.375,3,191.476,248.557,2.569,34.969,37.44
JY11-4,2344.25,3,182.745,245.123,2.572,39.639,42.904
JY11-4,2344.375,3,177.904,244.055,2.576,46.609,50.536
JY11-4,2344.5,3,180.647,244.524,2.577,51.56,55.708
JY11-4,2345.375,3,189.015,246.284,2.578,51.84,55.787
JY11-4,2345.5,3,200.906,249.611,2.585,41.945,45.122
JY11-4,2345.625,3,196.245,248.016,2.591,39.857,42.869
JY11-4,2346,6,191.263,247.132,2.597,38.237,41.048
JY11-4,2346.125,6,206.914,252.55,2.583,39.912,43.553
JY11-4,2346.25,6,207.291,251.464,2.577,47.449,51.857
JY11-4,2346.375,6,203.996,248.337,2.574,53.598,58.121
JY11-4,2346.5,6,203.621,256.037,2.543,24.716,26.686
JY11-4,2346.625,6,203.081,256.178,2.547,30.018,32.96
JY11-4,2346.75,6,201.408,256.412,2.547,39.541,43.559
JY11-4,2346.875,6,195.862,257.427,2.532,40.22,43.864
JY11-4,2347,6,193.378,257.677,2.533,38.913,42.416
JY11-4,2347.125,6,195.024,257.572,2.532,38.264,41.652
JY11-4,2347.25,6,172.133,249.371,2.538,50.098,53.696
JY11-4,2347.625,3,174.314,249.049,2.543,42.804,45.794
JY11-4,2347.75,3,175.692,247.99,2.544,39.105,42.145
JY11-4,2347.875,3,167.934,246.477,2.543,60.53,65.546
JY11-4,2348.5,3,171.757,245.444,2.531,60.197,64.608
JY11-4,2348.625,3,176.881,244.913,2.52,53.886,56.911
JY11-4,2348.75,3,197.305,245.833,2.505,13.949,15.203
JY11-4,2350.125,3,196.232,247.136,2.504,16.173,17.564
JY11-4,2350.25,3,196.303,249.751,2.507,18.933,20.668
JY11-4,2350.375,3,216.699,251.314,2.487,88.46,96.385
JY11-4,2351.125,3,218.656,252.587,2.491,80.486,87.231
JY11-4,2351.25,3,217.274,253.937,2.496,69.349,74.48
JY11-4,2351.375,3,337.253,264.497,2.477,25.895,28.792
JY11-4,2352.25,3,356.106,258.039,2.472,35.627,39.363
JY11-4,2352.375,3,343.032,246.535,2.488,43.925,48.038
JY11-4,2352.5,3,195.852,257.657,2.524,11.656,12.511
JY11-4,2353.25,3,190.887,255.75,2.511,13.055,14.354
JY11-4,2353.375,3,183.363,250.557,2.503,18.899,20.739
JY11-4,2353.5,3,180.706,244.078,2.519,28.232,30.898
JY11-4,2354.375,3,177.142,245.377,2.508,33.329,36.746
JY11-4,2354.5,3,181.327,246.697,2.499,40.489,44.516
JY11-4,2354.625,3,181.015,252.122,2.498,49.113,53.399
JY11-4,2355.625,3,174.749,249.314,2.498,50.362,54.643
JY11-4,2355.75,3,166.82,247.208,2.495,51.773,56.024
JY11-4,2355.875,3,120.891,258.705,2.56,15.749,15.442
JY11-4,2356.75,3,123.442,260.115,2.56,11.961,11.629
JY11-4,2356.875,3,130.404,263.127,2.555,8.598,8.435
JY11-4,2357,3,177.772,282.766,2.543,21.49,22.612
JY41-5,2494.5,4,165.888,238.551,2.742,36.016,35.941
JY41-5,2494.625,4,164.232,238.706,2.745,35.66,35.624
JY41-5,2496.625,3,164.439,238.303,2.723,37.91,35.192
JY41-5,2496.75,3,165.382,240.761,2.731,36.687,34.052
JY41-5,2496.875,3,165.65,242.55,2.738,35.682,33.146
JY41-5,2502.25,1,170.613,233.924,2.718,40.182,37.677
JY41-5,2502.375,1,166.583,232.456,2.712,41.119,38.387
JY41-5,2502.5,1,160.729,231.785,2.707,41.041,38.044
JY41-5,2502.625,1,158.16,232.531,2.704,39.762,36.614
JY41-5,2503.375,1,171.199,242.725,2.726,31.972,29.535
JY41-5,2503.5,1,174.744,243.383,2.734,30.969,28.622
JY41-5,2503.625,1,176.548,244.149,2.736,30.018,27.765
JY41-5,2508,1,89.398,198.598,2.66,431.399,390.261
JY41-5,2508.125,1,90.29,198.407,2.665,385.632,349.227
JY41-5,2508.25,1,90.675,198.382,2.666,341.263,309.408
JY41-5,2508.375,1,90.239,198.727,2.664,296.333,269.286
JY41-5,2508.5,1,90.293,199.637,2.662,257.244,235.017
JY41-5,2508.625,1,92.36,200.983,2.661,233.623,215.096
JY41-5,2508.75,1,95.2,202.542,2.661,230.548,213.995
JY41-5,2508.875,1,95.399,203.84,2.658,248.694,232.745
JY41-5,2509,1,92.413,204.339,2.655,289.88,273.208
JY41-5,2509.125,1,88.891,203.738,2.649,355.544,336.208
JY41-5,2509.25,1,86.698,202.094,2.643,433.505,410.099
JY41-5,2509.375,1,85.319,199.835,2.638,519.287,490.864
JY41-5,2509.5,1,84.053,197.367,2.633,618.275,582.481
JY41-5,2509.625,1,83.363,195.333,2.626,712.277,666.562
JY41-5,2509.75,1,84.698,194.182,2.616,761.528,706.309
JY41-5,2509.875,1,88.621,194.229,2.606,727.02,668.221
JY41-5,2510,1,94.56,195.297,2.599,641.64,585.341
JY41-5,2510.125,1,101.495,197.098,2.594,547.663,497.231
JY41-5,2510.25,1,107.449,199.423,2.587,478.468,434.158
JY41-5,2510.375,1,111.332,201.981,2.576,445.745,406.16
JY41-5,2510.5,1,111.996,204.724,2.568,463.516,425.32
JY41-5,2510.625,1,108.866,207.803,2.569,541.667,500.164
JY41-5,2510.75,1,102.677,211.188,2.577,694.131,643.231
JY41-5,2510.875,1,95.448,214.656,2.583,939.022,868.126
JY41-5,2511,1,89.072,217.661,2.579,1210.787,1109.881
JY41-5,2511.125,1,84.427,219.639,2.567,1406.589,1274.164
JY41-5,2511.25,1,83.135,219.946,2.553,1413.531,1262.83
JY41-5,2511.375,1,86.135,218.708,2.542,1234.17,1086.19
JY41-5,2511.5,1,93.129,217.077,2.538,909.025,786.498
JY41-5,2511.625,1,102.801,216.58,2.545,541.507,459.592
JY41-5,2511.75,1,116.386,218.187,2.563,251.589,208.525
JY41-5,2511.875,1,136.575,222.339,2.591,99.961,81.616
JY41-5,2512,1,160.315,229.064,2.624,51.231,42.334
JY41-5,2512.125,1,180.526,236.33,2.66,36.883,30.975
JY41-5,2512.25,1,188.658,242.226,2.693,31.874,27.178
JY41-5,2512.375,1,187.331,245.357,2.719,30.915,26.672
JY41-5,2512.5,1,182.253,246.017,2.737,32.286,27.985
JY41-5,2512.625,1,177.715,244.469,2.749,34.92,30.307
JY41-5,2512.75,1,173.028,241.397,2.756,38.647,33.624
JY41-5,2512.875,1,167.059,237.604,2.757,44.293,38.644
JY41-5,2514.125,1,149.036,219.814,2.697,64.661,53.275
JY41-5,2514.25,1,149.769,222.147,2.701,62.558,51.418
JY41-5,2514.375,1,149.604,223.473,2.704,60.834,49.625
JY41-5,2514.5,1,149.746,224.726,2.703,57.022,46.083
JY41-5,2514.625,1,151.69,226.732,2.699,50.716,40.666
JY41-5,2514.75,1,156.551,230.062,2.696,43.779,34.994
JY41-5,2516,1,179.744,241.529,2.721,41.156,33.093
JY41-5,2516.125,1,176.27,238.953,2.718,44.236,35.401
JY41-5,2516.25,1,171.798,236.415,2.714,46.949,37.357
JY41-5,2516.375,1,168.34,234.147,2.711,48.653,38.518
JY41-5,2517.375,1,67.229,194.375,2.721,983.152,902.488
JY41-5,2517.5,1,57.202,187.77,2.721,1262.004,1148.016
JY41-5,2517.625,1,54.608,183.86,2.72,1277.254,1156.172
JY41-5,2518,1,59.953,186.926,2.683,1099.338,1009.13
JY41-5,2518.125,1,60.121,189.957,2.667,1263.724,1155.229
JY41-5,2518.25,1,60.273,192.652,2.651,1413.136,1271.571
JY41-5,2518.375,1,61.048,194.865,2.634,1419.704,1248.492
JY41-5,2518.5,1,62.489,196.416,2.621,1232.158,1054.409
JY41-5,2518.625,1,64.5,197.491,2.614,931.813,776.592
JY41-5,2518.75,1,68.112,199.014,2.608,616.569,501.98
JY41-5,2518.875,1,77.557,201.797,2.604,353.4,282.314
JY41-5,2519,1,95.925,206.39,2.609,172.146,134.902
JY41-5,2519.125,1,122.782,212.937,2.628,77.845,60.418
JY41-5,2519.25,1,150.702,221.363,2.661,47.696,37.431
JY41-5,2519.375,1,172.899,230.303,2.693,36.508,29.039
JY41-5,2519.5,1,186.824,238.368,2.714,32.169,25.914
JY41-5,2519.625,1,194.064,244.451,2.721,30.961,25.197
JY41-5,2519.75,1,196.473,248.338,2.723,31.046,25.477
JY41-5,2519.875,1,195.612,250.147,2.727,31.804,26.292
JY41-5,2520,1,193.074,250.169,2.729,33.009,27.444
JY41-5,2520.125,4,188.447,249.275,2.725,34.515,28.796
JY41-5,2520.25,4,181.884,247.823,2.716,36.195,30.262
JY41-5,2521,4,174.907,238.665,2.703,40.163,33.995
JY41-5,2521.125,4,176.183,238.368,2.7,39.414,33.401
JY41-5,2521.25,4,177.935,238.672,2.702,38.281,32.521
JY41-5,2522.125,4,181.222,242.698,2.709,35.557,29.935
JY41-5,2522.25,4,184.508,243.803,2.704,29.618,24.775
JY41-5,2522.375,4,187.919,245.654,2.699,23.136,19.484
JY41-5,2523.25,4,189.081,253.41,2.716,31.594,26.823
JY41-5,2523.375,4,191.613,253.397,2.718,29.421,25.062
JY41-5,2523.5,4,194.113,253.462,2.716,28.056,24.03
JY41-5,2524.25,4,186.462,254.463,2.701,34.942,30.101
JY41-5,2524.375,4,183.164,254.525,2.709,34.494,29.981
JY41-5,2524.5,4,182.628,254.347,2.72,34.154,29.949
JY41-5,2525.125,4,174.938,251.576,2.703,33.351,30.595
JY41-5,2525.25,4,175.701,251.445,2.705,33.169,30.517
JY41-5,2525.375,4,176.596,251.55,2.71,33.04,30.474
JY41-5,2526.125,4,178.725,254.019,2.728,25.803,24.118
JY41-5,2526.25,4,180.339,254.521,2.731,24.605,23.192
JY41-5,2526.375,4,183.28,255.012,2.735,24.68,23.443
JY41-5,2527.125,4,181.617,255.457,2.72,31.366,29.803
JY41-5,2527.25,4,179.41,254.761,2.716,31.51,29.965
JY41-5,2527.375,4,177.695,253.873,2.715,31.055,29.561
JY41-5,2528,4,178.108,250.025,2.723,24.481,24.091
JY41-5,2528.125,4,175.971,249.991,2.719,26.513,26.104
JY41-5,2528.25,4,175.205,250.204,2.714,28.936,28.348
JY41-5,2528.875,4,182.537,249.494,2.716,32.001,31.152
JY41-5,2529,4,178.026,248.254,2.714,32.878,31.96
JY41-5,2529.125,4,172.929,246.999,2.718,33.263,32.248
JY41-5,2529.75,4,179.54,247.462,2.726,29.011,27.889
JY41-5,2529.875,4,180.642,248.073,2.725,29.633,28.449
JY41-5,2530,4,180.674,248.408,2.723,30.66,29.36
JY41-5,2530.625,4,178.624,249.629,2.731,32.51,30.898
JY41-5,2530.75,4,177.418,250.406,2.728,32.444,30.772
JY41-5,2530.875,4,177.107,251.216,2.727,32.223,30.511
JY41-5,2531.375,4,184.077,252.736,2.717,30.965,29.496
JY41-5,2531.5,4,184.536,252.677,2.715,30.845,29.403
JY41-5,2531.625,4,185.313,252.583,2.718,30.817,29.349
JY41-5,2532.375,4,181.358,253.602,2.726,30.6,29.105
JY41-5,2532.5,4,178.836,253.917,2.729,30.523,28.998
JY41-5,2532.625,4,177.019,254.249,2.732,30.435,28.873
JY41-5,2533.25,4,176.368,255.209,2.748,30.695,29.215
JY41-5,2533.375,4,178.819,255.004,2.746,29.364,27.738
JY41-5,2533.5,4,180.659,254.698,2.742,25.719,24.131
JY41-5,2534,4,187.24,253.679,2.742,15.809,15.461
JY41-5,2534.125,4,186.378,253.541,2.733,18.956,18.604
JY41-5,2534.25,4,183.233,253.293,2.724,23.895,23.251
JY41-5,2534.875,4,177.201,251.546,2.725,30.864,29.101
JY41-5,2535,4,174.544,252.181,2.721,27.992,26.259
JY41-5,2535.125,4,173.179,253.212,2.714,24.077,22.567
JY41-5,2535.875,4,182.827,255.4,2.699,31.094,29.593
JY41-5,2536,4,181.282,254.563,2.699,33.002,31.154
JY41-5,2536.125,4,181.363,253.808,2.696,33.177,31.151
JY41-5,2536.875,4,190.692,257.522,2.693,27.333,25.574
JY41-5,2537,4,193.229,258.335,2.695,27.467,25.742
JY41-5,2537.125,4,194.289,258.538,2.695,28.017,26.251
JY41-5,2537.875,4,188.411,253.603,2.716,23.773,22.123
JY41-5,2538,4,187.172,253.741,2.717,25.34,23.34
JY41-5,2538.125,4,187.972,254.11,2.715,25.316,22.905
JY41-5,2538.875,4,186.225,259.364,2.715,11.955,11.503
JY41-5,2539,4,189.167,259.999,2.706,15.535,14.715
JY41-5,2539.125,4,190.624,260.012,2.696,17.626,16.45
JY41-5,2540,4,186.347,258.339,2.706,22.065,20.729
JY41-5,2540.125,4,185.876,258.724,2.702,24.283,22.799
JY41-5,2540.25,4,182.737,259.065,2.699,26.337,24.566
JY41-5,2541.5,4,198.955,259.219,2.71,38.876,35.996
JY41-5,2541.625,4,195.759,259.344,2.709,39.047,36.041
JY41-5,2541.75,4,193.833,259.454,2.709,38.665,35.568
JY41-5,2542.625,4,213.597,257.861,2.691,20.896,19.16
JY41-5,2542.75,4,213.005,257.608,2.684,19.837,18.126
JY41-5,2542.875,4,211.356,257.574,2.675,18.55,16.976
JY41-5,2543.375,4,208.361,259.004,2.651,15.188,13.415
JY41-5,2543.5,4,207.693,259.275,2.645,11.56,10.17
JY41-5,2543.625,4,204.293,259.335,2.643,8.619,7.795
JY41-5,2544.375,4,193.576,255.294,2.67,32.334,30.398
JY41-5,2544.5,4,190.745,255.548,2.675,31.991,29.942
JY41-5,2544.625,4,187.679,256.479,2.679,30.246,28.209
JY41-5,2545.25,4,181.529,261.384,2.661,26.11,24.679
JY41-5,2545.375,4,183.592,261.623,2.664,28.722,26.93
JY41-5,2545.5,4,185.671,261.727,2.666,29.283,27.162
JY41-5,2546,4,186.347,258.892,2.645,15.716,14.727
JY41-5,2546.125,4,188.056,257.383,2.64,15.966,15.191
JY41-5,2546.25,4,189.358,255.968,2.64,18.051,17.368
JY41-5,2547,4,189.517,252.368,2.656,49.644,46.207
JY41-5,2547.125,4,185.922,251.095,2.661,41.697,38.467
JY41-5,2547.25,4,182.934,249.675,2.664,31.787,29.222
JY41-5,2548,4,187.422,254.492,2.673,36.673,35.067
JY41-5,2548.125,4,191.494,258.258,2.672,38.908,37.162
JY41-5,2548.25,4,196.788,262.074,2.67,39.565,37.804
JY41-5,2548.875,4,209.681,268.286,2.661,37.134,35.233
JY41-5,2549,4,226.167,272.177,2.628,19.643,18.635
JY41-5,2549.125,4,227.265,272.069,2.622,16.357,15.747
JY41-5,2550,5,224.231,271.349,2.617,15.604,15.272
JY41-5,2550.125,5,211.656,260.947,2.586,55.965,55.016
JY41-5,2550.25,5,209.697,258.875,2.594,62.139,60.999
JY41-5,2551,4,203.426,255.842,2.614,66.853,65.524
JY41-5,2551.125,4,196.786,251.406,2.612,59.811,57.763
JY41-5,2551.25,4,202.558,255.024,2.598,54.222,51.898
JY41-5,2552.125,4,205.121,258.064,2.595,45.413,43.013
JY41-5,2552.25,4,236.308,262.619,2.651,28.567,26.574
JY41-5,2552.375,4,238.167,263.646,2.653,23.686,21.617
JY41-5,2553.25,4,233.436,264.675,2.649,17.091,15.461
JY41-5,2553.375,4,189.345,266.035,2.69,32.813,30.254
JY41-5,2553.5,4,194.573,267.743,2.686,25.437,23.231
JY41-5,2554,4,202.383,269.929,2.681,18.681,17.12
JY41-5,2554.125,4,201.701,274.962,2.66,18.336,17.153
JY41-5,2554.25,4,199.152,275.312,2.656,19.45,18.061
JY41-5,2554.5,4,200.275,275.912,2.654,19.369,17.974
JY41-5,2554.625,4,210.141,277.714,2.651,19.101,17.891
JY41-5,2554.75,4,214.849,278.49,2.649,19.229,17.997
JY41-5,2556,4,215.899,278.956,2.648,19.027,17.758
JY41-5,2556.125,4,203.313,275.996,2.65,32.877,30.394
JY41-5,2556.25,4,207.325,276.358,2.65,32.952,30.452
JY41-5,2556.875,6,208.796,277.032,2.649,32.608,30.15
JY41-5,2557,6,206.54,275.696,2.669,32.565,30.252
JY41-5,2557.125,5,211.89,275.105,2.669,32.826,30.509
JY41-5,2557.25,6,216.394,274.662,2.667,33.005,30.588
JY41-5,2557.375,6,219.059,273.804,2.663,31.896,29.355
JY41-5,2557.5,6,221.301,272.217,2.658,28.397,25.918
JY41-5,2557.625,6,222.288,269.969,2.659,22.878,20.826
JY41-5,2557.75,6,219.019,267.53,2.669,17.839,16.36
JY41-5,2557.875,6,212.127,265.33,2.686,15.046,14.031
JY41-5,2558,6,206.949,263.805,2.696,15.208,14.427
JY41-5,2558.125,6,204.513,262.725,2.695,18.369,17.575
JY41-5,2558.25,6,200.94,261.501,2.691,24.682,23.527
JY41-5,2558.375,6,193.492,259.639,2.696,31.811,30.005
JY41-5,2558.5,6,185.071,257.583,2.707,36.339,33.871
JY41-5,2558.625,6,182.01,256.205,2.718,35.468,32.706
JY41-5,2558.75,6,185.571,256.586,2.719,30.717,28.14
JY41-5,2558.875,6,194.44,258.898,2.71,25.087,23.001
JY41-5,2559,6,204.926,262.689,2.691,21.38,19.789
JY41-5,2559.125,4,213.233,266.65,2.67,20.124,18.838
JY41-5,2559.25,4,216.993,269.823,2.652,21.055,19.86
JY41-5,2560,4,217.087,271.58,2.641,23.626,22.322
JY41-5,2560.125,4,201.586,269.349,2.663,31.048,28.722
JY41-5,2560.25,4,203.269,268.205,2.666,29.168,26.831
JY41-5,2561,4,203.825,266.862,2.669,26.296,24.137
JY41-5,2561.125,4,199.503,263.025,2.675,24.466,22.568
JY41-5,2561.25,4,201.476,263.584,2.67,24.772,22.627
JY41-5,2562,4,202.295,264.03,2.671,23.02,20.878
JY41-5,2562.125,4,199.093,261.659,2.681,30.383,28.189
JY41-5,2562.25,4,196.023,259.733,2.665,32.245,29.722
JY41-5,2563,3,193.823,256.777,2.648,31.866,29.372
JY41-5,2563.125,3,204.875,234.661,2.65,38.067,36.184
JY41-5,2563.25,3,200.661,233.046,2.654,42.344,40.421
JY41-5,2563.75,3,192.464,231.648,2.66,49.387,47.151
JY41-5,2563.875,3,158.541,229.975,2.672,65.515,61.835
JY41-5,2564,3,155.52,230.674,2.678,65.196,61.541
JY41-5,2564.75,3,155.098,231.303,2.685,64.781,61.142
JY41-5,2564.875,3,159.902,234.444,2.679,59.074,55.94
JY41-5,2565,3,160.393,236.269,2.674,58.538,55.428
JY41-5,2566,4,160.523,238.058,2.671,58.196,55.113
JY41-5,2566.125,4,172.429,243.33,2.646,56.069,54.162
JY41-5,2566.25,4,174.058,242.662,2.641,56.305,54.41
JY41-5,2566.625,4,174.191,242.049,2.638,56.226,54.298
JY41-5,2566.75,4,171.805,242.13,2.63,55.951,54.36
JY41-5,2566.875,4,171.844,242.635,2.633,56.758,55.217
JY41-5,2567.625,3,172.628,243.134,2.633,57.152,55.571
JY41-5,2567.75,3,164.314,244.245,2.65,46.486,45.144
JY41-5,2567.875,3,164.189,244.276,2.647,48.031,46.725
JY41-5,2568.625,3,164.181,244.227,2.644,50.365,48.991
JY41-5,2568.75,3,181.129,245.416,2.628,20.902,19.428
JY41-5,2568.875,3,181.484,244.744,2.625,17.789,16.957
JY41-5,2570,3,179.584,243.47,2.618,19.879,19.28
JY41-5,2570.125,3,194.686,237.19,2.644,47.294,44.964
JY41-5,2570.25,3,185.233,236.344,2.652,48.076,45.378
JY41-5,2571.25,4,178.96,235.445,2.658,45.639,42.764
JY41-5,2571.375,4,164.553,231.103,2.691,45.439,42.176
JY41-5,2571.5,4,167.477,233.485,2.684,45.676,42.095
JY41-5,2572.125,4,171.507,235.824,2.676,43.489,39.985
JY41-5,2572.25,4,178.792,241.142,2.635,39.187,34.177
JY41-5,2572.375,4,180.409,241.286,2.633,28.749,24.53
JY41-5,2573,4,180.39,241.186,2.64,17.231,14.674
JY41-5,2573.125,4,179.445,238.496,2.636,41.292,38.396
JY41-5,2573.25,4,175.719,238.031,2.635,49.027,45.041
JY41-5,2574.125,3,171.511,237.796,2.637,51.817,47.384
JY41-5,2574.25,3,169.824,239.641,2.644,61.463,56.578
JY41-5,2574.375,3,165.928,239.22,2.642,54.998,50.404
JY41-5,2575.75,3,162.779,238.511,2.64,46.43,42.529
JY41-5,2575.875,3,178.003,235.485,2.65,55.844,52.091
JY41-5,2576,3,174.519,235.679,2.648,60.821,56.72
JY41-5,2576.375,5,169.647,235.154,2.653,64.783,59.97
JY41-5,2576.5,5,166.337,233.593,2.664,40.729,36.368
JY41-5,2576.625,5,166.2,234.225,2.66,27.373,24.518
JY41-5,2577.375,3,166.478,235.434,2.656,20.097,18.435
JY41-5,2577.5,3,173.285,240.015,2.626,58.678,55.878
JY41-5,2577.625,3,172.173,239.874,2.622,59.07,56.92
JY41-5,2578.375,3,170.322,239.725,2.623,58.83,57.329
JY41-5,2578.5,3,176.621,242.061,2.624,56.245,54.601
JY41-5,2578.625,3,175.189,242.531,2.617,53.262,51.606
JY41-5,2579.375,3,172.771,242.4,2.62,50.912,49.298
JY41-5,2579.5,3,172.552,243.682,2.634,49.831,47.518
JY41-5,2579.625,3,182.054,245.784,2.632,46.198,44.045
JY41-5,2580.125,3,188.941,247.3,2.637,44.63,42.717
JY41-5,2580.25,3,173.683,247.552,2.64,49.259,46.669
JY41-5,2580.375,3,170.007,248.977,2.646,45.211,42.651
JY41-5,2581,4,171.452,251.371,2.65,40.642,38.276
JY41-5,2581.125,4,188.632,258.277,2.633,33.174,30.865
JY41-5,2581.25,4,185.84,258.119,2.631,31.475,28.766
JY41-5,2582.125,4,182.989,258.343,2.628,26.365,23.609
JY41-5,2582.25,4,188.116,261.861,2.618,42.117,40.648
JY41-5,2582.375,4,183.574,260.598,2.616,49.902,47.579
JY41-5,2583,3,177.455,259.094,2.616,52.99,49.963
JY41-5,2583.125,3,174.52,258.302,2.601,15.007,13.695
JY41-5,2583.25,3,176.783,260.133,2.602,13.05,12.426
JY41-5,2584,3,181.318,262.086,2.604,16.678,16.301
JY41-5,2584.125,3,173.995,259.973,2.638,54.703,51.617
JY41-5,2584.25,3,169.614,258.43,2.639,55.325,52.101
JY41-5,2584.875,3,168.014,257.437,2.633,54.668,51.34
JY41-5,2585,3,183.465,259.502,2.607,45.649,43.133
JY41-5,2585.125,3,181.611,259.835,2.605,46.683,44.31
JY41-5,2585.875,3,178.709,260.021,2.602,48.949,46.669
JY41-5,2586,3,175.467,257.939,2.587,64.355,61.872
JY41-5,2586.125,3,175.689,257.554,2.585,63.545,61.178
JY41-5,2586.875,4,177.12,257.844,2.581,62.373,60.149
JY41-5,2587,4,172.485,255.594,2.608,61.57,61.454
JY41-5,2587.125,4,175.887,254.226,2.612,61.816,61.551
JY41-5,2587.5,3,178.931,253.753,2.607,61.299,60.897
JY41-5,2587.625,3,174.865,255.242,2.579,58.543,57.912
JY41-5,2587.75,3,177.89,255.735,2.579,58.425,57.719
JY41-5,2588.25,3,182.521,255.841,2.581,58.208,57.518
JY41-5,2588.375,3,182.611,256.147,2.573,54.634,54.7
JY41-5,2588.5,3,182.077,256.884,2.574,54.337,54.405
JY41-5,2589.25,5,184.195,257.827,2.573,54.333,54.305
JY41-5,2589.375,5,180.289,260.049,2.6,55.474,54.724
JY41-5,2589.5,5,187.911,260.764,2.595,56.024,55.07
JY41-5,2590,3,196.425,261.303,2.587,56.875,55.663
JY41-5,2590.125,3,199.122,263.684,2.577,42.431,39.265
JY41-5,2590.25,3,203.248,265.595,2.584,28.566,26.018
JY41-5,2590.75,3,207.846,267.631,2.6,17.94,16.413
JY41-5,2590.875,3,206.391,265.292,2.613,29.025,28.427
JY41-5,2591,3,206.396,263.224,2.602,35.667,34.534
JY41-5,2591.5,4,208.832,261.939,2.598,38.248,36.723
JY41-5,2591.625,4,224.591,264.146,2.609,33.9,31.998
JY41-5,2591.75,4,221.792,263.805,2.61,31.016,28.985
JY41-5,2592.125,4,219.453,262.434,2.611,26.812,24.885
JY41-5,2592.25,4,206.544,253.336,2.638,23.082,22.022
JY41-5,2592.375,4,198.637,250.072,2.648,27.765,26.627
JY41-5,2592.875,3,192.166,247.448,2.651,33.896,32.371
JY41-5,2593,3,197.125,244.679,2.624,28.066,25.597
JY41-5,2593.125,3,196.612,244.407,2.625,21.835,19.99
JY41-5,2594,5,193.395,243.562,2.629,18.517,17.282
JY41-5,2594.125,5,204.756,239.814,2.612,57.41,55.1
JY41-5,2594.25,5,205.576,240.681,2.614,59.195,56.968
JY41-5,2594.875,5,202.104,241.135,2.622,63.205,60.799
JY41-5,2595,5,199.093,237.712,2.612,41.81,39.565
JY41-5,2595.125,6,198.877,236.745,2.609,39.524,38.046
JY41-5,2595.25,6,198.393,235.695,2.607,42.874,42.096
JY41-5,2595.375,6,198.058,234.842,2.608,50.249,49.957
JY41-5,2595.5,6,195.853,234.401,2.616,57.622,57.385
JY41-5,2595.625,6,192.33,234.634,2.627,61.121,60.599
JY41-5,2595.75,6,189.898,235.71,2.634,60.225,59.358
JY41-5,2595.875,6,189.222,237.568,2.628,57.198,56.035
JY41-5,2596,6,188.601,239.631,2.616,53.036,51.561
JY41-5,2596.125,6,186.891,241.517,2.606,46.502,44.768
JY41-5,2596.25,6,185.888,242.971,2.609,37.646,35.947
JY41-5,2596.375,6,187.297,243.876,2.618,29.087,27.757
JY41-5,2596.5,6,190.715,244.091,2.626,23.758,22.94
JY41-5,2596.625,6,192.871,243.622,2.622,23.246,22.936
JY41-5,2596.875,3,191.861,242.734,2.611,28.818,28.971
JY41-5,2597,3,182.962,240.586,2.588,56.746,56.718
JY41-5,2597.125,3,178.033,239.958,2.586,65.71,64.784
JY41-5,2597.5,3,174.576,239.94,2.589,62.408,60.685
JY41-5,2597.625,3,176.678,241.866,2.592,37.334,36.182
JY41-5,2597.75,3,177.352,242.261,2.591,40.362,39.382
JY41-5,2598,3,177.064,242.365,2.589,46.892,45.505
JY41-5,2598.125,3,179.621,242.955,2.588,44.843,42.234
JY41-5,2598.25,3,186.635,243.763,2.594,33.346,31.058
JY41-5,2599,3,197.623,244.817,2.61,22.735,21.26
JY41-5,2599.125,3,189.561,243.856,2.621,25.713,24.07
JY41-5,2599.25,3,190.65,242.753,2.623,21.496,20.208
JY41-5,2600.125,3,192.043,241.893,2.627,20.003,19.204
JY41-5,2600.25,3,215.668,244.925,2.561,66.018,64.055
JY41-5,2600.375,3,218.968,245.006,2.562,65.471,63.408
JY41-5,2601.25,3,221.128,245.276,2.561,64.574,62.297
JY41-5,2601.375,3,208.536,244.58,2.554,27.313,26.861
JY41-5,2601.5,3,204.895,244.382,2.559,37.564,36.869
JY41-5,2602.125,3,201.955,244.504,2.565,46.079,44.547
JY41-5,2602.25,3,215.49,246.738,2.572,21.219,20.791
JY41-5,2602.375,3,215.713,246.327,2.558,28.301,28.051
JY41-5,2602.875,3,212.872,245.661,2.549,38.688,38.304
JY41-5,2603,3,199.345,245.908,2.55,53.948,53.105
JY41-5,2603.125,3,202.089,246.521,2.544,54.892,53.899
JY41-5,2603.375,3,206.246,246.97,2.542,55.459,54.024
JY41-5,2603.5,3,211.898,247.156,2.55,43.035,40.921
JY41-5,2603.625,3,211.615,246.821,2.555,31.098,29.406
JY41-5,2604.625,3,209.679,245.937,2.559,21.955,20.973
JY41-5,2604.75,3,207.178,242.944,2.557,52.464,50.98
JY41-5,2604.875,3,215.454,243.753,2.556,41.459,39.871
JY41-5,2605.625,3,221.195,243.723,2.564,31.353,30.042
JY41-5,2605.75,3,214.896,241.951,2.571,37.438,35.923
JY41-5,2605.875,3,212.919,242.216,2.573,29.747,28.109
JY41-5,2606.625,3,215.747,242.794,2.575,20.804,19.578
JY41-5,2606.75,3,230.913,249.027,2.549,22.545,21.963
JY41-5,2606.875,3,227.116,249.364,2.549,21.062,20.479
JY41-5,2607.625,3,224.172,249.535,2.545,19.765,19.311
JY41-5,2607.75,3,223.06,251.188,2.525,25.578,25.679
JY41-5,2607.875,3,222.867,251.252,2.527,31.727,31.984
JY41-5,2608.625,3,222.311,250.928,2.53,39.811,40.075
JY41-5,2608.75,3,203.647,244.484,2.532,50.671,49.405
JY41-5,2608.875,3,199.438,244.347,2.543,40.297,39.255
JY41-5,2609.5,3,198.176,244.24,2.554,33.298,32.699
JY41-5,2609.625,3,175.398,241.019,2.573,45.034,44.87
JY41-5,2609.75,3,182.158,241.498,2.562,46.845,46.698
JY41-5,2610.5,3,188.019,242.216,2.546,51.016,51.025
JY41-5,2610.625,3,205.167,248.024,2.527,21.39,20.219
JY41-5,2610.75,3,215.214,249.208,2.535,13.954,13.246
JY41-5,2611.5,3,224.492,249.54,2.534,10.969,10.61
JY41-5,2611.625,3,247.499,246.207,2.501,25.351,24.895
JY41-5,2611.75,3,247.18,246.25,2.494,26.115,25.292
JY41-5,2612.5,3,245.463,246.578,2.498,23.249,22.322
JY41-5,2612.625,3,231.26,252.164,2.494,13.88,13.579
JY41-5,2612.75,3,236.597,252.315,2.485,15.168,15.146
JY41-5,2613.5,3,242.518,252.026,2.479,21.176,21.534
JY41-5,2613.625,3,240.104,247.168,2.491,63.978,63.79
JY41-5,2613.75,3,235.295,246.424,2.485,66.97,66.788
JY41-5,2614.625,3,232.853,246.094,2.478,71.816,71.342
JY41-5,2614.75,3,342.241,265.573,2.489,14.338,13.774
JY41-5,2614.875,3,383.445,267.251,2.459,15.119,14.654
JY41-5,2615,6,418.372,266.23,2.432,16.956,16.514
JY41-5,2615.125,6,439.984,261.819,2.421,20.279,19.868
JY41-5,2615.25,6,435.24,254.145,2.431,26.792,26.374
JY41-5,2615.375,6,395.534,244.298,2.466,36.886,36.156
JY41-5,2615.5,6,326.75,234.854,2.518,46.304,44.871
JY41-5,2615.625,6,256.282,228.106,2.576,48.833,46.694
JY41-5,2615.75,6,213.388,226.21,2.613,42.848,40.447
JY41-5,2615.875,6,203.697,228.734,2.61,32.818,30.651
JY41-5,2616,6,210.302,234.457,2.569,23.516,21.823
JY41-5,2616.125,6,214.836,241.067,2.518,16.796,15.629
JY41-5,2616.25,6,213.092,246.825,2.481,12.651,11.983
JY41-5,2616.375,6,207.351,250.569,2.465,11.469,11.201
JY41-5,2616.5,6,198.681,252.206,2.465,13.82,13.77
JY41-5,2616.625,3,188.415,252.166,2.472,19.568,19.422
JY41-5,2616.75,3,182.427,250.89,2.48,26.249,25.627
JY41-5,2616.875,3,184.242,249.099,2.488,29.672,28.477
JY41-5,2617.625,3,190.967,247.141,2.496,28.278,26.847
JY41-5,2617.75,3,199.499,247.019,2.465,23.443,22.333
JY41-5,2617.875,3,202.452,248.231,2.462,22.022,21.16
JY41-5,2618.5,3,201.064,248.967,2.465,22.707,22.042
JY41-5,2618.625,3,174.656,247.25,2.458,24.36,22.67
JY41-5,2618.75,3,168.856,246.184,2.465,21.966,20.94
JY41-5,2619.625,3,162.439,244.483,2.469,27.822,27.069
JY41-5,2619.75,3,142.771,247.148,2.526,44.89,40.365
JY41-5,2619.875,3,138.054,249.61,2.53,34.561,30.583
JY41-5,2620.5,4,134.219,251.71,2.532,24.288,21.225
JY41-5,2620.625,4,158.97,269.262,2.527,26.057,24.883
JY41-5,2620.75,4,168.608,273.406,2.535,35.107,33.092
JY56-z1,2850.5,1,181.624,219.336,2.733,74.969,87.647
JY56-z1,2850.625,1,175.532,214.466,2.731,130.747,152.177
JY56-z1,2850.75,1,167.215,208.01,2.728,205.017,237.81
JY56-z1,2850.875,1,156.31,203.385,2.724,264.884,306.543
JY56-z1,2851,1,142.783,198.718,2.719,294.022,339.448
JY56-z1,2851.125,1,129.831,193.254,2.715,296.527,341.219
JY56-z1,2851.25,1,121.653,195.31,2.71,288.777,331.178
JY56-z1,2851.375,1,117.821,201.337,2.707,272.296,311.574
JY56-z1,2851.5,1,117.349,207.898,2.704,242.8,277.653
JY56-z1,2851.625,1,120.561,212.349,2.703,207.303,237.029
JY56-z1,2851.75,1,128.202,218.369,2.701,175.406,200.318
JY56-z1,2851.875,1,138.768,223.733,2.699,152.239,173.235
JY56-z1,2852,1,148.658,227.805,2.698,131.599,148.962
JY56-z1,2855.5,1,123.936,221.486,2.693,109.772,125.439
JY56-z1,2855.625,1,138.077,227.815,2.702,104.177,118.635
JY56-z1,2855.75,1,157.527,231.036,2.712,88.11,100.166
JY56-z1,2855.875,1,173.599,233.573,2.718,70.641,80.353
JY56-z1,2856,1,179.531,235.512,2.718,59.083,67.352
JY56-z1,2857.125,1,143.246,230.967,2.643,66.354,78.411
JY56-z1,2857.25,1,115.554,223.34,2.634,105.099,124.538
JY56-z1,2857.375,1,97.285,211.666,2.633,185.81,219.9
JY56-z1,2857.5,1,88.442,198.533,2.631,308.011,363.403
JY56-z1,2857.625,1,85.757,193.633,2.625,423.893,498.381
JY56-z1,2857.75,1,89.945,197.679,2.618,444.724,521.173
JY56-z1,2857.875,1,102.954,203.097,2.608,354.969,415.075
JY56-z1,2858,1,122.538,208.713,2.591,216.437,253.168
JY56-z1,2858.125,1,138.085,212.239,2.571,120.466,141.919
JY56-z1,2858.25,1,139.593,212.103,2.567,85.569,101.942
JY56-z1,2858.375,1,125.024,208.472,2.588,91.914,110.023
JY56-z1,2858.5,1,102.122,201.853,2.621,158.723,189.519
JY56-z1,2858.625,1,80.944,193.841,2.65,355.935,423.848
JY56-z1,2858.75,1,66.77,187.124,2.663,725.516,863.725
JY56-z1,2858.875,1,60.311,181.812,2.659,1161.286,1383.51
JY56-z1,2859,1,59.364,178.297,2.645,1508.01,1797.428
JY56-z1,2859.125,1,61.256,177.375,2.631,1671.102,1991.133
JY56-z1,2859.25,1,63.627,178.562,2.619,1709.227,2034.375
JY56-z1,2859.375,1,65.753,179.888,2.609,1699.068,2019.652
JY56-z1,2859.5,1,67.127,181.135,2.6,1669.77,1982.736
JY56-z1,2859.625,1,67.825,183.455,2.594,1613.424,1914.354
JY56-z1,2859.75,1,68.768,185.42,2.593,1510.468,1791.477
JY56-z1,2859.875,1,71.49,185.05,2.595,1358.773,1612.763
JY56-z1,2860,1,74.991,184.353,2.598,1203.086,1431.319
JY56-z1,2860.125,1,76.854,183.379,2.6,1086.569,1297.256
JY56-z1,2860.25,1,75.214,182.324,2.599,1027.193,1229.777
JY56-z1,2860.375,1,71.643,182.024,2.598,1003.569,1203.007
JY56-z1,2860.5,1,68.575,182.954,2.594,996.541,1195.151
JY56-z1,2860.625,1,67.023,184.847,2.59,994.328,1193.1
JY56-z1,2860.75,1,66.567,186.284,2.587,992.11,1190.664
JY56-z1,2860.875,1,67.285,187.117,2.587,986.932,1183.545
JY56-z1,2861,1,70.205,186.848,2.59,980.783,1174.517
JY56-z1,2861.125,1,76.12,185.703,2.594,977.246,1168.609
JY56-z1,2861.25,1,83.49,183.614,2.594,976.834,1166.723
JY56-z1,2861.375,1,88.732,181.525,2.593,974.94,1163
JY56-z1,2861.5,1,90.112,179.966,2.593,970.34,1155.557
JY56-z1,2861.625,1,88.34,179.193,2.595,969.244,1151.743
JY56-z1,2861.75,1,84.858,178.65,2.597,982.405,1165.114
JY56-z1,2861.875,1,80.392,178.679,2.598,1026.984,1217.17
JY56-z1,2862,1,76.703,179.268,2.601,1127.068,1337.18
JY56-z1,2862.125,1,75.041,179.477,2.605,1290.227,1532.29
JY56-z1,2862.25,1,76.065,179.46,2.609,1503.732,1783.684
JY56-z1,2862.375,1,79.989,178.184,2.61,1716.001,2027.676
JY56-z1,2862.5,1,86.574,176.232,2.607,1887.56,2217.047
JY56-z1,2862.625,1,94.253,175.248,2.603,1991.205,2319.354
JY56-z1,2862.75,1,100.602,174.808,2.599,2022.824,2331.803
JY56-z1,2862.875,1,105.836,177.415,2.601,1928.989,2197.164
JY56-z1,2863,1,113.16,189.253,2.613,1592.787,1793.551
JY56-z1,2863.125,1,124.666,202.101,2.641,1073.873,1196.466
JY56-z1,2864.75,4,186.334,239.097,2.729,37.771,40.147
JY56-z1,2865,4,183.139,237.273,2.724,38.364,40.527
JY56-z1,2865.375,4,180.382,236.383,2.714,39.994,41.903
JY56-z1,2865.5,4,178.409,237.074,2.71,40.82,42.634
JY56-z1,2865.625,4,178.192,238.154,2.703,41.743,43.441
JY56-z1,2866.375,6,152.601,223.37,2.714,71.349,72.815
JY56-z1,2866.5,6,133.628,214.84,2.744,90.943,92.315
JY56-z1,2866.75,6,104.356,202.746,2.762,152.793,153.105
JY56-z1,2867.125,6,115.596,213.184,2.684,163.46,165.635
JY56-z1,2867.25,6,131.687,221.84,2.658,130.628,132.459
JY56-z1,2867.375,6,149.31,232.963,2.648,92.214,93.229
JY56-z1,2867.625,3,177.197,254.803,2.662,49.864,50.217
JY56-z1,2867.875,3,192.797,264.676,2.681,32.84,33.768
JY56-z1,2868,4,198.527,264.848,2.688,30.062,31.167
JY56-z1,2868.25,4,202.489,264.334,2.702,27.772,29.357
JY56-z1,2868.375,4,200.754,263.861,2.708,27.537,29.381
JY56-z1,2868.625,4,198.02,262.39,2.706,29.079,31.277
JY56-z1,2868.75,4,199.364,261.685,2.701,29.802,32.065
JY56-z1,2869,4,203.933,261.522,2.695,27.495,29.752
JY56-z1,2869.25,4,200.315,263.08,2.689,24.408,26.775
JY56-z1,2869.375,4,199.042,263.997,2.688,24.848,27.378
JY56-z1,2869.5,4,200.104,264.448,2.689,26.862,29.631
JY56-z1,2869.75,4,203.809,263.232,2.699,33.652,37.154
JY56-z1,2869.875,4,202.465,261.771,2.701,36.891,40.824
JY56-z1,2870,4,198.784,259.954,2.698,39.25,43.555
JY56-z1,2870.25,4,193.824,256.697,2.691,42.147,46.842
JY56-z1,2870.375,4,194.304,256.262,2.695,43.342,48.033
JY56-z1,2870.625,4,195.741,259.285,2.695,43.948,48.303
JY56-z1,2870.875,4,199.771,265.331,2.681,42.177,46.044
JY56-z1,2871,4,204.394,268.315,2.682,40.938,44.588
JY56-z1,2871.25,4,211.455,271.449,2.673,38.432,41.798
JY56-z1,2871.5,4,226.782,268.876,2.647,37.647,41.035
JY56-z1,2871.625,4,230.538,264.967,2.633,38.078,41.606
JY56-z1,2871.75,4,224.608,260.144,2.634,38.661,42.398
JY56-z1,2872,3,200.83,249.726,2.667,39.812,44.01
JY56-z1,2872.125,3,194.706,244.837,2.68,40.752,44.996
JY56-z1,2872.25,3,193.199,240.661,2.686,40.943,44.926
JY56-z1,2872.75,2,191.171,234.797,2.689,18.775,20.881
JY56-z1,2872.875,2,191.352,234.322,2.689,18.653,21.031
JY56-z1,2873,2,193.357,234.235,2.691,24.486,27.589
JY56-z1,2873.125,2,193.6,234.506,2.691,35.761,40.025
JY56-z1,2873.25,2,190.547,235.075,2.688,48.368,53.932
JY56-z1,2873.375,2,186.941,235.787,2.682,57.117,63.705
JY56-z1,2873.5,2,186.9,236.552,2.677,60.104,67.206
JY56-z1,2873.625,2,190.4,237.467,2.674,58.977,66.149
JY56-z1,2873.75,2,193.414,238.579,2.672,55.703,62.644
JY56-z1,2873.875,2,192.676,239.821,2.67,52.124,58.686
JY56-z1,2874.125,4,187.071,242.143,2.665,48.152,53.313
JY56-z1,2874.25,4,186.125,243.295,2.663,44.782,48.761
JY56-z1,2874.375,4,185.95,244.358,2.663,37.12,39.834
JY56-z1,2874.5,4,185.556,244.924,2.663,26.459,28.239
JY56-z1,2874.625,4,185.417,245.329,2.663,17.044,18.336
JY56-z1,2874.75,4,186.492,245.699,2.663,11.899,13.082
JY56-z1,2875,3,190.021,245.966,2.663,12.27,13.911
JY56-z1,2875.125,3,189.493,245.589,2.664,17.547,19.83
JY56-z1,2875.25,3,189.136,244.793,2.664,25.559,28.815
JY56-z1,2875.5,3,191.197,242.298,2.666,44.38,50.463
JY56-z1,2875.625,3,189.202,241.303,2.664,53.061,60.652
JY56-z1,2875.75,3,185.499,240.591,2.66,60.186,69.009
JY56-z1,2876,3,181.968,239.408,2.655,67.595,77.622
JY56-z1,2876.125,3,182.889,238.572,2.657,68.897,79.102
JY56-z1,2876.25,3,184.038,237.444,2.663,69.171,79.461
JY56-z1,2876.5,5,180.435,234.906,2.68,70.002,81.066
JY56-z1,2876.625,5,173.312,234.057,2.687,72.361,84.404
JY56-z1,2876.75,5,164.72,233.544,2.686,75.651,88.785
JY56-z1,2876.875,2,159.807,233.33,2.68,78.191,92.065
JY56-z1,2877,2,161.855,233.461,2.674,78.983,93.107
JY56-z1,2877.125,2,168.63,234.233,2.671,78.433,92.469
JY56-z1,2877.25,2,174.572,235.686,2.669,77.439,91.255
JY56-z1,2877.625,3,180.531,239.221,2.655,70.858,83.3
JY56-z1,2877.75,3,185.464,239.757,2.648,65.972,77.531
JY56-z1,2877.875,3,189.524,239.646,2.642,60.21,70.78
JY56-z1,2878,3,189.772,239.903,2.64,54.73,64.446
JY56-z1,2878.125,3,187.322,240.407,2.643,50.622,59.849
JY56-z1,2878.25,3,184.482,240.931,2.649,49.277,58.695
JY56-z1,2878.375,3,181.292,241.241,2.656,50.974,61.338
JY56-z1,2878.5,3,177.188,241.159,2.665,55.22,67.131
JY56-z1,2878.625,3,173.101,240.67,2.676,60.521,74.078
JY56-z1,2880,3,176.698,245.5,2.645,69.053,86.223
JY56-z1,2880.125,3,180.847,245.249,2.644,69.449,86.73
JY56-z1,2880.25,3,185.538,244.428,2.648,68.241,85.244
JY56-z1,2880.875,2,182.601,243.714,2.674,71.628,89.317
JY56-z1,2881,2,183.96,244.134,2.669,71.892,89.665
JY56-z1,2881.125,2,184.741,243.779,2.666,71.566,89.394
JY56-z1,2882,2,171.905,245.739,2.65,70.84,88.705
JY56-z1,2882.125,2,173.745,249.275,2.645,61.143,76.633
JY56-z1,2882.25,2,175.917,252.655,2.643,51.823,65.06
JY56-z1,2883.125,3,186.201,264.913,2.641,59.908,75.527
JY56-z1,2883.25,3,188.081,265.071,2.638,62.128,78.257
JY56-z1,2883.375,3,189.515,265.097,2.633,62.31,78.35
JY56-z1,2883.5,6,190.817,265.103,2.628,61.464,77.167
JY56-z1,2883.625,6,193.05,265.091,2.623,60.456,75.832
JY56-z1,2883.75,2,194.322,265.079,2.623,59.681,74.79
JY56-z1,2883.875,2,191.53,265.005,2.626,59.518,74.429
JY56-z1,2884,6,185.804,264.795,2.63,59.995,74.784
JY56-z1,2884.125,6,180.803,264.706,2.634,60.941,75.663
JY56-z1,2884.25,6,179.035,265.148,2.635,61.926,76.497
JY56-z1,2884.375,2,180.25,265.892,2.632,62.8,77.086
JY56-z1,2884.5,2,184.305,266.818,2.627,63.549,77.504
JY56-z1,2884.625,2,188.676,267.715,2.622,64.131,77.884
JY56-z1,2884.75,4,191.306,268.203,2.619,64.643,78.378
JY56-z1,2884.875,4,191.494,267.972,2.616,65.621,79.515
JY56-z1,2886.125,3,190.466,267.539,2.634,31.394,35.158
JY56-z1,2886.25,3,191.143,267.968,2.642,26.02,28.652
JY56-z1,2886.375,3,190.942,268.856,2.645,17.415,19.203
JY56-z1,2886.75,4,190.201,272.27,2.623,10.379,12.579
JY56-z1,2886.875,4,191.312,272.557,2.622,19.524,23.354
JY56-z1,2887,4,190.751,271.908,2.622,35.838,42.573
JY56-z1,2887.875,3,184.363,268.444,2.63,63.027,74.921
JY56-z1,2888,3,185.138,268.838,2.644,54.51,64.748
JY56-z1,2888.125,3,184.536,269.326,2.657,44.174,52.591
JY56-z1,2889,3,189.27,267.933,2.622,74.522,89.025
JY56-z1,2889.125,3,187.888,265.961,2.627,77.846,92.977
JY56-z1,2889.25,3,186.128,264.033,2.632,78.829,94.194
JY56-z1,2890,3,180.871,267.685,2.613,60.419,73.015
JY56-z1,2890.125,3,183.39,268.104,2.609,61.562,75.055
JY56-z1,2890.25,3,185.988,267.901,2.609,65.667,81.124
JY56-z1,2891,3,187.658,265.427,2.61,83.328,105.444
JY56-z1,2891.125,3,185.36,265.641,2.613,84.481,106.63
JY56-z1,2891.25,3,185.304,265.625,2.615,84.657,106.589
JY56-z1,2892.125,3,190.088,262.345,2.584,76.235,95.962
JY56-z1,2892.25,3,191.606,262.193,2.576,76.551,96.508
JY56-z1,2892.375,3,192.134,262.406,2.574,78.016,98.368
JY56-z1,2893,3,206.04,262.707,2.586,92.089,114.51
JY56-z1,2893.125,3,206.639,262.014,2.584,93.812,116.356
JY56-z1,2893.25,3,206.094,260.985,2.583,94.081,116.395
JY56-z1,2893.875,3,197.798,258.876,2.581,88.539,109.098
JY56-z1,2894,3,198.72,257.888,2.578,87.83,108.065
JY56-z1,2894.125,3,201.937,256.577,2.578,88.086,108.003
JY56-z1,2894.625,3,225.633,268.316,2.609,70.406,82.968
JY56-z1,2894.75,3,232.297,274.879,2.621,47.688,55.802
JY56-z1,2894.875,3,237.981,280.058,2.628,27.835,32.668
JY56-z1,2895.5,3,230.469,271.712,2.633,27.781,33.117
JY56-z1,2895.625,3,219.259,265.931,2.642,28.299,33.935
JY56-z1,2895.75,3,211.028,260.664,2.652,27.791,33.657
JY56-z1,2896.5,3,202.826,252.122,2.626,56.741,68.429
JY56-z1,2896.625,3,211.022,252.492,2.624,53.92,64.637
JY56-z1,2896.75,3,213.836,252.878,2.626,48.623,57.805
JY56-z1,2897.375,5,201.478,247.118,2.621,33.84,40.263
JY56-z1,2897.5,5,202.957,245.983,2.625,55.149,65.335
JY56-z1,2897.625,5,203.683,245.696,2.63,79.421,93.981
JY56-z1,2898.375,4,214.601,246.731,2.623,84.329,100.365
JY56-z1,2898.5,4,213.344,247.116,2.627,92.281,109.969
JY56-z1,2898.625,4,209.516,248.093,2.627,99.248,118.631
JY56-z1,2899.125,5,209.189,250.04,2.623,75.522,92.999
JY56-z1,2899.25,5,209.761,249.581,2.616,71.29,88.277
JY56-z1,2899.375,5,213.236,249.166,2.607,71.558,88.948
JY56-z1,2900.125,3,203.368,248.531,2.593,107.591,134.583
JY56-z1,2900.25,3,200.59,250.257,2.588,105.533,131.738
JY56-z1,2900.375,3,196.759,251.841,2.589,99.981,124.29
JY56-z1,2901.125,3,207.358,251.644,2.592,32.996,41.97
JY56-z1,2901.25,3,203.285,250.595,2.594,47.976,61.053
JY56-z1,2901.375,3,200.415,250.002,2.598,73.368,93.14
JY56-z1,2902.125,3,185.318,245.169,2.579,90.739,115.008
JY56-z1,2902.25,3,187.379,246.973,2.579,95.171,119.828
JY56-z1,2902.375,3,191.92,250.404,2.581,92.557,115.589
JY56-z1,2903,3,221.162,256.914,2.587,31.738,38.916
JY56-z1,2903.125,3,214.866,254.28,2.598,40.406,49.235
JY56-z1,2903.25,3,205.511,252.369,2.611,57.322,69.025
JY51-2,3026.875,1,152.842,70.275,210.728,13.918,59.481
JY51-2,3027,1,151.346,70.329,208.878,17.749,62.687
JY51-2,3027.125,1,133.311,70.304,206.389,17.674,81.805
JY51-2,3027.25,1,111.097,70.193,203.532,13.122,122.574
JY51-2,3027.375,1,95.076,70.031,200.661,7.872,182.98
JY51-2,3027.5,1,89.788,69.863,198.145,4.927,241.054
JY51-2,3027.625,1,89.977,69.736,196.322,4.071,278.267
JY51-2,3027.75,1,89.579,69.7,195.507,4.529,295.778
JY51-2,3027.875,1,85.342,69.808,195.82,5.364,314.258
JY51-2,3028,1,79.596,70.072,197.409,5.858,335.184
JY51-2,3028.125,1,76.603,70.498,200.225,5.731,328.796
JY51-2,3028.25,1,80.937,71.073,204.071,5.334,275.998
JY51-2,3028.375,1,94.514,71.757,208.738,5.352,190.381
JY51-2,3028.5,1,116.948,72.486,213.81,6.464,113.982
JY51-2,3034,1,102.363,57.479,190.285,6.128,394.631
JY51-2,3034.125,1,98.089,57.463,191.05,4.738,452.011
JY51-2,3034.25,1,97.199,57.476,192.195,3.912,483.495
JY51-2,3034.375,1,98.918,57.53,193.663,3.74,485.64
JY51-2,3034.5,1,101.835,57.602,195.35,4.037,468.019
JY51-2,3034.625,1,104.275,57.659,197.157,4.528,439.559
JY51-2,3034.75,1,105.732,57.669,198.99,5.017,405.102
JY51-2,3034.875,1,107.441,57.622,200.838,5.478,365.984
JY51-2,3035,1,110.598,57.554,202.784,6.017,325.78
JY51-2,3035.125,1,114.647,57.55,204.984,6.725,290.305
JY51-2,3035.25,1,117.88,57.677,207.608,7.571,263.544
JY51-2,3035.375,1,120.065,57.955,210.745,8.423,246.406
JY51-2,3035.5,1,121.504,58.338,214.23,9.047,237.095
JY51-2,3035.625,1,121.927,58.721,217.709,9.205,237.661
JY51-2,3035.75,1,120.171,58.973,220.623,8.755,253.25
JY51-2,3035.875,1,114.751,58.987,222.416,7.759,289.379
JY51-2,3036,1,105.472,58.776,222.629,6.417,351.328
JY51-2,3036.125,1,94.655,58.443,221.202,4.988,428.749
JY51-2,3036.25,1,86.881,58.135,218.464,3.841,485.368
JY51-2,3036.375,1,85.403,57.949,214.989,3.309,482.79
JY51-2,3036.5,1,90.13,57.914,211.613,3.625,420.835
JY51-2,3036.625,1,96.922,57.974,209.077,4.737,332.71
JY51-2,3036.75,1,102.505,58.056,207.988,6.349,255.327
JY51-2,3036.875,1,106.05,58.118,208.513,7.922,202.956
JY51-2,3037,1,108.26,58.191,210.702,8.985,174.91
JY51-2,3037.125,1,108.194,58.327,214.379,9.437,167.677
JY51-2,3037.25,1,104.542,58.549,219.132,9.243,171.574
JY51-2,3037.375,1,99.798,58.812,224.577,8.314,175.814
JY51-2,3037.5,1,99.265,59.047,230.173,6.931,173.182
JY51-2,3037.625,1,105.841,59.194,235.275,5.887,165.508
JY51-2,3037.75,1,115.016,59.266,239.141,5.815,159.63
JY51-2,3037.875,1,118.758,59.335,241.106,6.888,165.883
JY51-2,3038,1,113.078,59.497,240.667,8.615,201.546
JY51-2,3038.125,1,101.73,59.794,237.584,9.898,287.101
JY51-2,3038.25,1,91.404,60.191,232.337,9.52,414.216
JY51-2,3038.375,1,86.169,60.571,225.658,7.572,527.945
JY51-2,3038.5,1,86.162,60.813,218.675,5.477,555.402
JY51-2,3038.625,1,90.361,60.858,212.62,4.435,482.505
JY51-2,3038.75,1,97.758,60.775,208.175,4.551,357.543
JY51-2,3038.875,1,107.478,60.691,205.317,5.573,249.809
JY51-2,3039,1,117.074,60.737,203.568,7.058,186.007
JY51-2,3039.125,1,123.644,60.97,202.659,8.52,155.532
JY51-2,3039.25,1,126.573,61.379,202.411,9.659,140.585
JY51-2,3039.375,1,127.578,61.884,202.626,10.531,135.549
JY51-2,3039.5,1,126.489,62.389,203.078,11.312,140.009
JY51-2,3039.625,1,119.644,62.827,203.583,11.655,155.062
JY51-2,3039.75,1,105.863,63.178,204.059,10.778,184.627
JY51-2,3040.5,1,138.542,65.797,204.858,7.668,144.684
JY51-2,3040.625,1,139.72,66.44,204.441,10.86,138.499
JY51-2,3040.75,1,134.788,66.99,203.956,13.389,149.561
JY51-2,3040.875,1,128.2,67.436,203.603,13.75,171.929
JY51-2,3041,1,121.84,67.824,203.654,12.021,195.605
JY51-2,3041.125,1,116.728,68.226,204.41,9.786,207.211
JY51-2,3041.25,1,114.588,68.674,206.129,8.123,194.951
JY51-2,3041.375,1,118.042,69.15,208.865,7.44,159.464
JY51-2,3041.5,1,129.052,69.598,212.555,7.923,113.969
JY51-2,3044.625,1,127.651,71.113,212.332,11.098,233.079
JY51-2,3044.75,1,117.801,71.25,211.066,8.2,312.008
JY51-2,3044.875,1,111.139,71.376,209.255,6.401,389.534
JY51-2,3045,1,106.641,71.54,206.947,5.734,458.144
JY51-2,3045.125,1,102.335,71.794,204.251,5.82,538.198
JY51-2,3045.25,1,97.409,72.166,201.296,6.087,666.061
JY51-2,3045.375,1,92.652,72.629,198.201,6.084,845.14
JY51-2,3045.5,1,88.501,73.125,195.134,5.712,1016.283
JY51-2,3045.625,1,84.747,73.59,192.315,5.175,1096.703
JY51-2,3045.75,1,81.209,73.983,190.008,4.727,1054.631
JY51-2,3045.875,1,78.499,74.312,188.461,4.517,935.525
JY51-2,3046,1,77.573,74.635,187.934,4.593,800.664
JY51-2,3046.125,1,79.308,75.037,188.646,4.944,670.613
JY51-2,3046.25,1,84.369,75.565,190.708,5.471,531.187
JY51-2,3046.375,1,93.316,76.194,194.276,6.029,381.276
JY51-2,3046.5,1,107.821,76.864,199.341,6.63,244.753
JY51-2,3046.625,1,128.999,77.514,205.677,7.561,146.983
JY51-2,3046.75,1,154.639,78.103,213.019,9.368,92.008
JY51-2,3046.875,1,179.036,78.621,221.041,12.676,65.349
JY51-2,3050.875,6,181.742,87.178,232.763,15.981,43.868
JY51-2,3051,6,175.43,87.082,230.376,16.008,46.33
JY51-2,3051.125,6,167.55,87.023,226.242,15.857,53.919
JY51-2,3051.25,6,157.413,87.017,219.731,14.985,70.227
JY51-2,3051.375,6,143.621,87.044,211.483,13.185,96.95
JY51-2,3051.5,6,127.417,87.084,202.526,11.071,132.088
JY51-2,3051.625,6,113.334,87.133,194.479,9.548,168.895
JY51-2,3051.75,6,105.441,87.207,189.479,8.991,196.271
JY51-2,3051.875,6,104.238,87.309,188.758,9.221,202.942
JY51-2,3052,6,107.913,87.43,192.031,10.009,184.75
JY51-2,3052.125,6,115.207,87.58,198.443,11.332,148.903
JY51-2,3052.75,4,159.607,89.594,237.711,18.091,32.02
JY51-2,3052.875,4,161.003,90.077,240.227,18.433,24.504
JY51-2,3053,4,162.138,90.503,242.53,18.745,18.926
JY51-2,3053.75,4,192.832,93.346,253.755,20.975,25.98
JY51-2,3053.875,4,195.509,93.915,254.021,20.935,26.377
JY51-2,3054,4,196.842,94.448,254.741,20.968,26.599
JY51-2,3054.75,4,199.708,96.034,257.956,22.316,27.84
JY51-2,3054.875,4,198.12,96.168,256.577,21.955,28.368
JY51-2,3055,4,197.041,96.353,254.771,21.615,28.847
JY51-2,3055.75,4,198.012,96.834,247.534,19.692,30.48
JY51-2,3055.875,4,198.917,96.652,248.479,19.852,30.702
JY51-2,3056,4,200.281,96.473,249.495,20.101,30.801
JY51-2,3056.75,4,188.383,95.618,248.786,21.278,29.343
JY51-2,3056.875,4,187.104,95.502,248.304,21.464,27.621
JY51-2,3057,4,186.594,95.338,247.955,21.149,24.392
JY51-2,3057.75,4,188.286,93.883,248.046,19.871,23.95
JY51-2,3057.875,4,188.588,93.79,248.527,19.678,25.868
JY51-2,3058,4,188.402,93.722,248.81,19.752,24.497
JY51-2,3058.75,4,194.526,93.223,250.505,20.477,24.805
JY51-2,3058.875,4,198.933,93.494,251.752,20.502,27.582
JY51-2,3059,4,199.656,93.937,252.394,20.433,26.661
JY51-2,3059.75,4,196.919,95.239,250.387,19.612,11.157
JY51-2,3059.875,4,196.461,95.096,250.166,19.423,13.22
JY51-2,3060,4,197.179,94.976,249.718,19.115,17.148
JY51-2,3060.75,4,194.546,94.353,243.558,17.28,35.043
JY51-2,3060.875,4,194.005,94.265,243.729,17.544,34.891
JY51-2,3061,4,192.133,94.219,243.276,18.054,33.558
JY51-2,3061.75,4,190.989,94.297,244.255,18.207,29.631
JY51-2,3061.875,4,192.788,94.321,245.265,18.084,29.846
JY51-2,3062,4,193.159,94.302,245.833,18.25,29.277
JY51-2,3062.75,4,196.484,94.451,248.944,19.15,18.646
JY51-2,3062.875,4,197.961,94.478,250.999,19.413,13.781
JY51-2,3063,4,197.691,94.451,252.028,19.591,11.157
JY51-2,3063.75,4,204.037,94.499,252.987,19.914,23.908
JY51-2,3063.875,4,205.067,94.53,253.797,20.388,27.252
JY51-2,3064,4,206.055,94.537,254.836,20.517,29.282
JY51-2,3064.75,4,209.6,94.474,255.792,19.255,35.302
JY51-2,3064.875,4,209.411,94.422,255.453,19.169,35.646
JY51-2,3065,4,211.269,94.392,255.821,19.144,36.135
JY51-2,3065.75,4,228.722,94.749,258.981,19.237,26.24
JY51-2,3065.875,4,230.068,94.801,258.235,18.263,28.436
JY51-2,3066,4,226.645,94.803,257.17,17.735,32.177
JY51-2,3066.75,4,213.593,93.531,251.274,17.387,17.054
JY51-2,3066.875,4,216.469,93.407,251.967,17.305,25.858
JY51-2,3067,4,219.479,93.413,252.617,17.526,36.844
JY51-2,3067.75,4,222.793,94.041,248.274,17.389,50.717
JY51-2,3067.875,4,222.377,94.182,248.446,17.136,50.313
JY51-2,3068,4,220.049,94.443,248.762,16.877,49.667
JY51-2,3068.75,4,175.776,97.033,224.993,14.998,52.666
JY51-2,3068.875,4,163.135,97.229,221.863,13.797,55.345
JY51-2,3069,4,165.213,97.349,224.016,13.613,55.43
JY51-2,3069.625,4,217.704,98.292,258.5,20.11,31.297
JY51-2,3069.75,4,211.116,98.532,259.819,19.675,29.193
JY51-2,3069.875,4,209.662,98.742,261.527,19.527,27.04
JY51-2,3070.75,4,218.409,99.046,266.085,21.047,19.82
JY51-2,3070.875,4,215.081,99.143,266.848,20.799,21.904
JY51-2,3071,4,211.919,99.337,268.001,20.817,23.268
JY51-2,3071.75,4,210.497,101.04,269.579,21.749,6.053
JY51-2,3071.875,4,210.757,101.213,270.178,21.713,7.221
JY51-2,3072,4,210.919,101.341,270.681,21.777,11.228
JY51-2,3072.75,4,217.588,101.354,271.951,21.511,20.501
JY51-2,3072.875,4,219.99,101.315,273.069,21.849,19.956
JY51-2,3073,4,222.261,101.272,272.893,22.454,20.194
JY51-2,3073.75,4,216.372,100.076,264.722,21.182,15.223
JY51-2,3073.875,4,216.792,99.797,264.241,21.02,17.908
JY51-2,3074,4,216.262,99.578,263.74,21.062,21.659
JY51-2,3074.5,4,207.473,99.147,265.941,21.349,15.19
JY51-2,3074.625,4,207.258,98.987,265.13,21.476,12.608
JY51-2,3074.75,4,206.158,98.757,262.285,21.326,12.081
JY51-2,3075.75,4,222.267,95.182,264.399,22.005,16.358
JY51-2,3075.875,4,222.459,95.045,264.341,21.038,19.094
JY51-2,3076,4,223.23,94.948,264.183,20.398,21.398
JY51-2,3076.75,4,187.233,94.849,239.591,16.351,31.581
JY51-2,3076.875,4,183.019,94.883,240.37,15.949,30.748
JY51-2,3077,4,186.233,94.936,245.054,16.777,28.298
JY51-2,3077.75,4,222.666,94.686,263.552,22.875,14.818
JY51-2,3077.875,4,222.648,94.437,264.627,22.477,15.299
JY51-2,3078,4,219.95,94.265,265.859,22.128,16.971
JY51-2,3078.75,4,206.502,93.212,266.413,20.793,25.298
JY51-2,3078.875,4,207.183,93.034,266.307,20.767,25.192
JY51-2,3079,4,209.669,92.941,266.058,20.793,24.101
JY51-2,3079.75,4,200.463,91.875,261.617,19.061,17.263
JY51-2,3079.875,4,197.487,91.664,259.486,18.976,23.256
JY51-2,3080,4,197.418,91.514,258.809,19.121,28.239
JY51-2,3080.75,4,206.696,89.437,279.331,21.014,15.364
JY51-2,3080.875,4,210.274,89.177,275.028,20.066,15.863
JY51-2,3081,4,212.296,89.116,268.462,19.864,17.328
JY51-2,3081.75,4,204.642,89.681,264.619,20.2,11.762
JY51-2,3081.875,4,200.055,89.548,263.733,19.533,12.092
JY51-2,3082,4,193.909,89.398,259.144,18.333,15.615
JY51-2,3082.75,4,176.19,87.801,237.718,16.262,46.017
JY51-2,3082.875,4,175.625,87.568,238.136,16.515,45.829
JY51-2,3083,4,176.26,87.406,238.105,16.495,45.834
JY51-2,3083.75,4,173.385,85.406,237.481,15.129,45.963
JY51-2,3083.875,4,173.186,84.851,238.524,15.297,45.199
JY51-2,3084,4,174.259,84.322,239.576,15.846,44.233
JY51-2,3084.75,4,183.019,82.528,239.69,16.657,40.705
JY51-2,3084.875,4,184.422,82.42,240.398,16.853,37.274
JY51-2,3085,4,186.361,82.304,240.877,16.721,34.523
JY51-2,3085.625,5,171.218,81.6,233.919,14.75,54.592
JY51-2,3085.75,5,170.72,81.544,233.292,14.929,57.722
JY51-2,3085.875,5,175.23,81.565,233.541,15.058,58.233
JY51-2,3086.75,4,183.576,83.242,241.113,15.662,46.412
JY51-2,3086.875,4,182.357,83.777,242.114,15.794,46.529
JY51-2,3087,4,182.943,84.264,243.098,15.805,47.216
JY51-2,3087.75,4,183.292,84.131,242.928,15.076,48.653
JY51-2,3087.875,4,178.57,82.913,241.339,15.153,47.189
JY51-2,3088,4,176.388,82.061,240.493,15.418,45.894
JY51-2,3088.625,4,168.557,81.252,238.547,14.481,39.77
JY51-2,3088.75,4,166.05,81.988,237.538,14.11,42.158
JY51-2,3088.875,4,165.266,82.631,236.706,14.017,45.294
JY51-2,3089.75,4,183.617,83.744,245.566,16.216,47.3
JY51-2,3089.875,4,184.631,83.621,245.621,16.268,46.559
JY51-2,3090,4,184.048,83.586,245.346,16.319,45.971
JY51-2,3091.125,5,202.465,85.976,240.095,14.182,33.358
JY51-2,3091.25,5,218.361,86.227,240.292,14.612,25.767
JY51-2,3091.375,5,230.36,86.293,240.653,14.876,20.842
JY51-2,3091.75,4,230.973,85.625,239.344,14.161,21.588
JY51-2,3091.875,4,224.817,85.462,238.394,14.195,23.128
JY51-2,3092,4,215.501,85.426,237.502,14.48,24.044
JY51-2,3092.75,5,180.91,84.711,232.359,15.002,28.274
JY51-2,3092.875,5,182.833,84.622,232.57,15.086,20.511
JY51-2,3093,5,187.042,84.543,233.165,15.355,13.612
JY51-2,3093.75,5,190.698,84.338,237.722,16.106,44.356
JY51-2,3093.875,5,188.154,84.231,239.305,16.317,44.011
JY51-2,3094,5,186.204,84.058,240.33,16.415,42.147
JY51-2,3094.75,4,194.543,82.812,245.858,15.757,22.185
JY51-2,3094.875,4,194.153,82.702,246.051,15.492,15.491
JY51-2,3095,4,192.255,82.653,245.731,15.321,12.309
JY51-2,3095.75,4,187.398,81.786,241.298,16.553,42.527
JY51-2,3095.875,4,187.586,81.588,238.998,16.617,43.224
JY51-2,3096,4,188.935,81.429,236.696,16.356,43.72
JY51-2,3096.75,3,182.256,80.686,236.111,15.29,52.927
JY51-2,3096.875,3,180.725,80.617,235.613,15.253,54.985
JY51-2,3097,3,180.748,80.611,234.721,15.251,57.085
JY51-2,3097.75,4,182.415,80.379,225.109,13.685,83.611
JY51-2,3097.875,4,187.478,80.234,226.643,14.005,86.143
JY51-2,3098,4,190.779,80.15,230.041,14.727,83.937
JY51-2,3098.75,4,179.885,81.244,236.418,15.756,36.613
JY51-2,3098.875,4,177.437,81.558,235.154,15.468,36.05
JY51-2,3099,4,177.88,81.85,234.234,15.266,38.537
JY51-2,3099.75,4,180.313,82.744,234.413,15.763,23.979
JY51-2,3099.875,4,181.074,83.015,235.256,15.494,18.948
JY51-2,3100,4,182.266,83.337,237,15.262,18.606
JY51-2,3100.75,4,177.452,83.828,242.727,16.66,49.857
JY51-2,3100.875,4,179.555,83.782,242.597,16.198,47.958
JY51-2,3101,4,182.562,83.804,242.734,15.344,44.13
JY51-2,3101.75,4,193.25,84.322,244.073,14.839,50.946
JY51-2,3101.875,4,194.613,84.565,243.82,14.864,50.901
JY51-2,3102,4,195.716,84.759,243.292,15.129,50.738
JY51-2,3102.75,3,175.825,84.324,238.701,14.182,59.448
JY51-2,3102.875,3,170.635,84.353,239.118,14.142,52.35
JY51-2,3103,3,168.991,84.436,239.973,14.285,44.585
JY51-2,3103.75,4,197.258,85.372,247.915,17.747,43.568
JY51-2,3103.875,4,199.402,85.464,249.876,17.93,36.138
JY51-2,3104,4,197.59,85.54,250.902,17.539,27.411
JY51-2,3104.625,4,191.839,86.394,247.279,15.964,13.187
JY51-2,3104.75,4,190.085,86.502,248.9,16.004,17.691
JY51-2,3104.875,4,190.832,86.585,251.367,16.306,26.033
JY51-2,3105.75,4,173.356,87.839,245.236,15.183,43.685
JY51-2,3105.875,4,171.859,87.918,247.503,15.334,45.18
JY51-2,3106,4,175.51,88.022,249.679,16.21,45.304
JY51-2,3106.75,4,186.727,87.7,260.408,17.156,38.289
JY51-2,3106.875,4,188.457,87.796,259.774,17.114,43.112
JY51-2,3107,4,190.33,88.001,259.282,17.138,44.729
JY51-2,3107.625,4,191.686,89.99,258.479,16.012,19.407
JY51-2,3107.75,4,189.283,90.387,258.381,16.106,19.506
JY51-2,3107.875,4,188.522,90.733,258.264,16.294,19.974
JY51-2,3108.75,4,188.018,90.599,260.561,17.65,21.888
JY51-2,3108.875,4,189.291,90.112,261.824,17.994,36.491
JY51-2,3109,4,187.283,89.679,262.484,17.948,47.402
JY51-2,3109.75,4,178.96,88.9,256.354,16.803,39.709
JY51-2,3109.875,4,180.471,89.038,255.716,16.203,33.552
JY51-2,3110,4,179.885,89.251,255.325,15.646,26.085
JY51-2,3110.75,4,191.847,90.7,258.683,17.069,33.257
JY51-2,3110.875,4,191.334,90.663,258.805,16.888,41.2
JY51-2,3111,4,189.526,90.479,257.747,16.755,47.496
JY51-2,3111.75,4,170.925,87.538,253.283,15.614,46.018
JY51-2,3111.875,4,179.531,87.141,255.058,15.814,44.732
JY51-2,3112,4,185.418,86.788,256.05,16.133,46.047
JY51-2,3112.75,4,183.183,84.56,252.286,15.553,43.22
JY51-2,3112.875,4,181.664,84.454,251.849,15.181,30.961
JY51-2,3113,4,180.4,84.462,252.493,15.046,21.221
JY51-2,3113.75,3,181.889,85.093,250.357,15.285,60.521
JY51-2,3113.875,3,183.554,85.067,249.723,14.805,62.51
JY51-2,3114,3,187.087,85.001,249.924,14.338,64.317
JY51-2,3114.75,4,207.024,86.456,253.426,15.137,63.757
JY51-2,3114.875,4,210.453,86.92,254.503,15.668,57.996
JY51-2,3115,4,213.125,87.299,255.602,16.205,49.662
JY51-2,3115.75,4,238.033,89.027,264.561,17.495,24.226
JY51-2,3115.875,4,241.981,89.286,266.56,17.762,27.892
JY51-2,3116,4,244.594,89.464,267.363,17.748,31.536
JY51-2,3116.625,5,223.049,89.409,249.022,16.012,13.652
JY51-2,3116.75,5,216.3,89.218,247.431,15.622,16.34
JY51-2,3116.875,5,212.292,88.934,246.204,15.316,26.608
JY51-2,3117.75,5,210.991,86.973,246.045,14.509,44.617
JY51-2,3117.875,5,212.119,87.043,247.447,14.751,42.893
JY51-2,3118,5,211.245,87.143,247.467,14.8,37.95
JY51-2,3118.75,5,201.062,86.065,240.596,13.046,55.388
JY51-2,3118.875,5,201.109,85.742,239.036,12.916,64.794
JY51-2,3119,5,200.958,85.385,237.898,13.127,67.429
JY51-2,3119.75,4,216.691,81.938,246.712,14.572,69.571
JY51-2,3119.875,4,216.053,81.805,245.754,14.861,70.403
JY51-2,3120,4,213.587,81.84,244.913,14.884,67.637
JY51-2,3120.75,5,203.315,80.841,237.562,12.928,45.767
JY51-2,3120.875,5,204.388,80.329,238.04,13.13,47.8
JY51-2,3121,5,206.197,79.91,240.751,13.837,51.513
JY51-2,3121.75,3,197.751,82.348,243.829,13.681,67.485
JY51-2,3121.875,3,199.076,83.353,242.273,13.563,52.444
JY51-2,3122,3,200.575,84.303,242.398,13.482,37.139
JY51-2,3122.75,3,199.617,87.188,244.583,13.715,45.792
JY51-2,3122.875,3,194.529,87.296,243.245,12.95,68.363
JY51-2,3123,3,190.145,87.344,242.455,12.607,84.952
JY51-2,3123.75,5,177.034,87.803,239.938,12.483,91.525
JY51-2,3123.875,5,179.197,87.828,240.999,12.668,80.966
JY51-2,3124,5,187.739,87.895,243.036,12.891,63.217
JY51-2,3124.75,3,220.514,88.132,243.152,13.977,33.637
JY51-2,3124.875,3,209.618,88.021,241.784,13.058,61.783
JY51-2,3125,3,200.075,87.938,241.279,12.377,88.287
JY51-2,3125.75,3,195.766,87.596,240.133,12.956,34.808
JY51-2,3125.875,3,198.144,87.496,241.758,12.266,23.094
JY51-2,3126,3,200.502,87.365,243.396,11.892,16.766
JY51-2,3126.75,3,210.597,87.254,241.373,12.549,136.532
JY51-2,3126.875,3,213.353,87.307,240.899,12.874,130.003
JY51-2,3127,3,215.856,87.332,241.125,13.187,121.324
JY51-2,3127.75,3,220.436,86.589,248.18,12.897,100.257
JY51-2,3127.875,3,219.861,86.496,247.951,12.769,105.058
JY51-2,3128,3,217.983,86.474,247.286,12.637,103.454
JY51-2,3128.75,3,208.031,86.716,248.064,13.1,18.34
JY51-2,3128.875,3,208.617,86.818,248.603,13.139,24.706
JY51-2,3129,3,211.984,86.998,248.504,13.074,29.053
JY51-2,3129.75,3,206.528,88.497,247.599,12.015,21.696
JY51-2,3129.875,3,205.527,88.696,247.745,11.904,37.006
JY51-2,3130,3,206.843,88.952,247.091,11.731,71.285
JY51-2,3130.75,3,209.244,91.377,248.962,12.227,86.728
JY51-2,3130.875,3,212.2,91.659,249.2,12.254,80.249
JY51-2,3131,3,214.879,91.839,248.329,12.17,82.426
JY51-2,3131.75,3,219.961,91.684,245.635,12.059,92.576
JY51-2,3131.875,3,235.09,91.747,245.432,12.672,80.353
JY51-2,3132,3,253.443,91.821,246.053,13.445,62.62
JY51-2,3132.75,3,241.844,91.023,253.556,12.637,40.905
JY51-2,3132.875,3,236.655,90.954,252.149,12.715,47.521
JY51-2,3133,3,238.573,90.992,251.41,13.08,51.14
JY51-2,3133.75,3,233.777,93.004,252.517,12.706,39.466
JY51-2,3133.875,3,232.485,93.637,252.896,12.44,35.869
JY51-2,3134,3,232.517,94.347,253.473,12.481,29.466
JY51-2,3134.875,5,332.175,97.994,262.229,15.977,18.132
JY51-2,3135,5,341.333,98.232,261.22,16.073,14.019
JY51-2,3135.125,5,336.199,98.39,258.747,15.556,13.502
JY51-2,3135.75,3,276.671,98.397,248.399,12.583,20.761
JY51-2,3135.875,3,272.344,98.358,246.653,12.587,19.319
JY51-2,3136,3,266.95,98.324,244.615,12.574,20.238
JY51-2,3136.75,3,274.743,99,242.686,10.65,123.96
JY51-2,3136.875,3,293.19,99.162,246.378,10.741,99.418
JY51-2,3137,3,322.456,99.329,250.973,11.043,58.178
JY51-2,3138.25,3,404.745,100.284,250.672,11.309,19.634
JY51-2,3138.375,3,436.878,100.292,251.91,11.41,19.074
JY51-2,3138.5,3,457.92,100.375,253.352,11.954,26.341
JY51-2,3139.75,3,244.393,102.668,243.332,9.72,16.313
JY51-2,3139.875,3,232.701,102.827,247.44,10.917,20.606
JY51-2,3140,3,225.779,102.938,249.809,11.382,21.876
JY51-2,3140.75,3,217.185,103.791,241.879,10.56,37.996
JY51-2,3140.875,3,221.863,103.61,239.404,10.544,55.825
JY51-2,3141,3,225.801,103.315,238.477,10.508,65.907
JY51-2,3141.75,3,194.118,101.821,237.229,9.914,92.236
JY51-2,3141.875,3,184.389,102.104,236.011,9.918,101.744
JY51-2,3142,3,176.891,102.628,235.113,9.992,105.542
JY51-2,3142.75,4,159.184,104.986,252.069,15.175,26.269
JY51-2,3142.875,4,155.465,104.954,254.036,14.436,20.933
JY51-2,3143,4,155.957,104.782,254.702,13.825,14.779
JY51-2,3143.75,5,193.836,101.402,268.561,18.442,220.936
JY51-2,3143.875,5,195.247,100.645,271.254,18.693,193.663
JY51-2,3144,5,196.91,99.903,273.09,18.967,121.665
JY51-2,3144.75,4,160.242,96.731,226.812,15.495,43.415
JY51-2,3144.875,4,137.797,96.323,216.495,13.76,61.27
JY51-2,3145,4,110.346,95.926,205.372,11.296,107.925
