Well Name,Depth,Facies,GR,AC,DEN,CNL,LLS,LLD,K
JY11-4,2251,1,153.283,208.917,2.637,7.845,36.85,33.82,3.647
JY11-4,2252.125,1,131.242,229.899,2.682,19.377,51.297,52.338,3.746
JY11-4,2252.25,1,112.105,220.857,2.681,14.774,79.479,79.705,3.082
JY11-4,2252.375,1,99.377,206.779,2.676,9.741,107.584,105.885,2.617
JY11-4,2252.5,1,98.209,192.924,2.666,6.413,123.158,119.664,2.439
JY11-4,2252.625,1,102.866,187.758,2.655,5.178,125.878,121.821,2.349
JY11-4,2252.75,1,103.858,188.059,2.65,5.889,128.512,125.379,2.262
JY11-4,2252.875,1,96.011,186.762,2.65,7.578,148.829,146.424,2.114
JY11-4,2253.5,1,91.981,184.692,2.644,5.037,164.723,155.965,1.846
JY11-4,2253.625,1,97.823,188.307,2.641,6.261,133.042,126.241,1.946
JY11-4,2253.75,1,101.556,190.935,2.641,7.869,113.819,108.741,1.98
JY11-4,2253.875,1,103.668,193.752,2.643,9.147,106.326,102.019,2.024
JY11-4,2254,1,103.168,194.265,2.647,9.968,103.094,98.776,1.996
JY11-4,2254.125,1,100.926,192.839,2.65,10.166,97.537,93.282,1.883
JY11-4,2254.25,1,99.986,194.152,2.649,9.628,92.361,88.525,1.765
JY11-4,2255,1,79.855,186.602,2.631,6.601,571.954,549.602,1.172
JY11-4,2255.125,1,79.181,182.998,2.621,4.782,675.917,637.093,1.188
JY11-4,2255.25,1,80.43,181.274,2.614,3.858,606.046,559.45,1.209
JY11-4,2255.375,1,85.225,182.225,2.611,3.68,408.841,368.926,1.267
JY11-4,2255.5,1,96.691,191.798,2.613,4.138,202.776,179.536,1.449
JY11-4,2255.625,1,115.082,208.854,2.619,5.539,87.763,78.103,1.742
JY11-4,2255.75,1,131.424,224.409,2.629,8.43,50.664,47.203,1.971
JY11-4,2255.875,1,136.17,231.133,2.642,13.492,50.002,48.66,2.01
JY11-4,2256,1,124.485,229.295,2.653,18.713,76.383,77.002,1.838
JY11-4,2256.125,1,105.093,217.858,2.653,18.462,162.653,164.935,1.507
JY11-4,2256.25,1,87.226,201.19,2.637,12.043,345.046,344.347,1.184
JY11-4,2256.375,1,77.1,187.589,2.613,6.545,554.175,544.039,1.021
JY11-4,2256.5,1,73.577,182.959,2.595,3.626,679.104,656.112,0.977
JY11-4,2256.625,1,75.087,183.193,2.59,2.78,632.424,601.458,1.009
JY11-4,2256.75,1,81.11,185.263,2.596,2.96,469.431,439.137,1.234
JY11-4,2256.875,1,91.729,188.139,2.605,3.865,283.422,260.793,1.703
JY11-4,2257,1,107.123,192.85,2.611,5.45,148.261,134.656,2.301
JY11-4,2257.125,1,124.002,202.108,2.614,7.823,72.351,65.811,2.916
JY11-4,2257.25,1,137.271,213.685,2.617,11.445,43.555,40.66,3.404
JY11-4,2257.375,1,142.172,220.088,2.62,16.535,35.054,33.706,3.582
JY11-4,2257.5,1,139.292,220.458,2.622,21.474,35.206,34.58,3.45
JY11-4,2257.625,1,132.202,219.655,2.622,22.118,42.007,41.791,3.211
JY11-4,2257.75,1,123.149,214.159,2.625,17.654,54.888,54.795,2.937
JY11-4,2257.875,1,112.639,204.316,2.63,12.366,75.74,75.646,2.51
JY11-4,2258,1,101.948,199.191,2.634,8.784,113.562,112.96,2.031
JY11-4,2258.125,1,94.431,196.903,2.635,6.484,166.444,164.104,1.763
JY11-4,2258.25,1,90.457,191.98,2.632,4.964,219.516,214.404,1.71
JY11-4,2258.375,1,88.139,188.737,2.631,4.158,253.164,245.919,1.695
JY11-4,2258.5,1,85.953,189.158,2.633,4.072,269.949,262.221,1.653
JY11-4,2258.625,1,84.202,188.997,2.638,4.561,288.069,281.156,1.563
JY11-4,2258.75,1,82.544,187.12,2.644,5.112,323.127,316.557,1.424
JY11-4,2258.875,1,80.163,185.324,2.65,5.225,366.696,359.343,1.293
JY11-4,2259,1,78.11,183.991,2.655,4.87,399.012,390.234,1.209
JY11-4,2259.125,1,78.157,184.253,2.658,4.574,407.95,397.838,1.155
JY11-4,2259.25,1,80.097,184.64,2.657,4.675,387.717,376.381,1.119
JY11-4,2259.375,1,83.282,183.201,2.649,5.091,329.747,318.015,1.132
JY11-4,2259.5,1,88.966,181.381,2.641,5.465,248.499,238.254,1.256
JY11-4,2259.625,1,96.921,182.475,2.639,5.801,170.091,163.398,1.442
JY11-4,2259.75,1,102.749,184.566,2.649,6.468,126.771,124.001,1.518
JY11-4,2259.875,1,99.56,184.798,2.665,7.419,125.637,126.248,1.394
JY11-4,2260,1,87.872,183.278,2.681,7.886,184.791,188.844,1.18
JY11-4,2260.125,1,72.961,179.953,2.693,7.131,326.5,332.73,1.012
JY11-4,2260.25,1,61.906,175.394,2.698,5.708,522.517,527.719,0.932
JY11-4,2260.375,1,56.331,174.03,2.697,4.484,701.685,703.631,0.896
JY11-4,2260.5,1,56.033,177.54,2.692,3.824,804.021,805.389,0.856
JY11-4,2260.625,1,58.805,182.922,2.682,3.595,835.138,841.038,0.791
JY11-4,2260.75,1,62.122,188.135,2.672,3.566,830.346,844.256,0.709
JY11-4,2260.875,1,64.706,194.746,2.663,3.488,822.724,843.62,0.644
JY11-4,2261,1,66.467,203.228,2.655,3.329,819.886,844.801,0.615
JY11-4,2261.125,1,67.268,209.632,2.647,3.22,815.633,840.78,0.61
JY11-4,2261.25,1,67.183,209.857,2.636,3.236,794.861,817.488,0.616
JY11-4,2261.375,1,66.982,206.245,2.627,3.31,747.377,766.027,0.635
JY11-4,2261.5,1,67.337,199.549,2.62,3.386,678.869,693.976,0.68
JY11-4,2265.25,4,158.666,218.015,2.726,18.188,31.616,29.746,3.978
JY11-4,2265.875,4,159.99,225.382,2.688,18.15,29.171,27.161,4.111
JY11-4,2266.875,4,158.711,227.974,2.706,19.641,28.741,26.704,4.102
JY11-4,2267.75,4,158.615,235.14,2.681,19.914,27.249,25.164,4.003
JY11-4,2268.75,4,161.386,238.078,2.658,22.195,26.602,24.141,4.279
JY11-4,2269.75,4,159.951,234.672,2.686,19.749,23.869,23.906,4.596
JY11-4,2270.875,4,162.038,234.211,2.669,20.317,23.161,25.085,4.423
JY11-4,2271.75,4,162.644,243.424,2.695,21.108,22.25,25.018,4.49
JY11-4,2272.625,4,162.007,249.104,2.708,22.32,22.248,24.606,4.565
JY11-4,2273,6,175.889,247.28,2.738,19.225,22.068,23.962,4.878
JY11-4,2273.125,6,182.417,249.446,2.726,19.597,20.281,21.591,4.92
JY11-4,2273.25,6,184.495,253.503,2.706,20.312,16.373,17.047,4.928
JY11-4,2273.375,6,183.122,257.063,2.691,20.635,11.544,11.866,4.897
JY11-4,2273.5,6,181.825,258.377,2.685,20.416,7.518,7.848,4.823
JY11-4,2273.625,6,181.409,258.895,2.687,20.269,5.667,6.224,4.728
JY11-4,2273.75,6,180.309,259.695,2.689,20.595,5.582,6.438,4.637
JY11-4,2273.875,6,178.423,260.409,2.689,21.317,7.192,8.439,4.554
JY11-4,2274,6,176.88,260.41,2.687,21.786,10.501,12.146,4.467
JY11-4,2274.5,4,170.148,262.113,2.699,22.122,21.864,23.669,3.968
JY11-4,2275.75,4,176.996,261.43,2.684,22.007,7.449,8.5,5.314
JY11-4,2276.5,4,171.153,268.807,2.692,22.523,20.948,22.584,4.533
JY11-4,2277.625,4,167.773,263.57,2.687,21.134,22.756,24.707,4.63
JY11-4,2278.625,4,168.164,270.273,2.691,21.767,21.169,23.436,4.519
JY11-4,2279.875,4,165.631,263.647,2.669,21.14,19.186,21.188,4.292
JY11-4,2281.125,4,172.508,267.673,2.665,20.295,18.11,19.192,3.969
JY11-4,2282.125,4,171.665,266.275,2.665,21.69,12.922,13.604,4.54
JY11-4,2283.125,3,177.342,259.542,2.676,18.373,16.98,18.127,4.115
JY11-4,2283.75,3,197.213,251.26,2.647,16.901,18.249,18.643,4.409
JY11-4,2285.125,3,161.596,283.052,2.447,20.478,13.687,14.118,3.467
JY11-4,2285.5,6,151.744,257.208,2.475,19.852,18.787,20.07,3.27
JY11-4,2285.625,6,149.637,234.968,2.537,15.582,29.145,31.02,3.245
JY11-4,2285.75,6,148.424,227.431,2.583,13.348,43.078,45.572,3.247
JY11-4,2285.875,6,146.667,226.966,2.601,12.961,55.773,58.799,3.274
JY11-4,2286,6,143.487,222.629,2.604,13.108,65.864,69.384,3.314
JY11-4,2286.125,6,137.622,213.431,2.609,13.097,76,80.156,3.313
JY11-4,2286.25,6,127.198,203.654,2.627,12.414,89.932,95.019,3.175
JY11-4,2286.375,6,113.507,194.178,2.653,11.038,109.409,115.739,2.924
JY11-4,2286.5,6,99.762,186.974,2.677,9.485,133.017,140.338,2.738
JY11-4,2286.625,6,91.232,186.189,2.689,8.566,152.131,159.453,2.687
JY11-4,2286.75,6,89.517,193.297,2.688,8.537,155.964,162.103,2.684
JY11-4,2286.875,6,93.928,205.852,2.677,9.346,139.412,143.895,2.733
JY11-4,2287,5,103.101,220.683,2.661,10.866,111.659,114.892,2.932
JY11-4,2287.125,5,115.013,235.32,2.642,12.88,84.61,87.312,3.279
JY11-4,2287.25,5,126.681,246.641,2.627,15.093,65.962,68.477,3.58
JY11-4,2287.375,5,134.174,253.711,2.619,16.902,54.67,56.999,3.732
JY11-4,2287.5,5,137.358,257.743,2.619,17.982,47.523,49.476,3.804
JY11-4,2287.625,5,139.107,260.851,2.621,18.541,41.262,42.728,3.928
JY11-4,2287.75,2,142.982,263.559,2.622,19.334,35.213,36.232,4.107
JY11-4,2287.875,2,149.485,266.861,2.621,20.58,29.902,30.674,4.238
JY11-4,2288,2,157.987,269.65,2.622,21.705,25.911,26.643,4.302
JY11-4,2288.125,2,166.539,269.65,2.627,21.949,23.656,24.471,4.31
JY11-4,2288.625,5,176.677,264.246,2.645,19.775,25.895,26.689,4.34
JY11-4,2288.75,4,173.578,264.356,2.643,19.359,26.323,27.036,4.393
JY11-4,2288.875,5,172.364,264.888,2.642,18.977,26.025,26.667,4.389
JY11-4,2289,5,173.706,265.687,2.643,18.923,25.237,25.803,4.372
JY11-4,2289.125,5,175.295,266.702,2.647,19.284,24.075,24.493,4.356
JY11-4,2289.25,5,175.648,267.093,2.653,19.764,21.898,22.093,4.321
JY11-4,2289.375,5,174.756,266.928,2.658,19.896,18.375,18.424,4.259
JY11-4,2289.5,5,173.896,266.398,2.659,19.753,14.191,14.264,4.19
JY11-4,2289.625,5,173.91,265.489,2.655,19.522,11.046,11.281,4.153
JY11-4,2289.75,5,174.92,264.535,2.649,19.184,9.653,10.069,4.149
JY11-4,2289.875,2,176.34,263.425,2.643,18.801,9.998,10.59,4.15
JY11-4,2290,2,178.568,260.982,2.638,18.423,11.986,12.758,4.131
JY11-4,2290.25,2,187.077,250.271,2.635,17.091,18.608,19.611,4.014
JY11-4,2290.375,2,188.559,244.51,2.639,15.989,22.056,23.189,3.929
JY11-4,2290.5,5,186.492,242.323,2.648,14.894,25.915,27.211,3.868
JY11-4,2290.75,3,187.382,252.035,2.652,14.619,32.903,34.182,3.857
JY11-4,2290.875,5,196.389,259.546,2.642,16.002,33.744,34.877,3.895
JY11-4,2291,5,209.409,265.684,2.63,17.743,33.288,34.347,3.922
JY11-4,2291.125,5,222.608,268.159,2.622,18.701,32.962,34.017,3.918
JY11-4,2291.25,5,230.905,267.009,2.616,18.577,33.018,34.107,3.892
JY11-4,2291.375,5,231.72,263.816,2.61,17.884,33.284,34.388,3.84
JY11-4,2291.5,5,226.221,259.268,2.604,17.179,33.315,34.364,3.744
JY11-4,2291.625,5,220.089,253.943,2.601,16.414,32.687,33.641,3.615
JY11-4,2291.75,5,216.129,249.206,2.605,15.481,31.8,32.734,3.472
JY11-4,2292.625,4,198.053,241.618,2.65,14.257,50.163,50.626,2.698
JY11-4,2292.75,5,206.598,246.819,2.65,15.666,40.105,40.293,2.882
JY11-4,2293.875,4,189.146,277.484,2.671,19.37,21.378,21.839,4.308
JY11-4,2294,5,187.939,278.651,2.665,19.708,23.839,24.067,4.344
JY11-4,2294.25,2,196.519,281.65,2.64,21.324,18.682,18.566,4.534
JY11-4,2294.375,2,200.848,283.263,2.633,21.745,14.933,14.889,4.677
JY11-4,2294.5,5,200.943,284.186,2.632,21.844,12.727,12.792,4.817
JY11-4,2295.25,4,199.276,290.707,2.617,22.3,11.939,12.555,4.95
JY11-4,2295.375,5,199.241,291.108,2.612,22.211,14.232,14.917,4.871
JY11-4,2296,4,202.439,289.176,2.616,20.158,20.869,21.616,4.426
JY11-4,2296.125,5,205.146,287.485,2.617,20.53,21.319,22.089,4.349
JY11-4,2297.125,4,213.288,279.091,2.644,20.979,20.508,21.076,4.241
JY11-4,2298,2,185.35,274.085,2.648,18.695,24.246,24.088,3.825
JY11-4,2298.125,2,183.352,274.199,2.653,18.084,21.523,20.882,3.853
JY11-4,2298.25,2,184.55,275.827,2.657,18.268,15.696,14.931,3.846
JY11-4,2299.25,4,204.671,291.035,2.625,20.453,17.353,18.299,4.353
JY11-4,2300.125,4,196.747,288.147,2.644,19.934,23.985,24.018,3.901
JY11-4,2301,3,153.892,237.748,2.687,13.277,34.03,36.096,2.783
JY11-4,2301.75,3,157.348,244.606,2.635,14.585,50.72,52.416,3.415
JY11-4,2303,4,153.868,237.22,2.645,14.828,52.881,54.585,3.432
JY11-4,2304,4,143.744,233.068,2.658,13.873,59.621,62.245,2.312
JY11-4,2304.875,3,148.899,233.436,2.625,14.35,53.286,55.182,3.702
JY11-4,2306,4,149.311,241.346,2.648,14.308,51.827,53.794,3.722
JY11-4,2307.125,4,154.394,240.498,2.646,14.332,46.984,48.664,3.872
JY11-4,2307.375,5,156.869,244.405,2.638,14.913,46.237,47.99,3.93
JY11-4,2307.5,5,156.614,245.279,2.633,14.972,47.388,49.224,3.887
JY11-4,2307.625,5,155.87,245.825,2.627,14.75,49.008,50.904,3.795
JY11-4,2307.75,5,155.477,245.856,2.622,14.375,50.303,52.226,3.71
JY11-4,2307.875,5,156.749,245.55,2.619,13.992,51.034,52.986,3.665
JY11-4,2308,5,159.43,245.025,2.619,13.721,51.394,53.416,3.643
JY11-4,2308.375,5,161.593,243.657,2.623,13.681,52.022,54.177,3.632
JY11-4,2309,5,160.766,241.068,2.628,13.755,53.463,55.837,3.621
JY11-4,2309.125,5,156.531,237.795,2.636,13.709,56.054,58.699,3.601
JY11-4,2309.25,3,151.433,235.002,2.645,13.424,59.161,62.031,3.539
JY11-4,2309.375,5,149.198,233.557,2.652,13.066,61.903,64.865,3.408
JY11-4,2310,4,151.132,234.067,2.652,12.892,63.061,65.917,3.254
JY11-4,2310.875,4,156.826,236.277,2.647,13.075,62.36,65.01,3.14
JY11-4,2311.25,2,162.899,239.164,2.64,13.52,60.222,62.694,3.065
JY11-4,2311.375,2,166.481,241.32,2.636,13.968,57.941,60.335,3.002
JY11-4,2311.5,2,167.077,242.35,2.634,14.106,56.342,58.708,2.966
JY11-4,2311.75,4,166.698,242.633,2.634,13.897,55.546,57.868,2.971
JY11-4,2312.5,3,154.257,241.027,2.632,13.804,54.864,57.668,3.257
JY11-4,2313.625,3,152.562,236.069,2.635,13.681,54.838,57.383,2.973
JY11-4,2314.75,5,156.777,244.683,2.626,14.578,50.575,53.509,3.296
JY11-4,2314.875,5,159.148,247.228,2.622,14.722,50.566,53.669,3.407
JY11-4,2315,5,161.285,248.519,2.62,14.539,51.099,54.285,3.533
JY11-4,2315.125,5,162.264,248.418,2.612,14.038,51.674,54.98,3.708
JY11-4,2315.25,5,163.005,239.587,2.617,13.874,32.547,35.088,3.62
JY11-4,2315.375,5,223.144,246.406,2.649,16.799,12.189,13.222,3.738
JY11-4,2315.5,5,170.341,241.65,2.623,14.637,39.362,40.455,3.355
JY11-4,2315.625,5,170.824,242.07,2.626,14.659,31.292,31.885,3.236
JY11-4,2315.75,5,172.096,241.975,2.631,14.927,23.521,24.045,3.122
JY11-4,2308.125,5,173.461,240.528,2.632,15.227,18.869,19.601,3.052
JY11-4,2308.25,5,175.602,239.085,2.63,15.17,18.104,19.136,3.043
JY11-4,2308.5,5,178.363,238.04,2.628,14.698,20.81,22.109,3.128
JY11-4,2308.625,5,179.257,236.032,2.629,14.196,25.767,27.234,3.288
JY11-4,2308.75,5,177.016,234.305,2.63,13.983,31.621,33.077,3.421
JY11-4,2308.875,5,172.866,234.067,2.627,14.063,36.777,38.059,3.465
JY11-4,2316.875,3,164.722,245.513,2.631,15.756,19.414,18.653,2.803
JY11-4,2317.875,3,163.965,238.676,2.624,14.712,11.353,12.251,3.735
JY11-4,2318.875,3,156.191,235.604,2.651,14.142,59.21,60.454,3.345
JY11-4,2319.75,3,164.328,241.12,2.655,14.766,41.379,41.546,3.759
JY11-4,2321,4,160.856,237.507,2.627,13.713,19.799,20.645,3.444
JY11-4,2322.5,3,160.327,243.024,2.633,13.831,52.893,54.944,3.453
JY11-4,2324,3,167.504,263.382,2.613,14.763,41.565,42.776,3.597
JY11-4,2324.75,4,180.344,270.149,2.608,15.96,22.133,22.83,3.751
JY11-4,2326.25,4,171.81,270.648,2.603,16.687,43.757,45.362,3.158
JY11-4,2327.125,3,167.894,266.695,2.602,15.444,42.872,43.814,3.365
JY11-4,2328.25,3,168.774,267.358,2.609,14.724,49.987,52.186,3.635
JY11-4,2328.625,6,163.085,263.835,2.591,15.265,54.832,57.323,3.313
JY11-4,2328.75,6,163.573,263.887,2.593,15.223,53.457,55.863,3.126
JY11-4,2328.875,6,164.119,264.41,2.594,14.959,51.013,53.338,2.912
JY11-4,2329,6,164.015,264.835,2.592,14.72,48.949,51.345,2.716
JY11-4,2329.125,6,163.905,264.559,2.592,14.634,48.332,51.018,2.574
JY11-4,2329.25,6,164.123,263.51,2.596,14.721,49.996,53.146,2.486
JY11-4,2329.375,6,163.809,262.657,2.606,14.941,53.072,56.707,2.441
JY11-4,2329.5,6,163.1,262.497,2.614,15.213,56.227,60.3,2.462
JY11-4,2329.625,6,162.834,262.397,2.613,15.412,58.156,62.6,2.578
JY11-4,2330,3,166.6,262.389,2.584,14.898,59.078,64.111,2.901
JY11-4,2331,3,176.341,264.705,2.57,14.269,56.099,61.563,2.679
JY11-4,2332.625,3,180.449,270.77,2.567,14.671,58.48,63.393,2.863
JY11-4,2333.5,3,206.855,268.563,2.594,15.977,17.846,18.939,2.901
JY11-4,2334.5,3,184.478,253.087,2.585,12.73,31.779,32.445,2.525
JY11-4,2335.5,4,205.397,271.861,2.601,16.539,29.401,30.753,3.416
JY11-4,2336.625,3,192.422,257.624,2.613,16.053,27.793,28.719,3.64
JY11-4,2337.25,3,177.646,242.935,2.619,13.552,43.69,45.15,3.318
JY11-4,2338.375,5,182.431,239.975,2.617,12.839,50.94,53.735,2.822
JY11-4,2339.75,3,173.468,233.847,2.627,12.038,68.931,74.543,3.57
JY11-4,2341.375,3,170.419,240.527,2.586,11.811,41.008,43.707,2.706
JY11-4,2342.25,3,197.41,253.592,2.614,14.562,23.697,25.396,3.133
JY11-4,2343.25,3,191.513,243.541,2.584,12.422,68.476,73.993,2.33
JY11-4,2344.375,3,200.515,251.951,2.569,12.163,64.857,69.131,2.698
JY11-4,2345.5,3,202.268,255.609,2.569,12.144,36.037,38.781,2.799
JY11-4,2346,6,192.571,252.486,2.561,13.719,51.557,55.041,2.733
JY11-4,2346.125,6,196.875,253.184,2.558,13.806,50.209,53.468,2.728
JY11-4,2346.25,6,201.49,254.494,2.557,13.43,47.999,50.771,2.745
JY11-4,2346.375,6,204.439,255.558,2.56,12.901,43.716,45.95,2.779
JY11-4,2346.5,6,204.158,255.435,2.563,12.552,38.409,40.307,2.815
JY11-4,2346.625,6,199.854,253.041,2.566,12.339,34.831,36.805,2.844
JY11-4,2346.75,6,191.476,248.557,2.569,11.965,34.969,37.44,2.838
JY11-4,2346.875,6,182.745,245.123,2.572,11.355,39.639,42.904,2.776
JY11-4,2347,6,177.904,244.055,2.576,10.909,46.609,50.536,2.682
JY11-4,2347.125,6,180.647,244.524,2.577,10.898,51.56,55.708,2.572
JY11-4,2347.25,6,189.015,246.284,2.578,11.27,51.84,55.787,2.389
JY11-4,2347.75,3,196.245,248.016,2.591,11.429,39.857,42.869,2.439
JY11-4,2348.625,3,207.291,251.464,2.577,11.545,47.449,51.857,2.876
JY11-4,2350.25,3,203.081,256.178,2.547,13.112,30.018,32.96,2.892
JY11-4,2351.25,3,193.378,257.677,2.533,12.6,38.913,42.416,2.904
JY11-4,2352.375,3,174.314,249.049,2.543,11.057,42.804,45.794,2.015
JY11-4,2353.375,3,171.757,245.444,2.531,11.41,60.197,64.608,2.2
JY11-4,2354.5,3,196.232,247.136,2.504,9.892,16.173,17.564,2.035
JY11-4,2355.75,3,218.656,252.587,2.491,11.216,80.486,87.231,1.693
JY11-4,2356.875,3,356.106,258.039,2.472,13.389,35.627,39.363,1.533
JY11-4,2358,3,190.887,255.75,2.511,12.363,13.055,14.354,1.963
JY11-4,2359,3,177.142,245.377,2.508,9.425,33.329,36.746,1.167
JY11-4,2359.75,3,174.749,249.314,2.498,10.891,50.362,54.643,2.142
JY11-4,2361.5,3,123.442,260.115,2.56,15.311,11.961,11.629,2.206
JY11-4,2362.375,4,182.967,284.712,2.545,18.963,26.908,27.783,4.429
JY41-5,2494.5,4,165.888,238.551,2.742,18.609,36.016,35.941,4.437
JY41-5,2496.75,3,165.382,240.761,2.731,19.685,36.687,34.052,5.155
JY41-5,2502.25,1,170.613,233.924,2.718,17.547,40.182,37.677,5.342
JY41-5,2502.375,1,166.583,232.456,2.712,17.151,41.119,38.387,5.192
JY41-5,2502.5,1,160.729,231.785,2.707,16.575,41.041,38.044,5.101
JY41-5,2502.625,1,158.16,232.531,2.704,15.951,39.762,36.614,4.974
JY41-5,2503.375,1,171.199,242.725,2.726,21.066,31.972,29.535,4.958
JY41-5,2503.5,1,174.744,243.383,2.734,20.106,30.969,28.622,5.089
JY41-5,2503.625,1,176.548,244.149,2.736,19.882,30.018,27.765,5.222
JY41-5,2508,1,89.398,198.598,2.66,3.901,431.399,390.261,1.418
JY41-5,2508.125,1,90.29,198.407,2.665,4.075,385.632,349.227,1.55
JY41-5,2508.25,1,90.675,198.382,2.666,4.431,341.263,309.408,1.643
JY41-5,2508.375,1,90.239,198.727,2.664,4.871,296.333,269.286,1.698
JY41-5,2508.5,1,90.293,199.637,2.662,5.296,257.244,235.017,1.75
JY41-5,2508.625,1,92.36,200.983,2.661,5.784,233.623,215.096,1.792
JY41-5,2508.75,1,95.2,202.542,2.661,6.464,230.548,213.995,1.754
JY41-5,2508.875,1,95.399,203.84,2.658,7.242,248.694,232.745,1.635
JY41-5,2509,1,92.413,204.339,2.655,7.767,289.88,273.208,1.491
JY41-5,2509.125,1,88.891,203.738,2.649,7.494,355.544,336.208,1.394
JY41-5,2509.25,1,86.698,202.094,2.643,6.54,433.505,410.099,1.322
JY41-5,2509.375,1,85.319,199.835,2.638,5.277,519.287,490.864,1.245
JY41-5,2509.5,1,84.053,197.367,2.633,4.203,618.275,582.481,1.19
JY41-5,2509.625,1,83.363,195.333,2.626,3.509,712.277,666.562,1.147
JY41-5,2509.75,1,84.698,194.182,2.616,3.117,761.528,706.309,1.101
JY41-5,2509.875,1,88.621,194.229,2.606,2.863,727.02,668.221,1.125
JY41-5,2510,1,94.56,195.297,2.599,2.785,641.64,585.341,1.314
JY41-5,2510.125,1,101.495,197.098,2.594,3.095,547.663,497.231,1.535
JY41-5,2510.25,1,107.449,199.423,2.587,3.795,478.468,434.158,1.637
JY41-5,2510.375,1,111.332,201.981,2.576,4.631,445.745,406.16,1.661
JY41-5,2510.5,1,111.996,204.724,2.568,5.275,463.516,425.32,1.632
JY41-5,2510.625,1,108.866,207.803,2.569,5.626,541.667,500.164,1.441
JY41-5,2510.75,1,102.677,211.188,2.577,5.651,694.131,643.231,1.197
JY41-5,2510.875,1,95.448,214.656,2.583,5.201,939.022,868.126,1.11
JY41-5,2511,1,89.072,217.661,2.579,4.397,1210.787,1109.881,1.124
JY41-5,2511.125,1,84.427,219.639,2.567,3.52,1406.589,1274.164,1.148
JY41-5,2511.25,1,83.135,219.946,2.553,2.932,1413.531,1262.83,1.281
JY41-5,2511.375,1,86.135,218.708,2.542,2.767,1234.17,1086.19,1.515
JY41-5,2511.5,1,93.129,217.077,2.538,3.023,909.025,786.498,1.756
JY41-5,2511.625,1,102.801,216.58,2.545,3.46,541.507,459.592,2.151
JY41-5,2511.75,1,116.386,218.187,2.563,4.001,251.589,208.525,2.864
JY41-5,2511.875,1,136.575,222.339,2.591,5.132,99.961,81.616,3.767
JY41-5,2512,1,160.315,229.064,2.624,7.851,51.231,42.334,4.492
JY41-5,2512.125,1,180.526,236.33,2.66,13.402,36.883,30.975,4.919
JY41-5,2512.25,1,188.658,242.226,2.693,32.861,31.874,27.178,5.011
JY41-5,2512.375,1,187.331,245.357,2.719,32.008,30.915,26.672,4.976
JY41-5,2512.5,1,182.253,246.017,2.737,28.112,32.286,27.985,4.9
JY41-5,2512.625,1,177.715,244.469,2.749,25.762,34.92,30.307,4.734
JY41-5,2512.75,1,173.028,241.397,2.756,23.035,38.647,33.624,4.518
JY41-5,2512.875,1,167.059,237.604,2.757,19.963,44.293,38.644,4.377
JY41-5,2514.125,1,149.036,219.814,2.697,13.099,64.661,53.275,2.973
JY41-5,2514.25,1,149.769,222.147,2.701,15.646,62.558,51.418,3.067
JY41-5,2514.375,1,149.604,223.473,2.704,16.59,60.834,49.625,3.212
JY41-5,2514.5,1,149.746,224.726,2.703,15.962,57.022,46.083,3.586
JY41-5,2514.625,1,151.69,226.732,2.699,14.879,50.716,40.666,4.221
JY41-5,2514.75,1,156.551,230.062,2.696,14.817,43.779,34.994,4.883
JY41-5,2516,1,179.744,241.529,2.721,19.933,41.156,33.093,4.729
JY41-5,2516.125,1,176.27,238.953,2.718,19.015,44.236,35.401,4.531
JY41-5,2516.25,1,171.798,236.415,2.714,18.067,46.949,37.357,4.442
JY41-5,2516.375,1,168.34,234.147,2.711,17.22,48.653,38.518,4.541
JY41-5,2517.375,1,67.229,194.375,2.721,5.722,983.152,902.488,1.274
JY41-5,2517.5,1,57.202,187.77,2.721,3.086,1262.004,1148.016,0.999
JY41-5,2517.625,1,54.608,183.86,2.72,1.783,1277.254,1156.172,0.956
JY41-5,2518,1,59.953,186.926,2.683,2.289,1099.338,1009.13,0.85
JY41-5,2518.125,1,60.121,189.957,2.667,2.393,1263.724,1155.229,0.874
JY41-5,2518.25,1,60.273,192.652,2.651,2.114,1413.136,1271.571,0.905
JY41-5,2518.375,1,61.048,194.865,2.634,1.649,1419.704,1248.492,0.939
JY41-5,2518.5,1,62.489,196.416,2.621,1.302,1232.158,1054.409,1.007
JY41-5,2518.625,1,64.5,197.491,2.614,1.301,931.813,776.592,1.117
JY41-5,2518.75,1,68.112,199.014,2.608,1.719,616.569,501.98,1.218
JY41-5,2518.875,1,77.557,201.797,2.604,2.482,353.4,282.314,1.469
JY41-5,2519,1,95.925,206.39,2.609,3.515,172.146,134.902,2.143
JY41-5,2519.125,1,122.782,212.937,2.628,5.146,77.845,60.418,3.214
JY41-5,2519.25,1,150.702,221.363,2.661,8.282,47.696,37.431,4.118
JY41-5,2519.375,1,172.899,230.303,2.693,15.051,36.508,29.039,4.599
JY41-5,2519.5,1,186.824,238.368,2.714,25.997,32.169,25.914,4.674
JY41-5,2519.625,1,194.064,244.451,2.721,27.088,30.961,25.197,4.596
JY41-5,2519.75,1,196.473,248.338,2.723,26.14,31.046,25.477,4.482
JY41-5,2519.875,1,195.612,250.147,2.727,24.584,31.804,26.292,4.352
JY41-5,2520,1,193.074,250.169,2.729,23.685,33.009,27.444,4.23
JY41-5,2520.125,4,188.447,249.275,2.725,21.748,34.515,28.796,4.147
JY41-5,2521.125,4,176.183,238.368,2.7,17.181,39.414,33.401,5.1
JY41-5,2522.25,4,184.508,243.803,2.704,19.379,29.618,24.775,5.512
JY41-5,2523.375,4,191.613,253.397,2.718,20.88,29.421,25.062,4.467
JY41-5,2524.375,4,183.164,254.525,2.709,20.741,34.494,29.981,5.221
JY41-5,2525.25,4,175.701,251.445,2.705,20.67,33.169,30.517,5.008
JY41-5,2526.25,4,180.339,254.521,2.731,20.893,24.605,23.192,5.089
JY41-5,2527.25,4,179.41,254.761,2.716,20.503,31.51,29.965,5.244
JY41-5,2528.125,4,175.971,249.991,2.719,20.25,26.513,26.104,5.269
JY41-5,2529,4,178.026,248.254,2.714,20.092,32.878,31.96,4.335
JY41-5,2529.875,4,180.642,248.073,2.725,21.299,29.633,28.449,4.916
JY41-5,2530.75,4,177.418,250.406,2.728,19.219,32.444,30.772,4.678
JY41-5,2531.5,4,184.536,252.677,2.715,21.433,30.845,29.403,5.147
JY41-5,2532.5,4,178.836,253.917,2.729,20.543,30.523,28.998,5.478
JY41-5,2533.375,4,178.819,255.004,2.746,21.306,29.364,27.738,5.909
JY41-5,2534.125,4,186.378,253.541,2.733,20.938,18.956,18.604,5.144
JY41-5,2535,4,174.544,252.181,2.721,21.156,27.992,26.259,5.521
JY41-5,2536,4,181.282,254.563,2.699,21.085,33.002,31.154,5.462
JY41-5,2537,4,193.229,258.335,2.695,21.826,27.467,25.742,4.971
JY41-5,2538,4,187.172,253.741,2.717,20.075,25.34,23.34,5.167
JY41-5,2539,4,189.167,259.999,2.706,19.994,15.535,14.715,5.045
JY41-5,2540.125,4,185.876,258.724,2.702,20.362,24.283,22.799,4.928
JY41-5,2541.625,4,195.759,259.344,2.709,19.352,39.047,36.041,5.455
JY41-5,2542.75,4,213.005,257.608,2.684,19.249,19.837,18.126,5.372
JY41-5,2543.5,4,207.693,259.275,2.645,18.468,11.56,10.17,4.06
JY41-5,2544.5,4,190.745,255.548,2.675,19.836,31.991,29.942,4.635
JY41-5,2545.375,4,183.592,261.623,2.664,18.919,28.722,26.93,5.624
JY41-5,2546.125,4,188.056,257.383,2.64,18.556,15.966,15.191,5.001
JY41-5,2547.125,4,185.922,251.095,2.661,16.751,41.697,38.467,3.897
JY41-5,2548.125,4,191.494,258.258,2.672,16.066,38.908,37.162,4.923
JY41-5,2549,4,209.681,268.286,2.661,19.501,37.134,35.233,5.333
JY41-5,2550.125,5,227.265,272.069,2.622,18.995,16.357,15.747,4.563
JY41-5,2551.125,4,209.697,258.875,2.594,15.68,62.139,60.999,3.292
JY41-5,2552.25,4,202.558,255.024,2.598,16.662,54.222,51.898,3.815
JY41-5,2553.375,4,238.167,263.646,2.653,18.859,23.686,21.617,4.29
JY41-5,2554.125,4,194.573,267.743,2.686,17.587,25.437,23.231,4.277
JY41-5,2554.625,4,199.152,275.312,2.656,19.748,19.45,18.061,4.166
JY41-5,2556.125,4,214.849,278.49,2.649,19.108,19.229,17.997,4.436
JY41-5,2557,6,207.325,276.358,2.65,20.386,32.952,30.452,4.35
JY41-5,2557.125,5,211.89,275.105,2.669,19.957,32.826,30.509,4.227
JY41-5,2557.25,6,216.394,274.662,2.667,19.728,33.005,30.588,4.483
JY41-5,2557.375,6,219.059,273.804,2.663,19.939,31.896,29.355,4.729
JY41-5,2557.5,6,221.301,272.217,2.658,20.236,28.397,25.918,4.848
JY41-5,2557.625,6,222.288,269.969,2.659,20.257,22.878,20.826,4.927
JY41-5,2557.75,6,219.019,267.53,2.669,19.855,17.839,16.36,4.939
JY41-5,2557.875,6,212.127,265.33,2.686,18.928,15.046,14.031,4.864
JY41-5,2558,6,206.949,263.805,2.696,18.054,15.208,14.427,4.774
JY41-5,2558.125,6,204.513,262.725,2.695,17.971,18.369,17.575,4.694
JY41-5,2558.25,6,200.94,261.501,2.691,18.928,24.682,23.527,4.604
JY41-5,2558.375,6,193.492,259.639,2.696,19.958,31.811,30.005,4.506
JY41-5,2558.5,6,185.071,257.583,2.707,20.078,36.339,33.871,4.416
JY41-5,2558.625,6,182.01,256.205,2.718,19.262,35.468,32.706,4.349
JY41-5,2558.75,6,185.571,256.586,2.719,18.637,30.717,28.14,4.346
JY41-5,2558.875,6,194.44,258.898,2.71,18.927,25.087,23.001,4.416
JY41-5,2559,6,204.926,262.689,2.691,20.236,21.38,19.789,4.474
JY41-5,2559.125,4,213.233,266.65,2.67,21.723,20.124,18.838,4.465
JY41-5,2560.125,4,216.993,269.823,2.652,22.391,21.055,19.86,4.414
JY41-5,2561.125,4,203.269,268.205,2.666,18.426,29.168,26.831,4.079
JY41-5,2562.125,4,201.476,263.584,2.67,20.262,24.772,22.627,4.664
JY41-5,2563.125,3,196.023,259.733,2.665,18.474,32.245,29.722,4.547
JY41-5,2563.875,3,200.661,233.046,2.654,15.375,42.344,40.421,3.545
JY41-5,2564.875,3,155.52,230.674,2.678,11.867,65.196,61.541,3.486
JY41-5,2566.125,4,160.393,236.269,2.674,14.663,58.538,55.428,4.014
JY41-5,2566.75,4,174.058,242.662,2.641,14.629,56.305,54.41,3.608
JY41-5,2567.75,3,171.844,242.635,2.633,14.091,56.758,55.217,3.158
JY41-5,2568.75,3,164.189,244.276,2.647,13.345,48.031,46.725,3.784
JY41-5,2570.125,3,181.484,244.744,2.625,14.378,17.789,16.957,3.934
JY41-5,2571.375,4,185.233,236.344,2.652,13.469,48.076,45.378,3.783
JY41-5,2572.25,4,167.477,233.485,2.684,13.613,45.676,42.095,4.207
JY41-5,2573.125,4,180.409,241.286,2.633,13.671,28.749,24.53,4.05
JY41-5,2574.25,3,175.719,238.031,2.635,14.546,49.027,45.041,3.486
JY41-5,2575.875,3,165.928,239.22,2.642,13.837,54.998,50.404,3.968
JY41-5,2576.5,5,174.519,235.679,2.648,13.892,60.821,56.72,4.123
JY41-5,2577.5,3,166.2,234.225,2.66,13.618,27.373,24.518,3.43
JY41-5,2578.5,3,172.173,239.874,2.622,14.198,59.07,56.92,4.299
JY41-5,2579.5,3,175.189,242.531,2.617,14.668,53.262,51.606,3.959
JY41-5,2580.25,3,182.054,245.784,2.632,14.52,46.198,44.045,3.791
JY41-5,2581.125,4,170.007,248.977,2.646,12.505,45.211,42.651,3.413
JY41-5,2582.25,4,185.84,258.119,2.631,16.286,31.475,28.766,4.093
JY41-5,2583.125,3,183.574,260.598,2.616,17.293,49.902,47.579,3.491
JY41-5,2584.125,3,176.783,260.133,2.602,15.593,13.05,12.426,3.958
JY41-5,2585,3,169.614,258.43,2.639,14.918,55.325,52.101,3.71
JY41-5,2586,3,181.611,259.835,2.605,14.416,46.683,44.31,3.738
JY41-5,2587,4,175.689,257.554,2.585,14.687,63.545,61.178,3.238
JY41-5,2587.625,3,175.887,254.226,2.612,13.704,61.816,61.551,3.115
JY41-5,2588.375,3,177.89,255.735,2.579,14.128,58.425,57.719,3.547
JY41-5,2589.375,5,182.077,256.884,2.574,13.879,54.337,54.405,3.098
JY41-5,2590.125,3,187.911,260.764,2.595,14.151,56.024,55.07,4.015
JY41-5,2590.875,3,203.248,265.595,2.584,14.715,28.566,26.018,4.098
JY41-5,2591.625,4,206.396,263.224,2.602,14.308,35.667,34.534,3.249
JY41-5,2592.25,4,221.792,263.805,2.61,17.291,31.016,28.985,4.17
JY41-5,2593,3,198.637,250.072,2.648,14.104,27.765,26.627,3.602
JY41-5,2594.125,5,196.612,244.407,2.625,13.017,21.835,19.99,3.342
JY41-5,2595,5,205.576,240.681,2.614,11.914,59.195,56.968,2.975
JY41-5,2595.125,6,198.877,236.745,2.609,12.298,39.524,38.046,3.116
JY41-5,2595.25,6,198.393,235.695,2.607,12.262,42.874,42.096,3.147
JY41-5,2595.375,6,198.058,234.842,2.608,12.049,50.249,49.957,3.196
JY41-5,2595.5,6,195.853,234.401,2.616,11.934,57.622,57.385,3.266
JY41-5,2595.625,6,192.33,234.634,2.627,11.98,61.121,60.599,3.323
JY41-5,2595.75,6,189.898,235.71,2.634,12.032,60.225,59.358,3.335
JY41-5,2595.875,6,189.222,237.568,2.628,11.958,57.198,56.035,3.328
JY41-5,2596,6,188.601,239.631,2.616,11.853,53.036,51.561,3.327
JY41-5,2596.125,6,186.891,241.517,2.606,11.848,46.502,44.768,3.353
JY41-5,2596.25,6,185.888,242.971,2.609,12.032,37.646,35.947,3.42
JY41-5,2596.375,6,187.297,243.876,2.618,12.613,29.087,27.757,3.498
JY41-5,2596.5,6,190.715,244.091,2.626,13.668,23.758,22.94,3.524
JY41-5,2597,3,192.871,243.622,2.622,14.51,23.246,22.936,3.486
JY41-5,2597.625,3,178.033,239.958,2.586,11.279,65.71,64.784,3.076
JY41-5,2598.125,3,177.352,242.261,2.591,12.671,40.362,39.382,3.329
JY41-5,2599.125,3,186.635,243.763,2.594,10.958,33.346,31.058,3.227
JY41-5,2600.25,3,190.65,242.753,2.623,12.21,21.496,20.208,3.147
JY41-5,2601.375,3,218.968,245.006,2.562,12.161,65.471,63.408,3.409
JY41-5,2602.25,3,204.895,244.382,2.559,12.068,37.564,36.869,3.05
JY41-5,2603,3,215.713,246.327,2.558,12.197,28.301,28.051,3.012
JY41-5,2603.5,3,202.089,246.521,2.544,12.515,54.892,53.899,2.683
JY41-5,2604.75,3,211.615,246.821,2.555,11.982,31.098,29.406,2.856
JY41-5,2605.75,3,215.454,243.753,2.556,11.443,41.459,39.871,4.057
JY41-5,2606.75,3,212.919,242.216,2.573,12.488,29.747,28.109,3.586
JY41-5,2607.75,3,227.116,249.364,2.549,12.626,21.062,20.479,2.682
JY41-5,2608.75,3,222.867,251.252,2.527,12.782,31.727,31.984,2.848
JY41-5,2609.625,3,199.438,244.347,2.543,10.029,40.297,39.255,3.061
JY41-5,2610.625,3,182.158,241.498,2.562,9.948,46.845,46.698,2.849
JY41-5,2611.625,3,215.214,249.208,2.535,10.445,13.954,13.246,2.838
JY41-5,2612.625,3,247.18,246.25,2.494,10.932,26.115,25.292,2.913
JY41-5,2613.625,3,236.597,252.315,2.485,11.371,15.168,15.146,3.357
JY41-5,2614.75,3,235.295,246.424,2.485,9.894,66.97,66.788,2.936
JY41-5,2615,6,383.445,267.251,2.459,13.419,15.119,14.654,4.299
JY41-5,2615.125,6,439.984,261.819,2.421,13.551,20.279,19.868,4.235
JY41-5,2615.25,6,435.24,254.145,2.431,13.059,26.792,26.374,4.027
JY41-5,2615.375,6,395.534,244.298,2.466,11.85,36.886,36.156,3.589
JY41-5,2615.5,6,326.75,234.854,2.518,9.94,46.304,44.871,3.096
JY41-5,2615.625,6,256.282,228.106,2.576,8.13,48.833,46.694,2.708
JY41-5,2615.75,6,213.388,226.21,2.613,7.306,42.848,40.447,2.431
JY41-5,2615.875,6,203.697,228.734,2.61,7.849,32.818,30.651,2.231
JY41-5,2616,6,210.302,234.457,2.569,9.559,23.516,21.823,2.081
JY41-5,2616.125,6,214.836,241.067,2.518,11.485,16.796,15.629,1.935
JY41-5,2616.25,6,213.092,246.825,2.481,12.634,12.651,11.983,1.734
JY41-5,2616.375,6,207.351,250.569,2.465,12.501,11.469,11.201,1.542
JY41-5,2616.5,6,198.681,252.206,2.465,11.476,13.82,13.77,1.408
JY41-5,2616.75,3,188.415,252.166,2.472,10.204,19.568,19.422,1.329
JY41-5,2617.75,3,184.242,249.099,2.488,9.029,29.672,28.477,1.366
JY41-5,2618.625,3,202.452,248.231,2.462,9.069,22.022,21.16,2.368
JY41-5,2619.75,3,168.856,246.184,2.465,9.695,21.966,20.94,2.323
JY41-5,2620.625,4,138.054,249.61,2.53,14.202,34.561,30.583,3.199
JY56-z1,2850.5,1,181.624,219.336,2.733,18.596,74.969,87.647,4.159
JY56-z1,2850.625,1,175.532,214.466,2.731,17.52,130.747,152.177,4.01
JY56-z1,2850.75,1,167.215,208.01,2.728,15.923,205.017,237.81,3.768
JY56-z1,2850.875,1,156.31,203.385,2.724,13.959,264.884,306.543,3.471
JY56-z1,2851,1,142.783,198.718,2.719,12.011,294.022,339.448,3.171
JY56-z1,2851.125,1,129.831,193.254,2.715,10.32,296.527,341.219,2.925
JY56-z1,2851.25,1,121.653,195.31,2.71,9.064,288.777,331.178,2.773
JY56-z1,2851.375,1,117.821,201.337,2.707,8.318,272.296,311.574,2.73
JY56-z1,2851.5,1,117.349,207.898,2.704,8.196,242.8,277.653,2.711
JY56-z1,2851.625,1,120.561,212.349,2.703,8.712,207.303,237.029,2.679
JY56-z1,2851.75,1,128.202,218.369,2.701,9.75,175.406,200.318,2.637
JY56-z1,2851.875,1,138.768,223.733,2.699,11.119,152.239,173.235,2.61
JY56-z1,2852,1,148.658,227.805,2.698,12.36,131.599,148.962,2.625
JY56-z1,2855.5,1,123.936,221.486,2.693,10.65,109.772,125.439,3.08
JY56-z1,2855.625,1,138.077,227.815,2.702,12.138,104.177,118.635,3.313
JY56-z1,2855.75,1,157.527,231.036,2.712,13.92,88.11,100.166,3.522
JY56-z1,2855.875,1,173.599,233.573,2.718,15.053,70.641,80.353,3.594
JY56-z1,2856,1,179.531,235.512,2.718,15.016,59.083,67.352,3.605
JY56-z1,2857.125,1,143.246,230.967,2.643,9.648,66.354,78.411,2.38
JY56-z1,2857.25,1,115.554,223.34,2.634,7.268,105.099,124.538,1.878
JY56-z1,2857.375,1,97.285,211.666,2.633,5.576,185.81,219.9,1.608
JY56-z1,2857.5,1,88.442,198.533,2.631,4.67,308.011,363.403,1.516
JY56-z1,2857.625,1,85.757,193.633,2.625,4.498,423.893,498.381,1.55
JY56-z1,2857.75,1,89.945,197.679,2.618,5.15,444.724,521.173,1.805
JY56-z1,2857.875,1,102.954,203.097,2.608,6.589,354.969,415.075,2.317
JY56-z1,2858,1,122.538,208.713,2.591,8.419,216.437,253.168,2.8
JY56-z1,2858.125,1,138.085,212.239,2.571,9.659,120.466,141.919,2.984
JY56-z1,2858.25,1,139.593,212.103,2.567,9.006,85.569,101.942,2.836
JY56-z1,2858.375,1,125.024,208.472,2.588,6.895,91.914,110.023,2.388
JY56-z1,2858.5,1,102.122,201.853,2.621,4.737,158.723,189.519,1.789
JY56-z1,2858.625,1,80.944,193.841,2.65,3.321,355.935,423.848,1.279
JY56-z1,2858.75,1,66.77,187.124,2.663,2.659,725.516,863.725,1.013
JY56-z1,2858.875,1,60.311,181.812,2.659,2.568,1161.286,1383.51,0.932
JY56-z1,2859,1,59.364,178.297,2.645,2.705,1508.01,1797.428,0.925
JY56-z1,2859.125,1,61.256,177.375,2.631,2.925,1671.102,1991.133,0.928
JY56-z1,2859.25,1,63.627,178.562,2.619,3.173,1709.227,2034.375,0.941
JY56-z1,2859.375,1,65.753,179.888,2.609,3.405,1699.068,2019.652,0.951
JY56-z1,2859.5,1,67.127,181.135,2.6,3.543,1669.77,1982.736,0.945
JY56-z1,2859.625,1,67.825,183.455,2.594,3.6,1613.424,1914.354,0.944
JY56-z1,2859.75,1,68.768,185.42,2.593,3.693,1510.468,1791.477,0.948
JY56-z1,2859.875,1,71.49,185.05,2.595,3.894,1358.773,1612.763,0.94
JY56-z1,2860,1,74.991,184.353,2.598,4.105,1203.086,1431.319,0.917
JY56-z1,2860.125,1,76.854,183.379,2.6,4.226,1086.569,1297.256,0.894
JY56-z1,2860.25,1,75.214,182.324,2.599,4.249,1027.193,1229.777,0.87
JY56-z1,2860.375,1,71.643,182.024,2.598,4.245,1003.569,1203.007,0.836
JY56-z1,2860.5,1,68.575,182.954,2.594,4.197,996.541,1195.151,0.788
JY56-z1,2860.625,1,67.023,184.847,2.59,4.028,994.328,1193.1,0.725
JY56-z1,2860.75,1,66.567,186.284,2.587,3.777,992.11,1190.664,0.661
JY56-z1,2860.875,1,67.285,187.117,2.587,3.597,986.932,1183.545,0.623
JY56-z1,2861,1,70.205,186.848,2.59,3.594,980.783,1174.517,0.636
JY56-z1,2861.125,1,76.12,185.703,2.594,3.685,977.246,1168.609,0.704
JY56-z1,2861.25,1,83.49,183.614,2.594,3.762,976.834,1166.723,0.78
JY56-z1,2861.375,1,88.732,181.525,2.593,3.763,974.94,1163,0.818
JY56-z1,2861.5,1,90.112,179.966,2.593,3.704,970.34,1155.557,0.829
JY56-z1,2861.625,1,88.34,179.193,2.595,3.611,969.244,1151.743,0.845
JY56-z1,2861.75,1,84.858,178.65,2.597,3.493,982.405,1165.114,0.881
JY56-z1,2861.875,1,80.392,178.679,2.598,3.309,1026.984,1217.17,0.922
JY56-z1,2862,1,76.703,179.268,2.601,2.977,1127.068,1337.18,0.946
JY56-z1,2862.125,1,75.041,179.477,2.605,2.585,1290.227,1532.29,0.944
JY56-z1,2862.25,1,76.065,179.46,2.609,2.247,1503.732,1783.684,0.921
JY56-z1,2862.375,1,79.989,178.184,2.61,2.004,1716.001,2027.676,0.87
JY56-z1,2862.5,1,86.574,176.232,2.607,1.811,1887.56,2217.047,0.828
JY56-z1,2862.625,1,94.253,175.248,2.603,1.716,1991.205,2319.354,0.839
JY56-z1,2862.75,1,100.602,174.808,2.599,1.922,2022.824,2331.803,0.926
JY56-z1,2862.875,1,105.836,177.415,2.601,2.631,1928.989,2197.164,1.138
JY56-z1,2863,1,113.16,189.253,2.613,4.107,1592.787,1793.551,1.559
JY56-z1,2863.125,1,124.666,202.101,2.641,6.482,1073.873,1196.466,2.175
JY56-z1,2865,4,183.139,237.273,2.724,18.82,38.364,40.527,4.004
JY56-z1,2865.625,4,178.192,238.154,2.703,17.407,41.743,43.441,3.251
JY56-z1,2866.625,6,115.861,207.138,2.761,10.554,119.913,120.877,2.065
JY56-z1,2866.875,6,100.828,203.227,2.747,10.132,176.005,176.99,2.078
JY56-z1,2867.125,6,115.596,213.184,2.684,11.452,163.46,165.635,2.912
JY56-z1,2867.25,6,131.687,221.84,2.658,12.74,130.628,132.459,3.391
JY56-z1,2867.875,3,192.797,264.676,2.681,19.717,32.84,33.768,4.299
JY56-z1,2868.25,4,202.489,264.334,2.702,18.806,27.772,29.357,4.58
JY56-z1,2868.625,4,198.02,262.39,2.706,19.351,29.079,31.277,4.362
JY56-z1,2869.25,4,200.315,263.08,2.689,19.113,24.408,26.775,3.789
JY56-z1,2869.75,4,203.809,263.232,2.699,19.294,33.652,37.154,3.628
JY56-z1,2870.25,4,193.824,256.697,2.691,17.834,42.147,46.842,4.013
JY56-z1,2870.875,4,199.771,265.331,2.681,17.16,42.177,46.044,3.962
JY56-z1,2871.5,4,226.782,268.876,2.647,17.3,37.647,41.035,3.655
JY56-z1,2871.75,4,224.608,260.144,2.634,16.958,38.661,42.398,3.604
JY56-z1,2872.25,3,193.199,240.661,2.686,13.959,40.943,44.926,3.616
JY56-z1,2872.75,2,191.171,234.797,2.689,14.438,18.775,20.881,3.918
JY56-z1,2872.875,2,191.352,234.322,2.689,14.72,18.653,21.031,3.978
JY56-z1,2873,2,193.357,234.235,2.691,15.038,24.486,27.589,4.003
JY56-z1,2873.125,2,193.6,234.506,2.691,15.165,35.761,40.025,3.989
JY56-z1,2873.25,2,190.547,235.075,2.688,15.022,48.368,53.932,3.936
JY56-z1,2873.375,2,186.941,235.787,2.682,14.721,57.117,63.705,3.853
JY56-z1,2873.5,2,186.9,236.552,2.677,14.428,60.104,67.206,3.741
JY56-z1,2873.625,2,190.4,237.467,2.674,14.114,58.977,66.149,3.615
JY56-z1,2873.75,2,193.414,238.579,2.672,13.821,55.703,62.644,3.473
JY56-z1,2873.875,3,192.676,239.821,2.67,13.725,52.124,58.686,3.313
JY56-z1,2874.375,4,185.95,244.358,2.663,14.769,37.12,39.834,2.808
JY56-z1,2874.75,4,186.492,245.699,2.663,14.571,11.899,13.082,2.766
JY56-z1,2875.25,3,189.136,244.793,2.664,15.638,25.559,28.815,3.051
JY56-z1,2875.75,3,185.499,240.591,2.66,13.94,60.186,69.009,3.372
JY56-z1,2876.25,3,184.038,237.444,2.663,14.189,69.171,79.461,3.19
JY56-z1,2876.75,5,164.72,233.544,2.686,14.231,75.651,88.785,3.348
JY56-z1,2876.875,2,159.807,233.33,2.68,14.416,78.191,92.065,3.388
JY56-z1,2877,2,161.855,233.461,2.674,14.377,78.983,93.107,3.408
JY56-z1,2877.125,2,168.63,234.233,2.671,14.124,78.433,92.469,3.405
JY56-z1,2877.25,2,174.572,235.686,2.669,13.766,77.439,91.255,3.403
JY56-z1,2877.875,3,189.524,239.646,2.642,14.393,60.21,70.78,3.965
JY56-z1,2878.25,3,184.482,240.931,2.649,13.917,49.277,58.695,4.043
JY56-z1,2878.625,3,173.101,240.67,2.676,13.617,60.521,74.078,3.587
JY56-z1,2880.25,3,185.538,244.428,2.648,14.829,68.241,85.244,2.759
JY56-z1,2880.875,2,182.601,243.714,2.674,14.422,71.628,89.317,2.978
JY56-z1,2881,2,183.96,244.134,2.669,14.391,71.892,89.665,3.081
JY56-z1,2881.125,2,184.741,243.779,2.666,14.052,71.566,89.394,3.182
JY56-z1,2882,2,171.905,245.739,2.65,12.157,70.84,88.705,3.676
JY56-z1,2882.125,2,173.745,249.275,2.645,12.537,61.143,76.633,3.663
JY56-z1,2882.25,2,175.917,252.655,2.643,13.292,51.823,65.06,3.568
JY56-z1,2883.375,3,189.515,265.097,2.633,17.337,62.31,78.35,3.419
JY56-z1,2883.5,6,190.817,265.103,2.628,17.344,61.464,77.167,3.531
JY56-z1,2883.625,6,193.05,265.091,2.623,17.142,60.456,75.832,3.619
JY56-z1,2883.75,2,194.322,265.079,2.623,16.734,59.681,74.79,3.668
JY56-z1,2883.875,2,191.53,265.005,2.626,16.252,59.518,74.429,3.679
JY56-z1,2884,6,185.804,264.795,2.63,15.903,59.995,74.784,3.669
JY56-z1,2884.125,6,180.803,264.706,2.634,15.724,60.941,75.663,3.673
JY56-z1,2884.25,6,179.035,265.148,2.635,15.706,61.926,76.497,3.697
JY56-z1,2884.375,2,180.25,265.892,2.632,15.726,62.8,77.086,3.724
JY56-z1,2884.5,2,184.305,266.818,2.627,15.673,63.549,77.504,3.738
JY56-z1,2884.625,2,188.676,267.715,2.622,15.589,64.131,77.884,3.721
JY56-z1,2884.875,4,191.494,267.972,2.616,15.691,65.621,79.515,3.665
JY56-z1,2886.375,3,190.942,268.856,2.645,15.093,17.415,19.203,3.188
JY56-z1,2887,4,190.751,271.908,2.622,15.844,35.838,42.573,2.813
JY56-z1,2888.125,3,184.536,269.326,2.657,14.718,44.174,52.591,3.209
JY56-z1,2889.25,3,186.128,264.033,2.632,13.964,78.829,94.194,3.16
JY56-z1,2890.25,3,185.988,267.901,2.609,12.663,65.667,81.124,3.163
JY56-z1,2891.25,3,185.304,265.625,2.615,15.554,84.657,106.589,2.748
JY56-z1,2892.375,3,192.134,262.406,2.574,12.774,78.016,98.368,2.793
JY56-z1,2893.25,3,206.094,260.985,2.583,14.524,94.081,116.395,2.865
JY56-z1,2894.125,3,201.937,256.577,2.578,13.688,88.086,108.003,2.983
JY56-z1,2894.875,3,237.981,280.058,2.628,15.445,27.835,32.668,3.077
JY56-z1,2895.75,3,211.028,260.664,2.652,14.968,27.791,33.657,2.594
JY56-z1,2896.75,3,213.836,252.878,2.626,13.207,48.623,57.805,2.726
JY56-z1,2897.625,5,203.683,245.696,2.63,12.403,79.421,93.981,2.639
JY56-z1,2898.625,4,209.516,248.093,2.627,12.485,99.248,118.631,2.35
JY56-z1,2899.375,5,213.236,249.166,2.607,11.63,71.558,88.948,2.545
JY56-z1,2900.375,3,196.759,251.841,2.589,11.918,99.981,124.29,2.887
JY56-z1,2901.375,3,200.415,250.002,2.598,11.321,73.368,93.14,2.822
JY56-z1,2902.375,3,191.92,250.404,2.581,12.569,92.557,115.589,2.738
JY56-z1,2903.25,3,205.511,252.369,2.611,11.245,57.322,69.025,3.152
JY51-2,3026.875,1,152.842,210.728,2.672,13.918,59.481,58.482,3.599
JY51-2,3027,1,151.346,208.878,2.634,17.749,62.687,63.027,3.48
JY51-2,3027.125,1,133.311,206.389,2.601,17.674,81.805,83.043,2.862
JY51-2,3027.25,1,111.097,203.532,2.585,13.122,122.574,123.973,2.095
JY51-2,3027.375,1,95.076,200.661,2.592,7.872,182.98,183.379,1.573
JY51-2,3027.5,1,89.788,198.145,2.608,4.927,241.054,239.731,1.407
JY51-2,3027.625,1,89.977,196.322,2.627,4.071,278.267,275.035,1.332
JY51-2,3027.75,1,89.579,195.507,2.64,4.529,295.778,291.77,1.267
JY51-2,3027.875,1,85.342,195.82,2.645,5.364,314.258,309.519,1.236
JY51-2,3028,1,79.596,197.409,2.643,5.858,335.184,326.918,1.234
JY51-2,3028.125,1,76.603,200.225,2.636,5.731,328.796,314.038,1.239
JY51-2,3028.25,1,80.937,204.071,2.632,5.334,275.998,256.402,1.331
JY51-2,3028.375,1,94.514,208.738,2.636,5.352,190.381,171.873,1.682
JY51-2,3028.5,1,116.948,213.81,2.648,6.464,113.982,101.07,2.304
JY51-2,3034,1,102.363,190.285,2.619,6.128,394.631,405.673,1.697
JY51-2,3034.125,1,98.089,191.05,2.61,4.738,452.011,467.45,1.503
JY51-2,3034.25,1,97.199,192.195,2.603,3.912,483.495,501.291,1.392
JY51-2,3034.375,1,98.918,193.663,2.6,3.74,485.64,503.016,1.307
JY51-2,3034.5,1,101.835,195.35,2.6,4.037,468.019,483.066,1.21
JY51-2,3034.625,1,104.275,197.157,2.602,4.528,439.559,451.216,1.15
JY51-2,3034.75,1,105.732,198.99,2.609,5.017,405.102,413.455,1.179
JY51-2,3034.875,1,107.441,200.838,2.619,5.478,365.984,372.111,1.43
JY51-2,3035,1,110.598,202.784,2.63,6.017,325.78,331.01,1.971
JY51-2,3035.125,1,114.647,204.984,2.636,6.725,290.305,295.538,2.566
JY51-2,3035.25,1,117.88,207.608,2.637,7.571,263.544,269.282,2.931
JY51-2,3035.375,1,120.065,210.745,2.637,8.423,246.406,253.057,3.12
JY51-2,3035.5,1,121.504,214.23,2.639,9.047,237.095,245.406,3.288
JY51-2,3035.625,1,121.927,217.709,2.64,9.205,237.661,249.006,3.388
JY51-2,3035.75,1,120.171,220.623,2.639,8.755,253.25,269.506,3.362
JY51-2,3035.875,1,114.751,222.416,2.633,7.759,289.379,312.647,3.15
JY51-2,3036,1,105.472,222.629,2.621,6.417,351.328,383.334,2.706
JY51-2,3036.125,1,94.655,221.202,2.609,4.988,428.749,468.373,2.18
JY51-2,3036.25,1,86.881,218.464,2.599,3.841,485.368,527.037,1.857
JY51-2,3036.375,1,85.403,214.989,2.597,3.309,482.79,517.907,1.837
JY51-2,3036.5,1,90.13,211.613,2.601,3.625,420.835,444.532,2.061
JY51-2,3036.625,1,96.922,209.077,2.61,4.737,332.71,346.712,2.39
JY51-2,3036.75,1,102.505,207.988,2.62,6.349,255.327,264.729,2.624
JY51-2,3036.875,1,106.05,208.513,2.629,7.922,202.956,210.837,2.695
JY51-2,3037,1,108.26,210.702,2.632,8.985,174.91,183.17,2.741
JY51-2,3037.125,1,108.194,214.379,2.63,9.437,167.677,177.02,2.742
JY51-2,3037.25,1,104.542,219.132,2.626,9.243,171.574,181.345,2.564
JY51-2,3037.375,1,99.798,224.577,2.619,8.314,175.814,184.801,2.264
JY51-2,3037.5,1,99.265,230.173,2.613,6.931,173.182,180.728,2.07
JY51-2,3037.625,1,105.841,235.275,2.614,5.887,165.508,172.055,2.093
JY51-2,3037.75,1,115.016,239.141,2.627,5.815,159.63,166.444,2.199
JY51-2,3037.875,1,118.758,241.106,2.648,6.888,165.883,174.77,2.258
JY51-2,3038,1,113.078,240.667,2.667,8.615,201.546,215.49,2.184
JY51-2,3038.125,1,101.73,237.584,2.673,9.898,287.101,309.714,1.959
JY51-2,3038.25,1,91.404,232.337,2.662,9.52,414.216,445.326,1.67
JY51-2,3038.375,1,86.169,225.658,2.643,7.572,527.945,561.122,1.47
JY51-2,3038.5,1,86.162,218.675,2.625,5.477,555.402,580.296,1.398
JY51-2,3038.625,1,90.361,212.62,2.615,4.435,482.505,494.082,1.418
JY51-2,3038.75,1,97.758,208.175,2.612,4.551,357.543,359.368,1.536
JY51-2,3038.875,1,107.478,205.317,2.613,5.573,249.809,249.039,1.791
JY51-2,3039,1,117.074,203.568,2.62,7.058,186.007,185.581,2.086
JY51-2,3039.125,1,123.644,202.659,2.63,8.52,155.532,155.698,2.266
JY51-2,3039.25,1,126.573,202.411,2.642,9.659,140.585,141.338,2.313
JY51-2,3039.375,1,127.578,202.626,2.653,10.531,135.549,136.983,2.333
JY51-2,3039.5,1,126.489,203.078,2.66,11.312,140.009,142.229,2.345
JY51-2,3039.625,1,119.644,203.583,2.658,11.655,155.062,158.1,2.289
JY51-2,3039.75,1,105.863,204.059,2.647,10.778,184.627,187.976,2.088
JY51-2,3040.5,1,138.542,204.858,2.667,7.668,144.684,137.116,1.854
JY51-2,3040.625,1,139.72,204.441,2.676,10.86,138.499,132.663,1.865
JY51-2,3040.75,1,134.788,203.956,2.675,13.389,149.561,143.91,1.882
JY51-2,3040.875,1,128.2,203.603,2.668,13.75,171.929,164.941,1.916
JY51-2,3041,1,121.84,203.654,2.66,12.021,195.605,185.925,1.96
JY51-2,3041.125,1,116.728,204.41,2.654,9.786,207.211,194.016,2.002
JY51-2,3041.25,1,114.588,206.129,2.651,8.123,194.951,179.042,2.038
JY51-2,3041.375,1,118.042,208.865,2.652,7.44,159.464,143.645,2.159
JY51-2,3041.5,1,129.052,212.555,2.662,7.923,113.969,101.401,2.592
JY51-2,3044.625,1,127.651,212.332,2.666,11.098,233.079,220.741,3.152
JY51-2,3044.75,1,117.801,211.066,2.651,8.2,312.008,294.753,3.001
JY51-2,3044.875,1,111.139,209.255,2.639,6.401,389.534,366.553,2.961
JY51-2,3045,1,106.641,206.947,2.632,5.734,458.144,431.071,2.955
JY51-2,3045.125,1,102.335,204.251,2.63,5.82,538.198,509.641,2.838
JY51-2,3045.25,1,97.409,201.296,2.628,6.087,666.061,636.32,2.55
JY51-2,3045.375,1,92.652,198.201,2.627,6.084,845.14,810.433,2.218
JY51-2,3045.5,1,88.501,195.134,2.626,5.712,1016.283,971.213,1.969
JY51-2,3045.625,1,84.747,192.315,2.627,5.175,1096.703,1039.26,1.739
JY51-2,3045.75,1,81.209,190.008,2.627,4.727,1054.631,988.745,1.525
JY51-2,3045.875,1,78.499,188.461,2.627,4.517,935.525,868.561,1.411
JY51-2,3046,1,77.573,187.934,2.628,4.593,800.664,736.967,1.41
JY51-2,3046.125,1,79.308,188.646,2.626,4.944,670.613,610.33,1.474
JY51-2,3046.25,1,84.369,190.708,2.623,5.471,531.187,474.871,1.697
JY51-2,3046.375,1,93.316,194.276,2.622,6.029,381.276,333.193,2.094
JY51-2,3046.5,1,107.821,199.341,2.628,6.63,244.753,209.489,2.623
JY51-2,3046.625,1,128.999,205.677,2.642,7.561,146.983,124.585,3.36
JY51-2,3046.75,1,154.639,213.019,2.66,9.368,92.008,78.776,4.265
JY51-2,3046.875,1,179.036,221.041,2.676,12.676,65.349,57.083,5.04
JY51-2,3051,6,175.43,230.376,2.645,16.008,46.33,41.569,3.078
JY51-2,3051.125,6,167.55,226.242,2.64,15.857,53.919,48.597,2.974
JY51-2,3051.25,6,157.413,219.731,2.64,14.985,70.227,63.129,2.923
JY51-2,3051.375,6,143.621,211.483,2.656,13.185,96.95,86.464,2.89
JY51-2,3051.5,6,127.417,202.526,2.686,11.071,132.088,116.881,2.873
JY51-2,3051.625,6,113.334,194.479,2.72,9.548,168.895,148.649,2.89
JY51-2,3051.75,6,105.441,189.479,2.743,8.991,196.271,171.991,2.94
JY51-2,3051.875,6,104.238,188.758,2.749,9.221,202.942,176.888,2.999
JY51-2,3052,6,107.913,192.031,2.741,10.009,184.75,160.127,3.098
JY51-2,3052.875,4,161.003,240.227,2.635,18.433,24.504,23.285,4.261
JY51-2,3053.875,4,195.509,254.021,2.671,20.935,26.377,27.492,4.765
JY51-2,3054.875,4,198.12,256.577,2.678,21.955,28.368,30.285,4.594
JY51-2,3055.875,4,198.917,248.479,2.684,19.852,30.702,33.041,4.803
JY51-2,3056.875,4,187.104,248.304,2.68,21.464,27.621,28.824,4.993
JY51-2,3057.875,4,188.588,248.527,2.692,19.678,25.868,27.493,5.544
JY51-2,3058.875,4,198.933,251.752,2.669,20.502,27.582,29.852,5.325
JY51-2,3059.875,4,196.461,250.166,2.683,19.423,13.22,15.479,4.768
JY51-2,3060.875,4,194.005,243.729,2.66,17.544,34.891,37.622,4.412
JY51-2,3061.875,4,192.788,245.265,2.66,18.084,29.846,32.431,3.994
JY51-2,3062.875,4,197.961,250.999,2.695,19.413,13.781,14.858,4.668
JY51-2,3063.875,4,205.067,253.797,2.656,20.388,27.252,30.327,4.87
JY51-2,3064.875,4,209.411,255.453,2.624,19.169,35.646,39.167,4.384
JY51-2,3065.875,4,230.068,258.235,2.648,18.263,28.436,31.198,4.186
JY51-2,3066.875,4,216.469,251.967,2.626,17.305,25.858,29.258,4.264
JY51-2,3067.875,4,222.377,248.446,2.658,17.136,50.313,53.757,4.391
JY51-2,3068.875,4,163.135,221.863,2.765,13.797,55.345,59.156,3.887
JY51-2,3069.75,4,211.116,259.819,2.647,19.675,29.193,31.056,5.22
JY51-2,3070.875,4,215.081,266.848,2.66,20.799,21.904,23.497,4.54
JY51-2,3071.875,4,210.757,270.178,2.666,21.713,7.221,8.621,4.612
JY51-2,3072.875,4,219.99,273.069,2.643,21.849,19.956,21.055,4.755
JY51-2,3073.875,4,216.792,264.241,2.684,21.02,17.908,19.136,5.54
JY51-2,3074.625,4,207.258,265.13,2.667,21.476,12.608,13.25,5.36
JY51-2,3075.875,4,222.459,264.341,2.669,21.038,19.094,20.237,5.591
JY51-2,3076.875,4,183.019,240.37,2.688,15.949,30.748,32.001,4.598
JY51-2,3077.875,4,222.648,264.627,2.649,22.477,15.299,16.585,4.35
JY51-2,3078.875,4,207.183,266.307,2.649,20.767,25.192,26.124,4.656
JY51-2,3079.875,4,197.487,259.486,2.668,18.976,23.256,24.746,4.214
JY51-2,3080.875,4,210.274,275.028,2.652,20.066,15.863,16.903,4.847
JY51-2,3081.875,4,200.055,263.733,2.682,19.533,12.092,13.171,4.132
JY51-2,3082.875,4,175.625,238.136,2.647,16.515,45.829,46.466,3.767
JY51-2,3083.875,4,173.186,238.524,2.645,15.297,45.199,45.838,3.982
JY51-2,3084.875,4,184.422,240.398,2.634,16.853,37.274,38.268,4.353
JY51-2,3085.75,5,170.72,233.292,2.66,14.929,57.722,59.583,3.739
JY51-2,3086.875,4,182.357,242.114,2.613,15.794,46.529,49.225,3.78
JY51-2,3087.875,4,178.57,241.339,2.617,15.153,47.189,49.641,2.957
JY51-2,3088.75,4,166.05,237.538,2.65,14.11,42.158,44.857,3.997
JY51-2,3089.875,4,184.631,245.621,2.616,16.268,46.559,48.613,4.241
JY51-2,3091.25,5,218.361,240.292,2.646,14.612,25.767,26.213,3.062
JY51-2,3091.875,4,224.817,238.394,2.656,14.195,23.128,24.376,3.342
JY51-2,3092.875,5,182.833,232.57,2.646,15.086,20.511,19.556,4.088
JY51-2,3093.875,5,188.154,239.305,2.646,16.317,44.011,43.696,3.909
JY51-2,3094.875,4,194.153,246.051,2.641,15.492,15.491,15.39,4.797
JY51-2,3095.875,4,187.586,238.998,2.614,16.617,43.224,42.86,3.667
JY51-2,3096.875,3,180.725,235.613,2.638,15.253,54.985,55.35,3.649
JY51-2,3097.875,4,187.478,226.643,2.654,14.005,86.143,87.011,3.743
JY51-2,3098.875,4,177.437,235.154,2.634,15.468,36.05,37.915,4.272
JY51-2,3099.875,4,181.074,235.256,2.623,15.494,18.948,20.079,4.484
JY51-2,3100.875,4,179.555,242.597,2.634,16.198,47.958,49.359,4.04
JY51-2,3101.875,4,194.613,243.82,2.631,14.864,50.901,52.655,3.58
JY51-2,3102.875,3,170.635,239.118,2.665,14.142,52.35,52.903,3.291
JY51-2,3103.875,4,199.402,249.876,2.619,17.93,36.138,35.599,4.268
JY51-2,3104.75,4,190.085,248.9,2.655,16.004,17.691,20.081,3.739
JY51-2,3105.875,4,171.859,247.503,2.599,15.334,45.18,46.683,3.55
JY51-2,3106.875,4,188.457,259.774,2.59,17.114,43.112,44.092,3.099
JY51-2,3107.75,4,189.283,258.381,2.602,16.106,19.506,20.133,3.515
JY51-2,3108.875,4,189.291,261.824,2.611,17.994,36.491,34.462,3.597
JY51-2,3109.875,4,180.471,255.716,2.585,16.203,33.552,32.965,4.742
JY51-2,3110.875,4,191.334,258.805,2.583,16.888,41.2,42.343,4.287
JY51-2,3111.875,4,179.531,255.058,2.591,15.814,44.732,45.297,3.231
JY51-2,3112.875,4,181.664,251.849,2.573,15.181,30.961,30.075,3.22
JY51-2,3113.875,3,183.554,249.723,2.583,14.805,62.51,64.981,2.824
JY51-2,3114.875,4,210.453,254.503,2.561,15.668,57.996,58.124,3.58
JY51-2,3115.875,4,241.981,266.56,2.6,17.762,27.892,30.034,3.896
JY51-2,3116.75,5,216.3,247.431,2.601,15.622,16.34,18.012,3.819
JY51-2,3117.875,5,212.119,247.447,2.616,14.751,42.893,42.842,3.68
JY51-2,3118.875,5,201.109,239.036,2.628,12.916,64.794,66.378,3.642
JY51-2,3119.875,4,216.053,245.754,2.599,14.861,70.403,71.381,3.745
JY51-2,3120.875,5,204.388,238.04,2.608,13.13,47.8,50.875,3.849
JY51-2,3121.875,3,199.076,242.273,2.591,13.563,52.444,53.078,3.817
JY51-2,3122.875,3,194.529,243.245,2.579,12.95,68.363,71.53,3.754
JY51-2,3123.875,5,179.197,240.999,2.579,12.668,80.966,81.092,2.684
JY51-2,3124.875,3,209.618,241.784,2.554,13.058,61.783,62.992,4.282
JY51-2,3125.875,3,198.144,241.758,2.586,12.266,23.094,22.808,3.131
JY51-2,3126.875,3,213.353,240.899,2.562,12.874,130.003,128.972,3.083
JY51-2,3127.875,3,219.861,247.951,2.535,12.769,105.058,104.294,3.155
JY51-2,3128.875,3,208.617,248.603,2.547,13.139,24.706,24.839,3.141
JY51-2,3129.875,3,205.527,247.745,2.541,11.904,37.006,39.705,2.444
JY51-2,3130.875,3,212.2,249.2,2.542,12.254,80.249,83.804,2.229
JY51-2,3131.875,3,235.09,245.432,2.565,12.672,80.353,80.979,2.834
JY51-2,3132.875,3,236.655,252.149,2.549,12.715,47.521,49.899,2.572
JY51-2,3133.875,3,232.485,252.896,2.526,12.44,35.869,36.619,2.465
JY51-2,3135,5,341.333,261.22,2.549,16.073,14.019,15.144,3.687
JY51-2,3135.875,3,272.344,246.653,2.532,12.587,19.319,20.746,2.768
JY51-2,3136.875,3,293.19,246.378,2.507,10.741,99.418,94.587,2.65
JY51-2,3138.375,3,436.878,251.91,2.454,11.41,19.074,20.166,4.581
JY51-2,3139.875,3,232.701,247.44,2.516,10.917,20.606,20.728,2.34
JY51-2,3140.875,3,221.863,239.404,2.506,10.544,55.825,57.866,1.445
JY51-2,3141.875,3,184.389,236.011,2.492,9.918,101.744,101.421,2.948
JY51-2,3142.875,4,155.465,254.036,2.562,14.436,20.933,19.453,3.926
JY51-2,3143.875,5,195.247,271.254,2.559,18.693,193.663,144.464,4.49
JY51-2,3144.875,4,137.797,216.495,2.755,13.76,61.27,63.271,3.389
