Well Name,Depth,Facies,GR,AC,DEN,CNL,Facies,Facies
JY11-4,2251,1,153.283,208.917,2.637,7.845,1,1
JY11-4,2252.125,1,131.242,229.899,2.682,19.377,1,1
JY11-4,2252.25,1,112.105,220.857,2.681,14.774,1,1
JY11-4,2252.375,1,99.377,206.779,2.676,9.741,1,1
JY11-4,2252.5,1,98.209,192.924,2.666,6.413,1,1
JY11-4,2252.625,1,102.866,187.758,2.655,5.178,1,1
JY11-4,2252.75,1,103.858,188.059,2.65,5.889,1,1
JY11-4,2252.875,1,96.011,186.762,2.65,7.578,1,1
JY11-4,2253.5,1,91.981,184.692,2.644,5.037,1,1
JY11-4,2253.625,1,97.823,188.307,2.641,6.261,1,1
JY11-4,2253.75,1,101.556,190.935,2.641,7.869,1,1
JY11-4,2253.875,1,103.668,193.752,2.643,9.147,1,1
JY11-4,2254,1,103.168,194.265,2.647,9.968,1,1
JY11-4,2254.125,1,100.926,192.839,2.65,10.166,1,1
JY11-4,2254.25,1,99.986,194.152,2.649,9.628,1,1
JY11-4,2255,1,79.855,186.602,2.631,6.601,1,1
JY11-4,2255.125,1,79.181,182.998,2.621,4.782,1,1
JY11-4,2255.25,1,80.43,181.274,2.614,3.858,1,1
JY11-4,2255.375,1,85.225,182.225,2.611,3.68,1,1
JY11-4,2255.5,1,96.691,191.798,2.613,4.138,1,1
JY11-4,2255.625,1,115.082,208.854,2.619,5.539,1,1
JY11-4,2255.75,1,131.424,224.409,2.629,8.43,1,1
JY11-4,2255.875,1,136.17,231.133,2.642,13.492,1,1
JY11-4,2256,1,124.485,229.295,2.653,18.713,1,1
JY11-4,2256.125,1,105.093,217.858,2.653,18.462,1,1
JY11-4,2256.25,1,87.226,201.19,2.637,12.043,1,1
JY11-4,2256.375,1,77.1,187.589,2.613,6.545,1,1
JY11-4,2256.5,1,73.577,182.959,2.595,3.626,1,1
JY11-4,2256.625,1,75.087,183.193,2.59,2.78,1,1
JY11-4,2256.75,1,81.11,185.263,2.596,2.96,1,1
JY11-4,2256.875,1,91.729,188.139,2.605,3.865,1,1
JY11-4,2257,1,107.123,192.85,2.611,5.45,1,1
JY11-4,2257.125,1,124.002,202.108,2.614,7.823,1,1
JY11-4,2257.25,1,137.271,213.685,2.617,11.445,1,1
JY11-4,2257.375,1,142.172,220.088,2.62,16.535,1,1
JY11-4,2257.5,1,139.292,220.458,2.622,21.474,1,1
JY11-4,2257.625,1,132.202,219.655,2.622,22.118,1,1
JY11-4,2257.75,1,123.149,214.159,2.625,17.654,1,1
JY11-4,2257.875,1,112.639,204.316,2.63,12.366,1,1
JY11-4,2258,1,101.948,199.191,2.634,8.784,1,1
JY11-4,2258.125,1,94.431,196.903,2.635,6.484,1,1
JY11-4,2258.25,1,90.457,191.98,2.632,4.964,1,1
JY11-4,2258.375,1,88.139,188.737,2.631,4.158,1,1
JY11-4,2258.5,1,85.953,189.158,2.633,4.072,1,1
JY11-4,2258.625,1,84.202,188.997,2.638,4.561,1,1
JY11-4,2258.75,1,82.544,187.12,2.644,5.112,1,1
JY11-4,2258.875,1,80.163,185.324,2.65,5.225,1,1
JY11-4,2259,1,78.11,183.991,2.655,4.87,1,1
JY11-4,2259.125,1,78.157,184.253,2.658,4.574,1,1
JY11-4,2259.25,1,80.097,184.64,2.657,4.675,1,1
JY11-4,2259.375,1,83.282,183.201,2.649,5.091,1,1
JY11-4,2259.5,1,88.966,181.381,2.641,5.465,1,1
JY11-4,2259.625,1,96.921,182.475,2.639,5.801,1,1
JY11-4,2259.75,1,102.749,184.566,2.649,6.468,1,1
JY11-4,2259.875,1,99.56,184.798,2.665,7.419,1,1
JY11-4,2260,1,87.872,183.278,2.681,7.886,1,1
JY11-4,2260.125,1,72.961,179.953,2.693,7.131,1,1
JY11-4,2260.25,1,61.906,175.394,2.698,5.708,1,1
JY11-4,2260.375,1,56.331,174.03,2.697,4.484,1,1
JY11-4,2260.5,1,56.033,177.54,2.692,3.824,1,1
JY11-4,2260.625,1,58.805,182.922,2.682,3.595,1,1
JY11-4,2260.75,1,62.122,188.135,2.672,3.566,1,1
JY11-4,2260.875,1,64.706,194.746,2.663,3.488,1,1
JY11-4,2261,1,66.467,203.228,2.655,3.329,1,1
JY11-4,2261.125,1,67.268,209.632,2.647,3.22,1,1
JY11-4,2261.25,1,67.183,209.857,2.636,3.236,1,1
JY11-4,2261.375,1,66.982,206.245,2.627,3.31,1,1
JY11-4,2261.5,1,67.337,199.549,2.62,3.386,1,1
JY11-4,2265.125,2,157.848,220.712,2.722,21.219,2,2
JY11-4,2265.25,2,158.666,218.015,2.726,18.188,2,2
JY11-4,2265.375,2,159.859,217.003,2.72,17.333,2,2
JY11-4,2265.75,2,159.856,221.967,2.693,18.24,2,2
JY11-4,2265.875,2,159.99,225.382,2.688,18.15,2,2
JY11-4,2266,2,159.624,228.794,2.684,18.281,2,2
JY11-4,2266.75,2,159.481,230.419,2.706,20.186,2,2
JY11-4,2266.875,2,158.711,227.974,2.706,19.641,2,2
JY11-4,2267,2,157.415,225.114,2.701,18.85,2,2
JY11-4,2267.625,2,154.93,232.759,2.683,19.231,2,2
JY11-4,2267.75,2,158.615,235.14,2.681,19.914,2,2
JY11-4,2267.875,2,162.738,235.912,2.683,19.995,2,2
JY11-4,2268.625,2,163.259,238.259,2.657,21.431,2,2
JY11-4,2268.75,2,161.386,238.078,2.658,22.195,2,2
JY11-4,2268.875,2,160.316,237.593,2.663,22.72,2,2
JY11-4,2269.625,2,158.366,234.939,2.679,20.294,2,2
JY11-4,2269.75,2,159.951,234.672,2.686,19.749,2,2
JY11-4,2270,1,164.005,235.474,2.691,20.065,1,1
JY11-4,2270.125,1,163.181,235.905,2.69,21.112,1,1
JY11-4,2270.75,2,164.481,234.086,2.671,20.6,2,2
JY11-4,2270.875,2,162.038,234.211,2.669,20.317,2,2
JY11-4,2271,2,159.34,234.814,2.67,20.209,2,2
JY11-4,2271.625,2,162.575,241.822,2.697,20.586,2,2
JY11-4,2271.75,2,162.644,243.424,2.695,21.108,2,2
JY11-4,2271.875,2,163.555,244.89,2.693,21.255,2,2
JY11-4,2272.5,2,164.061,251.363,2.696,22.318,2,2
JY11-4,2272.625,2,162.007,249.104,2.708,22.32,2,2
JY11-4,2272.75,2,162.149,246.529,2.722,21.224,2,2
JY11-4,2273,2,175.889,247.28,2.738,19.225,2,2
JY11-4,2273.125,2,182.417,249.446,2.726,19.597,2,2
JY11-4,2273.25,2,184.495,253.503,2.706,20.312,2,2
JY11-4,2273.375,2,183.122,257.063,2.691,20.635,2,2
JY11-4,2273.5,2,181.825,258.377,2.685,20.416,2,2
JY11-4,2273.625,2,181.409,258.895,2.687,20.269,2,2
JY11-4,2273.75,2,180.309,259.695,2.689,20.595,2,2
JY11-4,2273.875,2,178.423,260.409,2.689,21.317,2,2
JY11-4,2274,2,176.88,260.41,2.687,21.786,2,2
JY11-4,2274.375,2,171.291,261.533,2.699,21.605,2,2
JY11-4,2274.5,2,170.148,262.113,2.699,22.122,2,2
JY11-4,2274.625,2,170.607,262.844,2.693,22.436,2,2
JY11-4,2275.625,2,177.384,261.546,2.685,21.637,2,2
JY11-4,2275.75,2,176.996,261.43,2.684,22.007,2,2
JY11-4,2275.875,2,174.653,261.158,2.681,22.379,2,2
JY11-4,2276.375,2,170.457,266.26,2.688,22.221,2,2
JY11-4,2276.5,2,171.153,268.807,2.692,22.523,2,2
JY11-4,2276.625,2,172.41,270.942,2.691,22.748,2,2
JY11-4,2277.5,2,169.888,269.331,2.682,21.296,2,2
JY11-4,2277.625,2,167.773,263.57,2.687,21.134,2,2
JY11-4,2277.75,2,164.226,257.785,2.699,20.847,2,2
JY11-4,2278.5,2,168.896,270.651,2.696,21.968,2,2
JY11-4,2278.625,2,168.164,270.273,2.691,21.767,2,2
JY11-4,2278.75,2,166.007,269.669,2.688,21.052,2,2
JY11-4,2279.75,2,165.103,264.721,2.668,21.02,2,2
JY11-4,2279.875,2,165.631,263.647,2.669,21.14,2,2
JY11-4,2280,2,164.353,262.851,2.672,21.345,2,2
JY11-4,2281,2,170.103,265.786,2.668,19.88,2,2
JY11-4,2281.125,2,172.508,267.673,2.665,20.295,2,2
JY11-4,2281.25,2,175.654,269.241,2.659,20.804,2,2
JY11-4,2282,2,173.175,266.983,2.661,21.573,2,2
JY11-4,2282.125,2,171.665,266.275,2.665,21.69,2,2
JY11-4,2282.25,2,172.004,265.695,2.67,21.35,2,2
JY11-4,2283,2,174.995,261.051,2.677,19.02,2,2
JY11-4,2283.125,2,177.342,259.542,2.676,18.373,2,2
JY11-4,2283.25,2,183.386,257.444,2.673,17.726,2,2
JY11-4,2283.625,2,197.481,252.389,2.653,16.906,2,2
JY11-4,2283.75,2,197.213,251.26,2.647,16.901,2,2
JY11-4,2283.875,2,196.836,251.889,2.642,16.741,2,2
JY11-4,2285,2,164.452,273.11,2.507,17.648,2,2
JY11-4,2285.125,2,161.596,283.052,2.447,20.478,2,2
JY11-4,2285.25,2,158.791,284.242,2.414,23.642,2,2
JY11-4,2285.5,2,151.744,257.208,2.475,19.852,2,2
JY11-4,2285.625,2,149.637,234.968,2.537,15.582,2,2
JY11-4,2285.75,2,148.424,227.431,2.583,13.348,2,2
JY11-4,2285.875,2,146.667,226.966,2.601,12.961,2,2
JY11-4,2286,2,143.487,222.629,2.604,13.108,2,2
JY11-4,2286.125,2,137.622,213.431,2.609,13.097,2,2
JY11-4,2286.375,2,113.507,194.178,2.653,11.038,2,2
JY11-4,2286.5,2,99.762,186.974,2.677,9.485,2,2
JY11-4,2286.625,2,91.232,186.189,2.689,8.566,2,2
JY11-4,2286.75,2,89.517,193.297,2.688,8.537,2,2
JY11-4,2287,2,115.013,235.32,2.642,12.88,2,2
JY11-4,2287.25,2,137.358,257.743,2.619,17.982,2,2
JY11-4,2287.375,2,139.107,260.851,2.621,18.541,2,2
JY11-4,2287.5,2,142.982,263.559,2.622,19.334,2,2
JY11-4,2287.625,2,149.485,266.861,2.621,20.58,2,2
JY11-4,2288.75,2,175.295,266.702,2.647,19.284,2,2
JY11-4,2289,2,173.896,266.398,2.659,19.753,2,2
JY11-4,2289.125,2,173.91,265.489,2.655,19.522,2,2
JY11-4,2289.25,2,174.92,264.535,2.649,19.184,2,2
JY11-4,2289.375,2,176.34,263.425,2.643,18.801,2,2
JY11-4,2289.625,2,188.559,244.51,2.639,15.989,2,2
JY11-4,2290.5,2,230.905,267.009,2.616,18.577,2,2
JY11-4,2290.625,2,231.72,263.816,2.61,17.884,2,2
JY11-4,2290.75,2,226.221,259.268,2.604,17.179,2,2
JY11-4,2291,2,194.391,240.299,2.646,13.575,2,2
JY11-4,2291.125,2,198.053,241.618,2.65,14.257,2,2
JY11-4,2291.25,2,206.598,246.819,2.65,15.666,2,2
JY11-4,2291.375,2,192.676,276.221,2.671,19.713,2,2
JY11-4,2291.625,2,196.519,281.65,2.64,21.324,2,2
JY11-4,2292.5,2,198.884,289.937,2.624,22.509,2,2
JY11-4,2292.625,2,199.276,290.707,2.617,22.3,2,2
JY11-4,2293.75,2,202.439,289.176,2.616,20.158,2,2
JY11-4,2293.875,2,205.146,287.485,2.617,20.53,2,2
JY11-4,2294.5,2,183.352,274.199,2.653,18.084,2,2
JY11-4,2295.125,2,184.55,275.827,2.657,18.268,2,2
JY11-4,2295.25,2,207.038,292.488,2.625,20.414,2,2
JY11-4,2295.875,2,191.198,288.088,2.627,19.86,2,2
JY11-4,2296,2,196.747,288.147,2.644,19.934,2,2
JY11-4,2297,2,153.892,237.748,2.687,13.277,2,2
JY11-4,2297.125,2,144.007,234.656,2.682,12.981,2,2
JY11-4,2297.25,2,153.408,244.324,2.64,14.506,2,2
JY11-4,2299.125,2,153.868,237.22,2.645,14.828,2,2
JY11-4,2299.25,2,152.584,236.018,2.649,14.334,2,2
JY11-4,2299.375,2,144.601,233.366,2.661,13.783,2,2
JY11-4,2300,2,143.744,233.068,2.658,13.873,2,2
JY11-4,2300.125,2,140.831,232.61,2.661,14.013,2,2
JY11-4,2300.25,2,147.502,233.93,2.627,14.675,2,2
JY11-4,2300.875,2,148.899,233.436,2.625,14.35,2,2
JY11-4,2301,2,148.456,232.837,2.629,14.037,2,2
JY11-4,2301.125,2,149.76,241.222,2.647,14.143,2,2
JY11-4,2301.625,2,149.311,241.346,2.648,14.308,2,2
JY11-4,2301.75,2,148.926,240.264,2.649,14.43,2,2
JY11-4,2301.875,2,153.795,238.648,2.647,14.365,2,2
JY11-4,2302.875,2,154.394,240.498,2.646,14.332,2,2
JY11-4,2303,2,155.773,242.861,2.643,14.597,2,2
JY11-4,2303.125,2,156.869,244.405,2.638,14.913,2,2
JY11-4,2303.875,2,156.614,245.279,2.633,14.972,2,2
JY11-4,2304,2,155.87,245.825,2.627,14.75,2,2
JY11-4,2304.125,2,155.477,245.856,2.622,14.375,2,2
JY11-4,2304.75,2,156.749,245.55,2.619,13.992,2,2
JY11-4,2304.875,2,159.43,245.025,2.619,13.721,2,2
JY11-4,2305,2,161.593,243.657,2.623,13.681,2,2
JY11-4,2305.875,2,160.766,241.068,2.628,13.755,2,2
JY11-4,2306,2,156.531,237.795,2.636,13.709,2,2
JY11-4,2306.125,2,151.433,235.002,2.645,13.424,2,2
JY11-4,2307,2,149.198,233.557,2.652,13.066,2,2
JY11-4,2307.125,2,151.132,234.067,2.652,12.892,2,2
JY11-4,2307.25,2,156.826,236.277,2.647,13.075,2,2
JY11-4,2307.375,2,162.899,239.164,2.64,13.52,2,2
JY11-4,2307.5,2,166.481,241.32,2.636,13.968,2,2
JY11-4,2307.625,2,167.077,242.35,2.634,14.106,2,2
JY11-4,2307.75,2,166.698,242.633,2.634,13.897,2,2
JY11-4,2307.875,2,158.243,241.83,2.632,13.413,2,2
JY11-4,2308,2,154.257,241.027,2.632,13.804,2,2
JY11-4,2308.125,2,152.184,239.881,2.636,14.246,2,2
JY11-4,2308.25,2,149.925,234.669,2.634,13.876,2,2
JY11-4,2308.375,2,152.562,236.069,2.635,13.681,2,2
JY11-4,2308.5,2,154.054,238.551,2.635,13.795,2,2
JY11-4,2308.625,2,156.777,244.683,2.626,14.578,2,2
JY11-4,2308.75,2,159.148,247.228,2.622,14.722,2,2
JY11-4,2308.875,2,161.285,248.519,2.62,14.539,2,2
JY11-4,2309,2,162.185,248.682,2.617,14.226,2,2
JY11-4,2309.125,2,162.264,248.418,2.612,14.038,2,2
JY11-4,2309.25,2,162.393,247.679,2.607,14.056,2,2
JY11-4,2309.375,2,162.331,240.733,2.615,13.957,2,2
JY11-4,2309.875,2,163.005,239.587,2.617,13.874,2,2
JY11-4,2310,2,162.535,239.412,2.617,13.828,2,2
JY11-4,2310.125,2,214.533,249.866,2.645,16.975,2,2
JY11-4,2310.75,2,223.144,246.406,2.649,16.799,2,2
JY11-4,2310.875,2,218.058,241.36,2.652,15.681,2,2
JY11-4,2311,2,170.755,241.451,2.625,14.683,2,2
JY11-4,2311.625,2,173.461,240.528,2.632,15.227,2,2
JY11-4,2311.75,2,175.602,239.085,2.63,15.17,2,2
JY11-4,2311.875,2,178.363,238.04,2.628,14.698,2,2
JY11-4,2312.375,2,179.257,236.032,2.629,14.196,2,2
JY11-4,2312.5,2,177.016,234.305,2.63,13.983,2,2
JY11-4,2312.625,2,172.866,234.067,2.627,14.063,2,2
JY11-4,2313.5,2,169.885,234.033,2.619,14.239,2,2
JY11-4,2313.625,2,163.122,245.269,2.62,16.123,2,2
JY11-4,2313.75,2,164.722,245.513,2.631,15.756,2,2
JY11-4,2314.625,2,165.655,245.628,2.641,15.227,2,2
JY11-4,2314.75,2,163.354,237.989,2.623,14.939,2,2
JY11-4,2314.875,2,163.965,238.676,2.624,14.712,2,2
JY11-4,2315,2,165.205,239.877,2.628,14.54,2,2
JY11-4,2315.125,2,156.273,237.38,2.644,14.409,2,2
JY11-4,2315.25,2,156.191,235.604,2.651,14.142,2,2
JY11-4,2315.375,2,155.07,232.663,2.659,13.629,2,2
JY11-4,2315.5,2,161.454,238.713,2.66,14.409,2,2
JY11-4,2315.625,2,164.328,241.12,2.655,14.766,2,2
JY11-4,2315.75,2,163.985,241.032,2.653,14.65,2,2
JY11-4,2315.875,2,160.193,238.127,2.627,14.017,2,2
JY11-4,2316.75,2,160.856,237.507,2.627,13.713,2,2
JY11-4,2316.875,2,162.622,236.828,2.63,13.499,2,2
JY11-4,2317,2,157.995,243.378,2.641,13.744,2,2
JY11-4,2317.75,2,160.327,243.024,2.633,13.831,2,2
JY11-4,2317.875,2,162.228,240.052,2.628,13.865,2,2
JY11-4,2318,2,169.966,260.624,2.613,15.14,2,2
JY11-4,2318.75,2,167.504,263.382,2.613,14.763,2,2
JY11-4,2318.875,2,166.597,266.186,2.615,14.536,2,2
JY11-4,2319,2,178.419,270.606,2.616,15.748,2,2
JY11-4,2319.625,2,180.344,270.149,2.608,15.96,2,2
JY11-4,2319.75,2,177.43,268.891,2.602,15.859,2,2
JY11-4,2319.875,2,172.414,271.85,2.605,16.072,2,2
JY11-4,2320.875,2,171.81,270.648,2.603,16.687,2,2
JY11-4,2321,2,169.281,269.024,2.602,16.896,2,2
JY11-4,2321.125,2,166.736,266.175,2.605,15.428,2,2
JY11-4,2322.375,2,167.894,266.695,2.602,15.444,2,2
JY11-4,2322.5,2,168.561,267.001,2.599,15.605,2,2
JY11-4,2322.625,2,169.127,267.728,2.618,15.026,2,2
JY11-4,2323.875,2,168.774,267.358,2.609,14.724,2,2
JY11-4,2324,2,166.464,266.161,2.598,14.697,2,2
JY11-4,2324.125,2,163.085,263.835,2.591,15.265,2,2
JY11-4,2324.625,2,163.573,263.887,2.593,15.223,2,2
JY11-4,2324.75,2,164.119,264.41,2.594,14.959,2,2
JY11-4,2324.875,2,164.015,264.835,2.592,14.72,2,2
JY11-4,2326.125,2,163.905,264.559,2.592,14.634,2,2
JY11-4,2326.25,2,164.123,263.51,2.596,14.721,2,2
JY11-4,2326.375,2,163.809,262.657,2.606,14.941,2,2
JY11-4,2327,2,163.1,262.497,2.614,15.213,2,2
JY11-4,2327.125,2,162.834,262.397,2.613,15.412,2,2
JY11-4,2327.25,2,165.279,262.636,2.593,15.197,2,2
JY11-4,2328.125,2,166.6,262.389,2.584,14.898,2,2
JY11-4,2328.25,2,167.408,261.522,2.577,14.722,2,2
JY11-4,2328.375,2,175.077,263.683,2.571,14.491,2,2
JY11-4,2328.625,2,176.341,264.705,2.57,14.269,2,2
JY11-4,2328.75,2,178.067,266.093,2.57,14.421,2,2
JY11-4,2328.875,2,179.01,270.227,2.57,14.849,2,2
JY11-4,2329,2,180.449,270.77,2.567,14.671,2,2
JY11-4,2329.125,2,180.047,269.798,2.566,14.55,2,2
JY11-4,2329.25,2,198.448,270.63,2.587,16.378,2,2
JY11-4,2329.375,2,206.855,268.563,2.594,15.977,2,2
JY11-4,2329.5,2,216.506,266.748,2.601,14.845,2,2
JY11-4,2329.625,2,181.873,255.288,2.586,13.153,2,2
JY11-4,2329.875,2,184.478,253.087,2.585,12.73,2,2
JY11-4,2330,2,194.863,254.481,2.585,12.851,2,2
JY11-4,2330.125,2,206.087,271.189,2.603,16.521,2,2
JY11-4,2330.875,2,205.397,271.861,2.601,16.539,2,2
JY11-4,2331,2,207.143,272.663,2.598,16.576,2,2
JY11-4,2331.125,2,196.362,260.902,2.607,16.333,2,2
JY11-4,2332.5,2,192.422,257.624,2.613,16.053,2,2
JY11-4,2332.625,2,188.826,253.416,2.617,15.58,2,2
JY11-4,2332.75,2,179.002,243.366,2.616,13.79,2,2
JY11-4,2333.375,2,177.646,242.935,2.619,13.552,2,2
JY11-4,2333.5,2,178.672,244.103,2.619,13.493,2,2
JY11-4,2333.625,2,179.444,240.697,2.617,12.662,2,2
JY11-4,2334.375,2,182.431,239.975,2.617,12.839,2,2
JY11-4,2334.5,2,182.045,239.408,2.617,12.946,2,2
JY11-4,2334.625,2,172.97,234.333,2.635,12.029,2,2
JY11-4,2335.375,2,173.468,233.847,2.627,12.038,2,2
JY11-4,2335.5,2,173.38,236.201,2.612,12.033,2,2
JY11-4,2335.625,2,166.064,241.368,2.588,11.888,2,2
JY11-4,2336.5,2,170.419,240.527,2.586,11.811,2,2
JY11-4,2336.625,2,172.534,239.605,2.583,11.853,2,2
JY11-4,2336.75,2,198.556,253.737,2.617,14.963,2,2
JY11-4,2337.125,2,197.41,253.592,2.614,14.562,2,2
JY11-4,2337.25,2,192.841,251.304,2.611,13.773,2,2
JY11-4,2337.375,2,187.372,242.073,2.595,11.966,2,2
JY11-4,2338.25,2,191.513,243.541,2.584,12.422,2,2
JY11-4,2338.375,2,195.9,245.708,2.573,12.856,2,2
JY11-4,2338.5,2,202.469,252.7,2.572,12.13,2,2
JY11-4,2339.625,2,200.515,251.951,2.569,12.163,2,2
JY11-4,2339.75,2,200.661,251.757,2.567,12.303,2,2
JY11-4,2339.875,2,203.276,256.572,2.572,12.264,2,2
JY11-4,2341.25,2,202.268,255.609,2.569,12.144,2,2
JY11-4,2341.375,2,198.601,254.336,2.567,12.315,2,2
JY11-4,2341.5,2,192.571,252.486,2.561,13.719,2,2
JY11-4,2342.125,2,196.875,253.184,2.558,13.806,2,2
JY11-4,2342.25,2,201.49,254.494,2.557,13.43,2,2
JY11-4,2342.375,2,204.439,255.558,2.56,12.901,2,2
JY11-4,2343.125,2,204.158,255.435,2.563,12.552,2,2
JY11-4,2343.25,2,199.854,253.041,2.566,12.339,2,2
JY11-4,2343.375,2,191.476,248.557,2.569,11.965,2,2
JY11-4,2344.25,2,182.745,245.123,2.572,11.355,2,2
JY11-4,2344.375,2,177.904,244.055,2.576,10.909,2,2
JY11-4,2344.5,2,180.647,244.524,2.577,10.898,2,2
JY11-4,2345.375,2,189.015,246.284,2.578,11.27,2,2
JY11-4,2345.5,2,200.906,249.611,2.585,11.586,2,2
JY11-4,2345.625,2,196.245,248.016,2.591,11.429,2,2
JY11-4,2346,2,191.263,247.132,2.597,11.581,2,2
JY11-4,2346.125,2,206.914,252.55,2.583,11.818,2,2
JY11-4,2346.25,2,207.291,251.464,2.577,11.545,2,2
JY11-4,2346.375,2,203.996,248.337,2.574,11.574,2,2
JY11-4,2346.5,2,203.621,256.037,2.543,13.148,2,2
JY11-4,2346.625,2,203.081,256.178,2.547,13.112,2,2
JY11-4,2346.75,2,201.408,256.412,2.547,12.837,2,2
JY11-4,2346.875,2,195.862,257.427,2.532,12.815,2,2
JY11-4,2347,2,193.378,257.677,2.533,12.6,2,2
JY11-4,2347.125,2,195.024,257.572,2.532,12.2,2,2
JY11-4,2347.25,2,172.133,249.371,2.538,10.923,2,2
JY11-4,2347.625,2,174.314,249.049,2.543,11.057,2,2
JY11-4,2347.75,2,175.692,247.99,2.544,10.924,2,2
JY11-4,2347.875,2,167.934,246.477,2.543,11.862,2,2
JY11-4,2348.5,2,171.757,245.444,2.531,11.41,2,2
JY11-4,2348.625,2,176.881,244.913,2.52,10.734,2,2
JY11-4,2348.75,2,197.305,245.833,2.505,9.876,2,2
JY11-4,2350.125,2,196.232,247.136,2.504,9.892,2,2
JY11-4,2350.25,2,196.303,249.751,2.507,10.266,2,2
JY11-4,2350.375,2,216.699,251.314,2.487,11.035,2,2
JY11-4,2351.125,2,218.656,252.587,2.491,11.216,2,2
JY11-4,2351.25,2,217.274,253.937,2.496,11.293,2,2
JY11-4,2351.375,2,337.253,264.497,2.477,13.669,2,2
JY11-4,2352.25,2,356.106,258.039,2.472,13.389,2,2
JY11-4,2352.375,2,343.032,246.535,2.488,12.503,2,2
JY11-4,2352.5,2,195.852,257.657,2.524,12.77,2,2
JY11-4,2353.25,2,190.887,255.75,2.511,12.363,2,2
JY11-4,2353.375,2,183.363,250.557,2.503,11.274,2,2
JY11-4,2353.5,2,180.706,244.078,2.519,10.201,2,2
JY11-4,2354.375,2,177.142,245.377,2.508,9.425,2,2
JY11-4,2354.5,2,181.327,246.697,2.499,9.398,2,2
JY11-4,2354.625,2,181.015,252.122,2.498,11.434,2,2
JY11-4,2355.625,2,174.749,249.314,2.498,10.891,2,2
JY11-4,2355.75,2,166.82,247.208,2.495,10.204,2,2
JY11-4,2355.875,2,120.891,258.705,2.56,15.3,2,2
JY11-4,2356.75,2,123.442,260.115,2.56,15.311,2,2
JY11-4,2356.875,2,130.404,263.127,2.555,15.373,2,2
JY11-4,2357,2,177.772,282.766,2.543,17.732,2,2
JY41-5,2494.5,2,165.888,238.551,2.742,18.609,2,2
JY41-5,2494.625,2,164.232,238.706,2.745,18.517,2,2
JY41-5,2496.625,2,164.439,238.303,2.723,17.359,2,2
JY41-5,2496.75,2,165.382,240.761,2.731,19.685,2,2
JY41-5,2496.875,2,165.65,242.55,2.738,21.029,2,2
JY41-5,2502.25,1,170.613,233.924,2.718,17.547,1,1
JY41-5,2502.375,1,166.583,232.456,2.712,17.151,1,1
JY41-5,2502.5,1,160.729,231.785,2.707,16.575,1,1
JY41-5,2502.625,1,158.16,232.531,2.704,15.951,1,1
JY41-5,2503.375,1,171.199,242.725,2.726,21.066,1,1
JY41-5,2503.5,1,174.744,243.383,2.734,20.106,1,1
JY41-5,2503.625,1,176.548,244.149,2.736,19.882,1,1
JY41-5,2508,1,89.398,198.598,2.66,3.901,1,1
JY41-5,2508.125,1,90.29,198.407,2.665,4.075,1,1
JY41-5,2508.25,1,90.675,198.382,2.666,4.431,1,1
JY41-5,2508.375,1,90.239,198.727,2.664,4.871,1,1
JY41-5,2508.5,1,90.293,199.637,2.662,5.296,1,1
JY41-5,2508.625,1,92.36,200.983,2.661,5.784,1,1
JY41-5,2508.75,1,95.2,202.542,2.661,6.464,1,1
JY41-5,2508.875,1,95.399,203.84,2.658,7.242,1,1
JY41-5,2509,1,92.413,204.339,2.655,7.767,1,1
JY41-5,2509.125,1,88.891,203.738,2.649,7.494,1,1
JY41-5,2509.25,1,86.698,202.094,2.643,6.54,1,1
JY41-5,2509.375,1,85.319,199.835,2.638,5.277,1,1
JY41-5,2509.5,1,84.053,197.367,2.633,4.203,1,1
JY41-5,2509.625,1,83.363,195.333,2.626,3.509,1,1
JY41-5,2509.75,1,84.698,194.182,2.616,3.117,1,1
JY41-5,2509.875,1,88.621,194.229,2.606,2.863,1,1
JY41-5,2510,1,94.56,195.297,2.599,2.785,1,1
JY41-5,2510.125,1,101.495,197.098,2.594,3.095,1,1
JY41-5,2510.25,1,107.449,199.423,2.587,3.795,1,1
JY41-5,2510.375,1,111.332,201.981,2.576,4.631,1,1
JY41-5,2510.5,1,111.996,204.724,2.568,5.275,1,1
JY41-5,2510.625,1,108.866,207.803,2.569,5.626,1,1
JY41-5,2510.75,1,102.677,211.188,2.577,5.651,1,1
JY41-5,2510.875,1,95.448,214.656,2.583,5.201,1,1
JY41-5,2511,1,89.072,217.661,2.579,4.397,1,1
JY41-5,2511.125,1,84.427,219.639,2.567,3.52,1,1
JY41-5,2511.25,1,83.135,219.946,2.553,2.932,1,1
JY41-5,2511.375,1,86.135,218.708,2.542,2.767,1,1
JY41-5,2511.5,1,93.129,217.077,2.538,3.023,1,1
JY41-5,2511.625,1,102.801,216.58,2.545,3.46,1,1
JY41-5,2511.75,1,116.386,218.187,2.563,4.001,1,1
JY41-5,2511.875,1,136.575,222.339,2.591,5.132,1,1
JY41-5,2512,1,160.315,229.064,2.624,7.851,1,1
JY41-5,2512.125,1,180.526,236.33,2.66,13.402,1,1
JY41-5,2512.25,1,188.658,242.226,2.693,32.861,1,1
JY41-5,2512.375,1,187.331,245.357,2.719,32.008,1,1
JY41-5,2512.5,1,182.253,246.017,2.737,28.112,1,1
JY41-5,2512.625,1,177.715,244.469,2.749,25.762,1,1
JY41-5,2512.75,1,173.028,241.397,2.756,23.035,1,1
JY41-5,2512.875,1,167.059,237.604,2.757,19.963,1,1
JY41-5,2514.125,1,149.036,219.814,2.697,13.099,1,1
JY41-5,2514.25,1,149.769,222.147,2.701,15.646,1,1
JY41-5,2514.375,1,149.604,223.473,2.704,16.59,1,1
JY41-5,2514.5,1,149.746,224.726,2.703,15.962,1,1
JY41-5,2514.625,1,151.69,226.732,2.699,14.879,1,1
JY41-5,2514.75,1,156.551,230.062,2.696,14.817,1,1
JY41-5,2516,1,179.744,241.529,2.721,19.933,1,1
JY41-5,2516.125,1,176.27,238.953,2.718,19.015,1,1
JY41-5,2516.25,1,171.798,236.415,2.714,18.067,1,1
JY41-5,2516.375,1,168.34,234.147,2.711,17.22,1,1
JY41-5,2517.375,1,67.229,194.375,2.721,5.722,1,1
JY41-5,2517.5,1,57.202,187.77,2.721,3.086,1,1
JY41-5,2517.625,1,54.608,183.86,2.72,1.783,1,1
JY41-5,2518,1,59.953,186.926,2.683,2.289,1,1
JY41-5,2518.125,1,60.121,189.957,2.667,2.393,1,1
JY41-5,2518.25,1,60.273,192.652,2.651,2.114,1,1
JY41-5,2518.375,1,61.048,194.865,2.634,1.649,1,1
JY41-5,2518.5,1,62.489,196.416,2.621,1.302,1,1
JY41-5,2518.625,1,64.5,197.491,2.614,1.301,1,1
JY41-5,2518.75,1,68.112,199.014,2.608,1.719,1,1
JY41-5,2518.875,1,77.557,201.797,2.604,2.482,1,1
JY41-5,2519,1,95.925,206.39,2.609,3.515,1,1
JY41-5,2519.125,1,122.782,212.937,2.628,5.146,1,1
JY41-5,2519.25,1,150.702,221.363,2.661,8.282,1,1
JY41-5,2519.375,1,172.899,230.303,2.693,15.051,1,1
JY41-5,2519.5,1,186.824,238.368,2.714,25.997,1,1
JY41-5,2519.625,1,194.064,244.451,2.721,27.088,1,1
JY41-5,2519.75,1,196.473,248.338,2.723,26.14,1,1
JY41-5,2519.875,1,195.612,250.147,2.727,24.584,1,1
JY41-5,2520,1,193.074,250.169,2.729,23.685,1,1
JY41-5,2520.125,2,188.447,249.275,2.725,21.748,2,2
JY41-5,2520.25,2,181.884,247.823,2.716,19.892,2,2
JY41-5,2521,2,174.907,238.665,2.703,17.194,2,2
JY41-5,2521.125,2,176.183,238.368,2.7,17.181,2,2
JY41-5,2521.25,2,177.935,238.672,2.702,17.483,2,2
JY41-5,2522.125,2,181.222,242.698,2.709,19.511,2,2
JY41-5,2522.25,2,184.508,243.803,2.704,19.379,2,2
JY41-5,2522.375,2,187.919,245.654,2.699,19.4,2,2
JY41-5,2523.25,2,189.081,253.41,2.716,20.6,2,2
JY41-5,2523.375,2,191.613,253.397,2.718,20.88,2,2
JY41-5,2523.5,2,194.113,253.462,2.716,20.9,2,2
JY41-5,2524.25,2,186.462,254.463,2.701,20.818,2,2
JY41-5,2524.375,2,183.164,254.525,2.709,20.741,2,2
JY41-5,2524.5,2,182.628,254.347,2.72,20.658,2,2
JY41-5,2525.125,2,174.938,251.576,2.703,21.156,2,2
JY41-5,2525.25,2,175.701,251.445,2.705,20.67,2,2
JY41-5,2525.375,2,176.596,251.55,2.71,20.224,2,2
JY41-5,2526.125,2,178.725,254.019,2.728,20.25,2,2
JY41-5,2526.25,2,180.339,254.521,2.731,20.893,2,2
JY41-5,2526.375,2,183.28,255.012,2.735,21.529,2,2
JY41-5,2527.125,2,181.617,255.457,2.72,20.906,2,2
JY41-5,2527.25,2,179.41,254.761,2.716,20.503,2,2
JY41-5,2527.375,2,177.695,253.873,2.715,20.45,2,2
JY41-5,2528,2,178.108,250.025,2.723,20.761,2,2
JY41-5,2528.125,2,175.971,249.991,2.719,20.25,2,2
JY41-5,2528.25,2,175.205,250.204,2.714,20.031,2,2
JY41-5,2528.875,2,182.537,249.494,2.716,19.519,2,2
JY41-5,2529,2,178.026,248.254,2.714,20.092,2,2
JY41-5,2529.125,2,172.929,246.999,2.718,20.226,2,2
JY41-5,2529.75,2,179.54,247.462,2.726,21.053,2,2
JY41-5,2529.875,2,180.642,248.073,2.725,21.299,2,2
JY41-5,2530,2,180.674,248.408,2.723,20.965,2,2
JY41-5,2530.625,2,178.624,249.629,2.731,19.956,2,2
JY41-5,2530.75,2,177.418,250.406,2.728,19.219,2,2
JY41-5,2530.875,2,177.107,251.216,2.727,18.727,2,2
JY41-5,2531.375,2,184.077,252.736,2.717,21.149,2,2
JY41-5,2531.5,2,184.536,252.677,2.715,21.433,2,2
JY41-5,2531.625,2,185.313,252.583,2.718,21.622,2,2
JY41-5,2532.375,2,181.358,253.602,2.726,20.768,2,2
JY41-5,2532.5,2,178.836,253.917,2.729,20.543,2,2
JY41-5,2532.625,2,177.019,254.249,2.732,19.989,2,2
JY41-5,2533.25,2,176.368,255.209,2.748,22.22,2,2
JY41-5,2533.375,2,178.819,255.004,2.746,21.306,2,2
JY41-5,2533.5,2,180.659,254.698,2.742,20.152,2,2
JY41-5,2534,2,187.24,253.679,2.742,20.76,2,2
JY41-5,2534.125,2,186.378,253.541,2.733,20.938,2,2
JY41-5,2534.25,2,183.233,253.293,2.724,20.942,2,2
JY41-5,2534.875,2,177.201,251.546,2.725,20.646,2,2
JY41-5,2535,2,174.544,252.181,2.721,21.156,2,2
JY41-5,2535.125,2,173.179,253.212,2.714,21.792,2,2
JY41-5,2535.875,2,182.827,255.4,2.699,20.677,2,2
JY41-5,2536,2,181.282,254.563,2.699,21.085,2,2
JY41-5,2536.125,2,181.363,253.808,2.696,21.292,2,2
JY41-5,2536.875,2,190.692,257.522,2.693,21.78,2,2
JY41-5,2537,2,193.229,258.335,2.695,21.826,2,2
JY41-5,2537.125,2,194.289,258.538,2.695,21.375,2,2
JY41-5,2537.875,2,188.411,253.603,2.716,20.225,2,2
JY41-5,2538,2,187.172,253.741,2.717,20.075,2,2
JY41-5,2538.125,2,187.972,254.11,2.715,20.001,2,2
JY41-5,2538.875,2,186.225,259.364,2.715,21.006,2,2
JY41-5,2539,2,189.167,259.999,2.706,19.994,2,2
JY41-5,2539.125,2,190.624,260.012,2.696,19.177,2,2
JY41-5,2540,2,186.347,258.339,2.706,19.871,2,2
JY41-5,2540.125,2,185.876,258.724,2.702,20.362,2,2
JY41-5,2540.25,2,182.737,259.065,2.699,20.521,2,2
JY41-5,2541.5,2,198.955,259.219,2.71,19.314,2,2
JY41-5,2541.625,2,195.759,259.344,2.709,19.352,2,2
JY41-5,2541.75,2,193.833,259.454,2.709,19.167,2,2
JY41-5,2542.625,2,213.597,257.861,2.691,19.044,2,2
JY41-5,2542.75,2,213.005,257.608,2.684,19.249,2,2
JY41-5,2542.875,2,211.356,257.574,2.675,19.219,2,2
JY41-5,2543.375,2,208.361,259.004,2.651,18.332,2,2
JY41-5,2543.5,2,207.693,259.275,2.645,18.468,2,2
JY41-5,2543.625,2,204.293,259.335,2.643,18.153,2,2
JY41-5,2544.375,2,193.576,255.294,2.67,19.687,2,2
JY41-5,2544.5,2,190.745,255.548,2.675,19.836,2,2
JY41-5,2544.625,2,187.679,256.479,2.679,20.117,2,2
JY41-5,2545.25,2,181.529,261.384,2.661,19.736,2,2
JY41-5,2545.375,2,183.592,261.623,2.664,18.919,2,2
JY41-5,2545.5,2,185.671,261.727,2.666,18.444,2,2
JY41-5,2546,2,186.347,258.892,2.645,19.365,2,2
JY41-5,2546.125,2,188.056,257.383,2.64,18.556,2,2
JY41-5,2546.25,2,189.358,255.968,2.64,17.899,2,2
JY41-5,2547,2,189.517,252.368,2.656,17.17,2,2
JY41-5,2547.125,2,185.922,251.095,2.661,16.751,2,2
JY41-5,2547.25,2,182.934,249.675,2.664,16.401,2,2
JY41-5,2548,2,187.422,254.492,2.673,15.31,2,2
JY41-5,2548.125,2,191.494,258.258,2.672,16.066,2,2
JY41-5,2548.25,2,196.788,262.074,2.67,17.319,2,2
JY41-5,2548.875,2,209.681,268.286,2.661,19.501,2,2
JY41-5,2549,2,226.167,272.177,2.628,19.771,2,2
JY41-5,2549.125,2,227.265,272.069,2.622,18.995,2,2
JY41-5,2550,2,224.231,271.349,2.617,18.242,2,2
JY41-5,2550.125,2,211.656,260.947,2.586,15.403,2,2
JY41-5,2550.25,2,209.697,258.875,2.594,15.68,2,2
JY41-5,2551,2,203.426,255.842,2.614,15.717,2,2
JY41-5,2551.125,2,196.786,251.406,2.612,15.599,2,2
JY41-5,2551.25,2,202.558,255.024,2.598,16.662,2,2
JY41-5,2552.125,2,205.121,258.064,2.595,17.033,2,2
JY41-5,2552.25,2,236.308,262.619,2.651,17.923,2,2
JY41-5,2552.375,2,238.167,263.646,2.653,18.859,2,2
JY41-5,2553.25,2,233.436,264.675,2.649,19.509,2,2
JY41-5,2553.375,2,189.345,266.035,2.69,18.002,2,2
JY41-5,2553.5,2,194.573,267.743,2.686,17.587,2,2
JY41-5,2554,2,202.383,269.929,2.681,18.043,2,2
JY41-5,2554.125,2,201.701,274.962,2.66,20.837,2,2
JY41-5,2554.25,2,199.152,275.312,2.656,19.748,2,2
JY41-5,2554.5,2,200.275,275.912,2.654,19.044,2,2
JY41-5,2554.625,2,210.141,277.714,2.651,19.031,2,2
JY41-5,2554.75,2,214.849,278.49,2.649,19.108,2,2
JY41-5,2556,2,215.899,278.956,2.648,19.125,2,2
JY41-5,2556.125,2,203.313,275.996,2.65,20.228,2,2
JY41-5,2556.25,2,207.325,276.358,2.65,20.386,2,2
JY41-5,2556.875,2,208.796,277.032,2.649,20.826,2,2
JY41-5,2557,2,206.54,275.696,2.669,20.76,2,2
JY41-5,2557.125,2,211.89,275.105,2.669,19.957,2,2
JY41-5,2557.25,2,216.394,274.662,2.667,19.728,2,2
JY41-5,2557.375,2,219.059,273.804,2.663,19.939,2,2
JY41-5,2557.5,2,221.301,272.217,2.658,20.236,2,2
JY41-5,2557.625,2,222.288,269.969,2.659,20.257,2,2
JY41-5,2557.75,2,219.019,267.53,2.669,19.855,2,2
JY41-5,2557.875,2,212.127,265.33,2.686,18.928,2,2
JY41-5,2558,2,206.949,263.805,2.696,18.054,2,2
JY41-5,2558.125,2,204.513,262.725,2.695,17.971,2,2
JY41-5,2558.25,2,200.94,261.501,2.691,18.928,2,2
JY41-5,2558.375,2,193.492,259.639,2.696,19.958,2,2
JY41-5,2558.5,2,185.071,257.583,2.707,20.078,2,2
JY41-5,2558.625,2,182.01,256.205,2.718,19.262,2,2
JY41-5,2558.75,2,185.571,256.586,2.719,18.637,2,2
JY41-5,2558.875,2,194.44,258.898,2.71,18.927,2,2
JY41-5,2559,2,204.926,262.689,2.691,20.236,2,2
JY41-5,2559.125,2,213.233,266.65,2.67,21.723,2,2
JY41-5,2559.25,2,216.993,269.823,2.652,22.391,2,2
JY41-5,2560,2,217.087,271.58,2.641,21.995,2,2
JY41-5,2560.125,2,201.586,269.349,2.663,18.766,2,2
JY41-5,2560.25,2,203.269,268.205,2.666,18.426,2,2
JY41-5,2561,2,203.825,266.862,2.669,18.35,2,2
JY41-5,2561.125,2,199.503,263.025,2.675,19.828,2,2
JY41-5,2561.25,2,201.476,263.584,2.67,20.262,2,2
JY41-5,2562,2,202.295,264.03,2.671,20.991,2,2
JY41-5,2562.125,2,199.093,261.659,2.681,18.572,2,2
JY41-5,2562.25,2,196.023,259.733,2.665,18.474,2,2
JY41-5,2563,2,193.823,256.777,2.648,18.635,2,2
JY41-5,2563.125,2,204.875,234.661,2.65,15.364,2,2
JY41-5,2563.25,2,200.661,233.046,2.654,15.375,2,2
JY41-5,2563.75,2,192.464,231.648,2.66,14.778,2,2
JY41-5,2563.875,2,158.541,229.975,2.672,11.286,2,2
JY41-5,2564,2,155.52,230.674,2.678,11.867,2,2
JY41-5,2564.75,2,155.098,231.303,2.685,12.758,2,2
JY41-5,2564.875,2,159.902,234.444,2.679,14.472,2,2
JY41-5,2565,2,160.393,236.269,2.674,14.663,2,2
JY41-5,2566,2,160.523,238.058,2.671,14.808,2,2
JY41-5,2566.125,2,172.429,243.33,2.646,14.826,2,2
JY41-5,2566.25,2,174.058,242.662,2.641,14.629,2,2
JY41-5,2566.625,2,174.191,242.049,2.638,14.356,2,2
JY41-5,2566.75,2,171.805,242.13,2.63,14.084,2,2
JY41-5,2566.875,2,171.844,242.635,2.633,14.091,2,2
JY41-5,2567.625,2,172.628,243.134,2.633,13.938,2,2
JY41-5,2567.75,2,164.314,244.245,2.65,13.087,2,2
JY41-5,2567.875,2,164.189,244.276,2.647,13.345,2,2
JY41-5,2568.625,2,164.181,244.227,2.644,13.796,2,2
JY41-5,2568.75,2,181.129,245.416,2.628,14.075,2,2
JY41-5,2568.875,2,181.484,244.744,2.625,14.378,2,2
JY41-5,2570,2,179.584,243.47,2.618,14.357,2,2
JY41-5,2570.125,2,194.686,237.19,2.644,14.167,2,2
JY41-5,2570.25,2,185.233,236.344,2.652,13.469,2,2
JY41-5,2571.25,2,178.96,235.445,2.658,13.163,2,2
JY41-5,2571.375,2,164.553,231.103,2.691,12.755,2,2
JY41-5,2571.5,2,167.477,233.485,2.684,13.613,2,2
JY41-5,2572.125,2,171.507,235.824,2.676,14.173,2,2
JY41-5,2572.25,2,178.792,241.142,2.635,13.141,2,2
JY41-5,2572.375,2,180.409,241.286,2.633,13.671,2,2
JY41-5,2573,2,180.39,241.186,2.64,14.657,2,2
JY41-5,2573.125,2,179.445,238.496,2.636,14.667,2,2
JY41-5,2573.25,2,175.719,238.031,2.635,14.546,2,2
JY41-5,2574.125,2,171.511,237.796,2.637,14.311,2,2
JY41-5,2574.25,2,169.824,239.641,2.644,14.017,2,2
JY41-5,2574.375,2,165.928,239.22,2.642,13.837,2,2
JY41-5,2575.75,2,162.779,238.511,2.64,13.419,2,2
JY41-5,2575.875,2,178.003,235.485,2.65,14.568,2,2
JY41-5,2576,2,174.519,235.679,2.648,13.892,2,2
JY41-5,2576.375,2,169.647,235.154,2.653,13.01,2,2
JY41-5,2576.5,2,166.337,233.593,2.664,12.864,2,2
JY41-5,2576.625,2,166.2,234.225,2.66,13.618,2,2
JY41-5,2577.375,2,166.478,235.434,2.656,14.198,2,2
JY41-5,2577.5,2,173.285,240.015,2.626,14.647,2,2
JY41-5,2577.625,2,172.173,239.874,2.622,14.198,2,2
JY41-5,2578.375,2,170.322,239.725,2.623,13.515,2,2
JY41-5,2578.5,2,176.621,242.061,2.624,14.213,2,2
JY41-5,2578.625,2,175.189,242.531,2.617,14.668,2,2
JY41-5,2579.375,2,172.771,242.4,2.62,14.918,2,2
JY41-5,2579.5,2,172.552,243.682,2.634,13.955,2,2
JY41-5,2579.625,2,182.054,245.784,2.632,14.52,2,2
JY41-5,2580.125,2,188.941,247.3,2.637,15.495,2,2
JY41-5,2580.25,2,173.683,247.552,2.64,13.407,2,2
JY41-5,2580.375,2,170.007,248.977,2.646,12.505,2,2
JY41-5,2581,2,171.452,251.371,2.65,12.908,2,2
JY41-5,2581.125,2,188.632,258.277,2.633,16.837,2,2
JY41-5,2581.25,2,185.84,258.119,2.631,16.286,2,2
JY41-5,2582.125,2,182.989,258.343,2.628,15.8,2,2
JY41-5,2582.25,2,188.116,261.861,2.618,16.97,2,2
JY41-5,2582.375,2,183.574,260.598,2.616,17.293,2,2
JY41-5,2583,2,177.455,259.094,2.616,17.547,2,2
JY41-5,2583.125,2,174.52,258.302,2.601,15.547,2,2
JY41-5,2583.25,2,176.783,260.133,2.602,15.593,2,2
JY41-5,2584,2,181.318,262.086,2.604,15.973,2,2
JY41-5,2584.125,2,173.995,259.973,2.638,15.657,2,2
JY41-5,2584.25,2,169.614,258.43,2.639,14.918,2,2
JY41-5,2584.875,2,168.014,257.437,2.633,14.566,2,2
JY41-5,2585,2,183.465,259.502,2.607,14.485,2,2
JY41-5,2585.125,2,181.611,259.835,2.605,14.416,2,2
JY41-5,2585.875,2,178.709,260.021,2.602,14.531,2,2
JY41-5,2586,2,175.467,257.939,2.587,14.508,2,2
JY41-5,2586.125,2,175.689,257.554,2.585,14.687,2,2
JY41-5,2586.875,2,177.12,257.844,2.581,15.13,2,2
JY41-5,2587,2,172.485,255.594,2.608,14.183,2,2
JY41-5,2587.125,2,175.887,254.226,2.612,13.704,2,2
JY41-5,2587.5,2,178.931,253.753,2.607,13.39,2,2
JY41-5,2587.625,2,174.865,255.242,2.579,14.177,2,2
JY41-5,2587.75,2,177.89,255.735,2.579,14.128,2,2
JY41-5,2588.25,2,182.521,255.841,2.581,13.792,2,2
JY41-5,2588.375,2,182.611,256.147,2.573,13.862,2,2
JY41-5,2588.5,2,182.077,256.884,2.574,13.879,2,2
JY41-5,2589.25,2,184.195,257.827,2.573,13.822,2,2
JY41-5,2589.375,2,180.289,260.049,2.6,13.902,2,2
JY41-5,2589.5,2,187.911,260.764,2.595,14.151,2,2
JY41-5,2590,2,196.425,261.303,2.587,14.499,2,2
JY41-5,2590.125,2,199.122,263.684,2.577,14.329,2,2
JY41-5,2590.25,2,203.248,265.595,2.584,14.715,2,2
JY41-5,2590.75,2,207.846,267.631,2.6,15.637,2,2
JY41-5,2590.875,2,206.391,265.292,2.613,15.703,2,2
JY41-5,2591,2,206.396,263.224,2.602,14.308,2,2
JY41-5,2591.5,2,208.832,261.939,2.598,13.403,2,2
JY41-5,2591.625,2,224.591,264.146,2.609,16.589,2,2
JY41-5,2591.75,2,221.792,263.805,2.61,17.291,2,2
JY41-5,2592.125,2,219.453,262.434,2.611,17.278,2,2
JY41-5,2592.25,2,206.544,253.336,2.638,14.84,2,2
JY41-5,2592.375,2,198.637,250.072,2.648,14.104,2,2
JY41-5,2592.875,2,192.166,247.448,2.651,13.425,2,2
JY41-5,2593,2,197.125,244.679,2.624,12.86,2,2
JY41-5,2593.125,2,196.612,244.407,2.625,13.017,2,2
JY41-5,2594,2,193.395,243.562,2.629,13.177,2,2
JY41-5,2594.125,2,204.756,239.814,2.612,11.95,2,2
JY41-5,2594.25,2,205.576,240.681,2.614,11.914,2,2
JY41-5,2594.875,2,202.104,241.135,2.622,12.022,2,2
JY41-5,2595,2,199.093,237.712,2.612,12.037,2,2
JY41-5,2595.125,2,198.877,236.745,2.609,12.298,2,2
JY41-5,2595.25,2,198.393,235.695,2.607,12.262,2,2
JY41-5,2595.375,2,198.058,234.842,2.608,12.049,2,2
JY41-5,2595.5,2,195.853,234.401,2.616,11.934,2,2
JY41-5,2595.625,2,192.33,234.634,2.627,11.98,2,2
JY41-5,2595.75,2,189.898,235.71,2.634,12.032,2,2
JY41-5,2595.875,2,189.222,237.568,2.628,11.958,2,2
JY41-5,2596,2,188.601,239.631,2.616,11.853,2,2
JY41-5,2596.125,2,186.891,241.517,2.606,11.848,2,2
JY41-5,2596.25,2,185.888,242.971,2.609,12.032,2,2
JY41-5,2596.375,2,187.297,243.876,2.618,12.613,2,2
JY41-5,2596.5,2,190.715,244.091,2.626,13.668,2,2
JY41-5,2596.625,2,192.871,243.622,2.622,14.51,2,2
JY41-5,2596.875,2,191.861,242.734,2.611,14.338,2,2
JY41-5,2597,2,182.962,240.586,2.588,11.922,2,2
JY41-5,2597.125,2,178.033,239.958,2.586,11.279,2,2
JY41-5,2597.5,2,174.576,239.94,2.589,11.376,2,2
JY41-5,2597.625,2,176.678,241.866,2.592,12.736,2,2
JY41-5,2597.75,2,177.352,242.261,2.591,12.671,2,2
JY41-5,2598,2,177.064,242.365,2.589,12.319,2,2
JY41-5,2598.125,2,179.621,242.955,2.588,11.172,2,2
JY41-5,2598.25,2,186.635,243.763,2.594,10.958,2,2
JY41-5,2599,2,197.623,244.817,2.61,11.384,2,2
JY41-5,2599.125,2,189.561,243.856,2.621,12.205,2,2
JY41-5,2599.25,2,190.65,242.753,2.623,12.21,2,2
JY41-5,2600.125,2,192.043,241.893,2.627,12.212,2,2
JY41-5,2600.25,2,215.668,244.925,2.561,12.203,2,2
JY41-5,2600.375,2,218.968,245.006,2.562,12.161,2,2
JY41-5,2601.25,2,221.128,245.276,2.561,12.064,2,2
JY41-5,2601.375,2,208.536,244.58,2.554,11.922,2,2
JY41-5,2601.5,2,204.895,244.382,2.559,12.068,2,2
JY41-5,2602.125,2,201.955,244.504,2.565,12.413,2,2
JY41-5,2602.25,2,215.49,246.738,2.572,12.485,2,2
JY41-5,2602.375,2,215.713,246.327,2.558,12.197,2,2
JY41-5,2602.875,2,212.872,245.661,2.549,12.014,2,2
JY41-5,2603,2,199.345,245.908,2.55,12.757,2,2
JY41-5,2603.125,2,202.089,246.521,2.544,12.515,2,2
JY41-5,2603.375,2,206.246,246.97,2.542,12.184,2,2
JY41-5,2603.5,2,211.898,247.156,2.55,11.929,2,2
JY41-5,2603.625,2,211.615,246.821,2.555,11.982,2,2
JY41-5,2604.625,2,209.679,245.937,2.559,12.18,2,2
JY41-5,2604.75,2,207.178,242.944,2.557,10.787,2,2
JY41-5,2604.875,2,215.454,243.753,2.556,11.443,2,2
JY41-5,2605.625,2,221.195,243.723,2.564,11.9,2,2
JY41-5,2605.75,2,214.896,241.951,2.571,12.882,2,2
JY41-5,2605.875,2,212.919,242.216,2.573,12.488,2,2
JY41-5,2606.625,2,215.747,242.794,2.575,11.969,2,2
JY41-5,2606.75,2,230.913,249.027,2.549,12.636,2,2
JY41-5,2606.875,2,227.116,249.364,2.549,12.626,2,2
JY41-5,2607.625,2,224.172,249.535,2.545,12.515,2,2
JY41-5,2607.75,2,223.06,251.188,2.525,12.793,2,2
JY41-5,2607.875,2,222.867,251.252,2.527,12.782,2,2
JY41-5,2608.625,2,222.311,250.928,2.53,12.505,2,2
JY41-5,2608.75,2,203.647,244.484,2.532,10.085,2,2
JY41-5,2608.875,2,199.438,244.347,2.543,10.029,2,2
JY41-5,2609.5,2,198.176,244.24,2.554,10.111,2,2
JY41-5,2609.625,2,175.398,241.019,2.573,9.939,2,2
JY41-5,2609.75,2,182.158,241.498,2.562,9.948,2,2
JY41-5,2610.5,2,188.019,242.216,2.546,10.328,2,2
JY41-5,2610.625,2,205.167,248.024,2.527,9.634,2,2
JY41-5,2610.75,2,215.214,249.208,2.535,10.445,2,2
JY41-5,2611.5,2,224.492,249.54,2.534,11.313,2,2
JY41-5,2611.625,2,247.499,246.207,2.501,10.774,2,2
JY41-5,2611.75,2,247.18,246.25,2.494,10.932,2,2
JY41-5,2612.5,2,245.463,246.578,2.498,11.065,2,2
JY41-5,2612.625,2,231.26,252.164,2.494,11.267,2,2
JY41-5,2612.75,2,236.597,252.315,2.485,11.371,2,2
JY41-5,2613.5,2,242.518,252.026,2.479,11.466,2,2
JY41-5,2613.625,2,240.104,247.168,2.491,9.919,2,2
JY41-5,2613.75,2,235.295,246.424,2.485,9.894,2,2
JY41-5,2614.625,2,232.853,246.094,2.478,9.808,2,2
JY41-5,2614.75,2,342.241,265.573,2.489,12.722,2,2
JY41-5,2614.875,2,383.445,267.251,2.459,13.419,2,2
JY41-5,2615,2,418.372,266.23,2.432,13.646,2,2
JY41-5,2615.125,2,439.984,261.819,2.421,13.551,2,2
JY41-5,2615.25,2,435.24,254.145,2.431,13.059,2,2
JY41-5,2615.375,2,395.534,244.298,2.466,11.85,2,2
JY41-5,2615.5,2,326.75,234.854,2.518,9.94,2,2
JY41-5,2615.625,2,256.282,228.106,2.576,8.13,2,2
JY41-5,2615.75,2,213.388,226.21,2.613,7.306,2,2
JY41-5,2615.875,2,203.697,228.734,2.61,7.849,2,2
JY41-5,2616,2,210.302,234.457,2.569,9.559,2,2
JY41-5,2616.125,2,214.836,241.067,2.518,11.485,2,2
JY41-5,2616.25,2,213.092,246.825,2.481,12.634,2,2
JY41-5,2616.375,2,207.351,250.569,2.465,12.501,2,2
JY41-5,2616.5,2,198.681,252.206,2.465,11.476,2,2
JY41-5,2616.625,2,188.415,252.166,2.472,10.204,2,2
JY41-5,2616.75,2,182.427,250.89,2.48,9.304,2,2
JY41-5,2616.875,2,184.242,249.099,2.488,9.029,2,2
JY41-5,2617.625,2,190.967,247.141,2.496,9.515,2,2
JY41-5,2617.75,2,199.499,247.019,2.465,8.646,2,2
JY41-5,2617.875,2,202.452,248.231,2.462,9.069,2,2
JY41-5,2618.5,2,201.064,248.967,2.465,9.755,2,2
JY41-5,2618.625,2,174.656,247.25,2.458,9.24,2,2
JY41-5,2618.75,2,168.856,246.184,2.465,9.695,2,2
JY41-5,2619.625,2,162.439,244.483,2.469,10.233,2,2
JY41-5,2619.75,2,142.771,247.148,2.526,12.827,2,2
JY41-5,2619.875,2,138.054,249.61,2.53,14.202,2,2
JY41-5,2620.5,2,134.219,251.71,2.532,14.315,2,2
JY41-5,2620.625,2,158.97,269.262,2.527,15.911,2,2
JY41-5,2620.75,2,168.608,273.406,2.535,16.95,2,2
JY56-z1,2850.5,1,181.624,219.336,2.733,18.596,1,1
JY56-z1,2850.625,1,175.532,214.466,2.731,17.52,1,1
JY56-z1,2850.75,1,167.215,208.01,2.728,15.923,1,1
JY56-z1,2850.875,1,156.31,203.385,2.724,13.959,1,1
JY56-z1,2851,1,142.783,198.718,2.719,12.011,1,1
JY56-z1,2851.125,1,129.831,193.254,2.715,10.32,1,1
JY56-z1,2851.25,1,121.653,195.31,2.71,9.064,1,1
JY56-z1,2851.375,1,117.821,201.337,2.707,8.318,1,1
JY56-z1,2851.5,1,117.349,207.898,2.704,8.196,1,1
JY56-z1,2851.625,1,120.561,212.349,2.703,8.712,1,1
JY56-z1,2851.75,1,128.202,218.369,2.701,9.75,1,1
JY56-z1,2851.875,1,138.768,223.733,2.699,11.119,1,1
JY56-z1,2852,1,148.658,227.805,2.698,12.36,1,1
JY56-z1,2855.5,1,123.936,221.486,2.693,10.65,1,1
JY56-z1,2855.625,1,138.077,227.815,2.702,12.138,1,1
JY56-z1,2855.75,1,157.527,231.036,2.712,13.92,1,1
JY56-z1,2855.875,1,173.599,233.573,2.718,15.053,1,1
JY56-z1,2856,1,179.531,235.512,2.718,15.016,1,1
JY56-z1,2857.125,1,143.246,230.967,2.643,9.648,1,1
JY56-z1,2857.25,1,115.554,223.34,2.634,7.268,1,1
JY56-z1,2857.375,1,97.285,211.666,2.633,5.576,1,1
JY56-z1,2857.5,1,88.442,198.533,2.631,4.67,1,1
JY56-z1,2857.625,1,85.757,193.633,2.625,4.498,1,1
JY56-z1,2857.75,1,89.945,197.679,2.618,5.15,1,1
JY56-z1,2857.875,1,102.954,203.097,2.608,6.589,1,1
JY56-z1,2858,1,122.538,208.713,2.591,8.419,1,1
JY56-z1,2858.125,1,138.085,212.239,2.571,9.659,1,1
JY56-z1,2858.25,1,139.593,212.103,2.567,9.006,1,1
JY56-z1,2858.375,1,125.024,208.472,2.588,6.895,1,1
JY56-z1,2858.5,1,102.122,201.853,2.621,4.737,1,1
JY56-z1,2858.625,1,80.944,193.841,2.65,3.321,1,1
JY56-z1,2858.75,1,66.77,187.124,2.663,2.659,1,1
JY56-z1,2858.875,1,60.311,181.812,2.659,2.568,1,1
JY56-z1,2859,1,59.364,178.297,2.645,2.705,1,1
JY56-z1,2859.125,1,61.256,177.375,2.631,2.925,1,1
JY56-z1,2859.25,1,63.627,178.562,2.619,3.173,1,1
JY56-z1,2859.375,1,65.753,179.888,2.609,3.405,1,1
JY56-z1,2859.5,1,67.127,181.135,2.6,3.543,1,1
JY56-z1,2859.625,1,67.825,183.455,2.594,3.6,1,1
JY56-z1,2859.75,1,68.768,185.42,2.593,3.693,1,1
JY56-z1,2859.875,1,71.49,185.05,2.595,3.894,1,1
JY56-z1,2860,1,74.991,184.353,2.598,4.105,1,1
JY56-z1,2860.125,1,76.854,183.379,2.6,4.226,1,1
JY56-z1,2860.25,1,75.214,182.324,2.599,4.249,1,1
JY56-z1,2860.375,1,71.643,182.024,2.598,4.245,1,1
JY56-z1,2860.5,1,68.575,182.954,2.594,4.197,1,1
JY56-z1,2860.625,1,67.023,184.847,2.59,4.028,1,1
JY56-z1,2860.75,1,66.567,186.284,2.587,3.777,1,1
JY56-z1,2860.875,1,67.285,187.117,2.587,3.597,1,1
JY56-z1,2861,1,70.205,186.848,2.59,3.594,1,1
JY56-z1,2861.125,1,76.12,185.703,2.594,3.685,1,1
JY56-z1,2861.25,1,83.49,183.614,2.594,3.762,1,1
JY56-z1,2861.375,1,88.732,181.525,2.593,3.763,1,1
JY56-z1,2861.5,1,90.112,179.966,2.593,3.704,1,1
JY56-z1,2861.625,1,88.34,179.193,2.595,3.611,1,1
JY56-z1,2861.75,1,84.858,178.65,2.597,3.493,1,1
JY56-z1,2861.875,1,80.392,178.679,2.598,3.309,1,1
JY56-z1,2862,1,76.703,179.268,2.601,2.977,1,1
JY56-z1,2862.125,1,75.041,179.477,2.605,2.585,1,1
JY56-z1,2862.25,1,76.065,179.46,2.609,2.247,1,1
JY56-z1,2862.375,1,79.989,178.184,2.61,2.004,1,1
JY56-z1,2862.5,1,86.574,176.232,2.607,1.811,1,1
JY56-z1,2862.625,1,94.253,175.248,2.603,1.716,1,1
JY56-z1,2862.75,1,100.602,174.808,2.599,1.922,1,1
JY56-z1,2862.875,1,105.836,177.415,2.601,2.631,1,1
JY56-z1,2863,1,113.16,189.253,2.613,4.107,1,1
JY56-z1,2863.125,1,124.666,202.101,2.641,6.482,1,1
JY56-z1,2864.75,2,186.334,239.097,2.729,19.99,2,2
JY56-z1,2865,2,183.139,237.273,2.724,18.82,2,2
JY56-z1,2865.375,2,180.382,236.383,2.714,17.588,2,2
JY56-z1,2865.5,2,178.409,237.074,2.71,17.545,2,2
JY56-z1,2865.625,2,178.192,238.154,2.703,17.407,2,2
JY56-z1,2866.75,2,104.356,202.746,2.762,10.043,2,2
JY56-z1,2867.125,2,115.596,213.184,2.684,11.452,2,2
JY56-z1,2867.25,2,131.687,221.84,2.658,12.74,2,2
JY56-z1,2867.375,2,149.31,232.963,2.648,14.258,2,2
JY56-z1,2867.625,2,177.197,254.803,2.662,17.57,2,2
JY56-z1,2867.875,2,192.797,264.676,2.681,19.717,2,2
JY56-z1,2868,2,198.527,264.848,2.688,19.396,2,2
JY56-z1,2868.25,2,202.489,264.334,2.702,18.806,2,2
JY56-z1,2868.375,2,200.754,263.861,2.708,19.299,2,2
JY56-z1,2868.625,2,198.02,262.39,2.706,19.351,2,2
JY56-z1,2868.75,2,199.364,261.685,2.701,18.796,2,2
JY56-z1,2869,2,203.933,261.522,2.695,18.61,2,2
JY56-z1,2869.25,2,200.315,263.08,2.689,19.113,2,2
JY56-z1,2869.375,2,199.042,263.997,2.688,19.239,2,2
JY56-z1,2869.5,2,200.104,264.448,2.689,19.268,2,2
JY56-z1,2869.75,2,203.809,263.232,2.699,19.294,2,2
JY56-z1,2869.875,2,202.465,261.771,2.701,19.179,2,2
JY56-z1,2870,2,198.784,259.954,2.698,18.719,2,2
JY56-z1,2870.25,2,193.824,256.697,2.691,17.834,2,2
JY56-z1,2870.375,2,194.304,256.262,2.695,17.845,2,2
JY56-z1,2870.625,2,195.741,259.285,2.695,17.786,2,2
JY56-z1,2870.875,2,199.771,265.331,2.681,17.16,2,2
JY56-z1,2871,2,204.394,268.315,2.682,16.989,2,2
JY56-z1,2871.25,2,211.455,271.449,2.673,17.146,2,2
JY56-z1,2871.5,2,226.782,268.876,2.647,17.3,2,2
JY56-z1,2871.625,2,230.538,264.967,2.633,17.252,2,2
JY56-z1,2871.75,2,224.608,260.144,2.634,16.958,2,2
JY56-z1,2872,2,200.83,249.726,2.667,15.484,2,2
JY56-z1,2872.125,2,194.706,244.837,2.68,14.583,2,2
JY56-z1,2872.25,2,193.199,240.661,2.686,13.959,2,2
JY56-z1,2874.125,2,187.071,242.143,2.665,14.255,2,2
JY56-z1,2874.25,2,186.125,243.295,2.663,14.587,2,2
JY56-z1,2874.375,2,185.95,244.358,2.663,14.769,2,2
JY56-z1,2874.5,2,185.556,244.924,2.663,14.742,2,2
JY56-z1,2874.625,2,185.417,245.329,2.663,14.632,2,2
JY56-z1,2874.75,2,186.492,245.699,2.663,14.571,2,2
JY56-z1,2875,2,190.021,245.966,2.663,14.962,2,2
JY56-z1,2875.125,2,189.493,245.589,2.664,15.356,2,2
JY56-z1,2875.25,2,189.136,244.793,2.664,15.638,2,2
JY56-z1,2875.5,2,191.197,242.298,2.666,15.247,2,2
JY56-z1,2875.625,2,189.202,241.303,2.664,14.593,2,2
JY56-z1,2875.75,2,185.499,240.591,2.66,13.94,2,2
JY56-z1,2876,2,181.968,239.408,2.655,13.66,2,2
JY56-z1,2876.125,2,182.889,238.572,2.657,13.982,2,2
JY56-z1,2876.25,2,184.038,237.444,2.663,14.189,2,2
JY56-z1,2876.5,2,180.435,234.906,2.68,13.971,2,2
JY56-z1,2876.625,2,173.312,234.057,2.687,14.009,2,2
JY56-z1,2876.75,2,164.72,233.544,2.686,14.231,2,2
JY56-z1,2877.625,2,180.531,239.221,2.655,14.002,2,2
JY56-z1,2877.75,2,185.464,239.757,2.648,14.306,2,2
JY56-z1,2877.875,2,189.524,239.646,2.642,14.393,2,2
JY56-z1,2878,2,189.772,239.903,2.64,14.259,2,2
JY56-z1,2878.125,2,187.322,240.407,2.643,14.073,2,2
JY56-z1,2878.25,2,184.482,240.931,2.649,13.917,2,2
JY56-z1,2878.375,2,181.292,241.241,2.656,13.737,2,2
JY56-z1,2878.5,2,177.188,241.159,2.665,13.588,2,2
JY56-z1,2878.625,2,173.101,240.67,2.676,13.617,2,2
JY56-z1,2880,2,176.698,245.5,2.645,14.224,2,2
JY56-z1,2880.125,2,180.847,245.249,2.644,14.565,2,2
JY56-z1,2880.25,2,185.538,244.428,2.648,14.829,2,2
JY56-z1,2883.125,2,186.201,264.913,2.641,16.821,2,2
JY56-z1,2883.25,2,188.081,265.071,2.638,17.161,2,2
JY56-z1,2883.375,2,189.515,265.097,2.633,17.337,2,2
JY56-z1,2883.5,2,190.817,265.103,2.628,17.344,2,2
JY56-z1,2883.625,2,193.05,265.091,2.623,17.142,2,2
JY56-z1,2884,2,185.804,264.795,2.63,15.903,2,2
JY56-z1,2884.125,2,180.803,264.706,2.634,15.724,2,2
JY56-z1,2884.25,2,179.035,265.148,2.635,15.706,2,2
JY56-z1,2884.75,2,191.306,268.203,2.619,15.597,2,2
JY56-z1,2884.875,2,191.494,267.972,2.616,15.691,2,2
JY56-z1,2886.125,2,190.466,267.539,2.634,14.365,2,2
JY56-z1,2886.25,2,191.143,267.968,2.642,14.644,2,2
JY56-z1,2886.375,2,190.942,268.856,2.645,15.093,2,2
JY56-z1,2886.75,2,190.201,272.27,2.623,16.442,2,2
JY56-z1,2886.875,2,191.312,272.557,2.622,16.263,2,2
JY56-z1,2887,2,190.751,271.908,2.622,15.844,2,2
JY56-z1,2887.875,2,184.363,268.444,2.63,14.665,2,2
JY56-z1,2888,2,185.138,268.838,2.644,14.754,2,2
JY56-z1,2888.125,2,184.536,269.326,2.657,14.718,2,2
JY56-z1,2889,2,189.27,267.933,2.622,14.504,2,2
JY56-z1,2889.125,2,187.888,265.961,2.627,14.308,2,2
JY56-z1,2889.25,2,186.128,264.033,2.632,13.964,2,2
JY56-z1,2890,2,180.871,267.685,2.613,12.646,2,2
JY56-z1,2890.125,2,183.39,268.104,2.609,12.606,2,2
JY56-z1,2890.25,2,185.988,267.901,2.609,12.663,2,2
JY56-z1,2891,2,187.658,265.427,2.61,15.226,2,2
JY56-z1,2891.125,2,185.36,265.641,2.613,15.577,2,2
JY56-z1,2891.25,2,185.304,265.625,2.615,15.554,2,2
JY56-z1,2892.125,2,190.088,262.345,2.584,13.657,2,2
JY56-z1,2892.25,2,191.606,262.193,2.576,13.148,2,2
JY56-z1,2892.375,2,192.134,262.406,2.574,12.774,2,2
JY56-z1,2893,2,206.04,262.707,2.586,13.827,2,2
JY56-z1,2893.125,2,206.639,262.014,2.584,14.266,2,2
JY56-z1,2893.25,2,206.094,260.985,2.583,14.524,2,2
JY56-z1,2893.875,2,197.798,258.876,2.581,13.777,2,2
JY56-z1,2894,2,198.72,257.888,2.578,13.766,2,2
JY56-z1,2894.125,2,201.937,256.577,2.578,13.688,2,2
JY56-z1,2894.625,2,225.633,268.316,2.609,14.663,2,2
JY56-z1,2894.75,2,232.297,274.879,2.621,15.169,2,2
JY56-z1,2894.875,2,237.981,280.058,2.628,15.445,2,2
JY56-z1,2895.5,2,230.469,271.712,2.633,15.136,2,2
JY56-z1,2895.625,2,219.259,265.931,2.642,15.381,2,2
JY56-z1,2895.75,2,211.028,260.664,2.652,14.968,2,2
JY56-z1,2896.5,2,202.826,252.122,2.626,14.181,2,2
JY56-z1,2896.625,2,211.022,252.492,2.624,13.748,2,2
JY56-z1,2896.75,2,213.836,252.878,2.626,13.207,2,2
JY56-z1,2897.375,2,201.478,247.118,2.621,12.306,2,2
JY56-z1,2897.5,2,202.957,245.983,2.625,12.286,2,2
JY56-z1,2897.625,2,203.683,245.696,2.63,12.403,2,2
JY56-z1,2898.375,2,214.601,246.731,2.623,12.928,2,2
JY56-z1,2898.5,2,213.344,247.116,2.627,12.765,2,2
JY56-z1,2898.625,2,209.516,248.093,2.627,12.485,2,2
JY56-z1,2899.125,2,209.189,250.04,2.623,11.717,2,2
JY56-z1,2899.25,2,209.761,249.581,2.616,11.476,2,2
JY56-z1,2899.375,2,213.236,249.166,2.607,11.63,2,2
JY56-z1,2900.125,2,203.368,248.531,2.593,12.421,2,2
JY56-z1,2900.25,2,200.59,250.257,2.588,12.139,2,2
JY56-z1,2900.375,2,196.759,251.841,2.589,11.918,2,2
JY56-z1,2901.125,2,207.358,251.644,2.592,11.314,2,2
JY56-z1,2901.25,2,203.285,250.595,2.594,11.132,2,2
JY56-z1,2901.375,2,200.415,250.002,2.598,11.321,2,2
JY56-z1,2902.125,2,185.318,245.169,2.579,12.166,2,2
JY56-z1,2902.25,2,187.379,246.973,2.579,12.168,2,2
JY56-z1,2902.375,2,191.92,250.404,2.581,12.569,2,2
JY56-z1,2903,2,221.162,256.914,2.587,11.829,2,2
JY56-z1,2903.125,2,214.866,254.28,2.598,11.323,2,2
JY56-z1,2903.25,2,205.511,252.369,2.611,11.245,2,2
JY51-2,3026.875,1,152.842,70.275,210.728,2.672,1,1
JY51-2,3027,1,151.346,70.329,208.878,2.634,1,1
JY51-2,3027.125,1,133.311,70.304,206.389,2.601,1,1
JY51-2,3027.25,1,111.097,70.193,203.532,2.585,1,1
JY51-2,3027.375,1,95.076,70.031,200.661,2.592,1,1
JY51-2,3027.5,1,89.788,69.863,198.145,2.608,1,1
JY51-2,3027.625,1,89.977,69.736,196.322,2.627,1,1
JY51-2,3027.75,1,89.579,69.7,195.507,2.64,1,1
JY51-2,3027.875,1,85.342,69.808,195.82,2.645,1,1
JY51-2,3028,1,79.596,70.072,197.409,2.643,1,1
JY51-2,3028.125,1,76.603,70.498,200.225,2.636,1,1
JY51-2,3028.25,1,80.937,71.073,204.071,2.632,1,1
JY51-2,3028.375,1,94.514,71.757,208.738,2.636,1,1
JY51-2,3028.5,1,116.948,72.486,213.81,2.648,1,1
JY51-2,3034,1,102.363,57.479,190.285,2.619,1,1
JY51-2,3034.125,1,98.089,57.463,191.05,2.61,1,1
JY51-2,3034.25,1,97.199,57.476,192.195,2.603,1,1
JY51-2,3034.375,1,98.918,57.53,193.663,2.6,1,1
JY51-2,3034.5,1,101.835,57.602,195.35,2.6,1,1
JY51-2,3034.625,1,104.275,57.659,197.157,2.602,1,1
JY51-2,3034.75,1,105.732,57.669,198.99,2.609,1,1
JY51-2,3034.875,1,107.441,57.622,200.838,2.619,1,1
JY51-2,3035,1,110.598,57.554,202.784,2.63,1,1
JY51-2,3035.125,1,114.647,57.55,204.984,2.636,1,1
JY51-2,3035.25,1,117.88,57.677,207.608,2.637,1,1
JY51-2,3035.375,1,120.065,57.955,210.745,2.637,1,1
JY51-2,3035.5,1,121.504,58.338,214.23,2.639,1,1
JY51-2,3035.625,1,121.927,58.721,217.709,2.64,1,1
JY51-2,3035.75,1,120.171,58.973,220.623,2.639,1,1
JY51-2,3035.875,1,114.751,58.987,222.416,2.633,1,1
JY51-2,3036,1,105.472,58.776,222.629,2.621,1,1
JY51-2,3036.125,1,94.655,58.443,221.202,2.609,1,1
JY51-2,3036.25,1,86.881,58.135,218.464,2.599,1,1
JY51-2,3036.375,1,85.403,57.949,214.989,2.597,1,1
JY51-2,3036.5,1,90.13,57.914,211.613,2.601,1,1
JY51-2,3036.625,1,96.922,57.974,209.077,2.61,1,1
JY51-2,3036.75,1,102.505,58.056,207.988,2.62,1,1
JY51-2,3036.875,1,106.05,58.118,208.513,2.629,1,1
JY51-2,3037,1,108.26,58.191,210.702,2.632,1,1
JY51-2,3037.125,1,108.194,58.327,214.379,2.63,1,1
JY51-2,3037.25,1,104.542,58.549,219.132,2.626,1,1
JY51-2,3037.375,1,99.798,58.812,224.577,2.619,1,1
JY51-2,3037.5,1,99.265,59.047,230.173,2.613,1,1
JY51-2,3037.625,1,105.841,59.194,235.275,2.614,1,1
JY51-2,3037.75,1,115.016,59.266,239.141,2.627,1,1
JY51-2,3037.875,1,118.758,59.335,241.106,2.648,1,1
JY51-2,3038,1,113.078,59.497,240.667,2.667,1,1
JY51-2,3038.125,1,101.73,59.794,237.584,2.673,1,1
JY51-2,3038.25,1,91.404,60.191,232.337,2.662,1,1
JY51-2,3038.375,1,86.169,60.571,225.658,2.643,1,1
JY51-2,3038.5,1,86.162,60.813,218.675,2.625,1,1
JY51-2,3038.625,1,90.361,60.858,212.62,2.615,1,1
JY51-2,3038.75,1,97.758,60.775,208.175,2.612,1,1
JY51-2,3038.875,1,107.478,60.691,205.317,2.613,1,1
JY51-2,3039,1,117.074,60.737,203.568,2.62,1,1
JY51-2,3039.125,1,123.644,60.97,202.659,2.63,1,1
JY51-2,3039.25,1,126.573,61.379,202.411,2.642,1,1
JY51-2,3039.375,1,127.578,61.884,202.626,2.653,1,1
JY51-2,3039.5,1,126.489,62.389,203.078,2.66,1,1
JY51-2,3039.625,1,119.644,62.827,203.583,2.658,1,1
JY51-2,3039.75,1,105.863,63.178,204.059,2.647,1,1
JY51-2,3040.5,1,138.542,65.797,204.858,2.667,1,1
JY51-2,3040.625,1,139.72,66.44,204.441,2.676,1,1
JY51-2,3040.75,1,134.788,66.99,203.956,2.675,1,1
JY51-2,3040.875,1,128.2,67.436,203.603,2.668,1,1
JY51-2,3041,1,121.84,67.824,203.654,2.66,1,1
JY51-2,3041.125,1,116.728,68.226,204.41,2.654,1,1
JY51-2,3041.25,1,114.588,68.674,206.129,2.651,1,1
JY51-2,3041.375,1,118.042,69.15,208.865,2.652,1,1
JY51-2,3041.5,1,129.052,69.598,212.555,2.662,1,1
JY51-2,3044.625,1,127.651,71.113,212.332,2.666,1,1
JY51-2,3044.75,1,117.801,71.25,211.066,2.651,1,1
JY51-2,3044.875,1,111.139,71.376,209.255,2.639,1,1
JY51-2,3045,1,106.641,71.54,206.947,2.632,1,1
JY51-2,3045.125,1,102.335,71.794,204.251,2.63,1,1
JY51-2,3045.25,1,97.409,72.166,201.296,2.628,1,1
JY51-2,3045.375,1,92.652,72.629,198.201,2.627,1,1
JY51-2,3045.5,1,88.501,73.125,195.134,2.626,1,1
JY51-2,3045.625,1,84.747,73.59,192.315,2.627,1,1
JY51-2,3045.75,1,81.209,73.983,190.008,2.627,1,1
JY51-2,3045.875,1,78.499,74.312,188.461,2.627,1,1
JY51-2,3046,1,77.573,74.635,187.934,2.628,1,1
JY51-2,3046.125,1,79.308,75.037,188.646,2.626,1,1
JY51-2,3046.25,1,84.369,75.565,190.708,2.623,1,1
JY51-2,3046.375,1,93.316,76.194,194.276,2.622,1,1
JY51-2,3046.5,1,107.821,76.864,199.341,2.628,1,1
JY51-2,3046.625,1,128.999,77.514,205.677,2.642,1,1
JY51-2,3050.875,2,181.742,87.178,232.763,2.647,2,2
JY51-2,3051,2,175.43,87.082,230.376,2.645,2,2
JY51-2,3051.125,2,167.55,87.023,226.242,2.64,2,2
JY51-2,3051.25,2,157.413,87.017,219.731,2.64,2,2
JY51-2,3051.375,2,143.621,87.044,211.483,2.656,2,2
JY51-2,3051.625,2,113.334,87.133,194.479,2.72,2,2
JY51-2,3051.75,2,105.441,87.207,189.479,2.743,2,2
JY51-2,3051.875,2,104.238,87.309,188.758,2.749,2,2
JY51-2,3052,2,107.913,87.43,192.031,2.741,2,2
JY51-2,3052.125,2,115.207,87.58,198.443,2.723,2,2
JY51-2,3052.75,2,159.607,89.594,237.711,2.633,2,2
JY51-2,3052.875,2,161.003,90.077,240.227,2.635,2,2
JY51-2,3053,2,162.138,90.503,242.53,2.639,2,2
JY51-2,3053.75,2,192.832,93.346,253.755,2.668,2,2
JY51-2,3053.875,2,195.509,93.915,254.021,2.671,2,2
JY51-2,3054,2,196.842,94.448,254.741,2.672,2,2
JY51-2,3054.75,2,199.708,96.034,257.956,2.679,2,2
JY51-2,3054.875,2,198.12,96.168,256.577,2.678,2,2
JY51-2,3055,2,197.041,96.353,254.771,2.676,2,2
JY51-2,3055.75,2,198.012,96.834,247.534,2.681,2,2
JY51-2,3055.875,2,198.917,96.652,248.479,2.684,2,2
JY51-2,3056,2,200.281,96.473,249.495,2.683,2,2
JY51-2,3056.75,2,188.383,95.618,248.786,2.675,2,2
JY51-2,3056.875,2,187.104,95.502,248.304,2.68,2,2
JY51-2,3057,2,186.594,95.338,247.955,2.686,2,2
JY51-2,3057.75,2,188.286,93.883,248.046,2.695,2,2
JY51-2,3057.875,2,188.588,93.79,248.527,2.692,2,2
JY51-2,3058,2,188.402,93.722,248.81,2.687,2,2
JY51-2,3058.75,2,194.526,93.223,250.505,2.67,2,2
JY51-2,3058.875,2,198.933,93.494,251.752,2.669,2,2
JY51-2,3059,2,199.656,93.937,252.394,2.668,2,2
JY51-2,3059.75,2,196.919,95.239,250.387,2.687,2,2
JY51-2,3059.875,2,196.461,95.096,250.166,2.683,2,2
JY51-2,3060,2,197.179,94.976,249.718,2.672,2,2
JY51-2,3060.75,2,194.546,94.353,243.558,2.663,2,2
JY51-2,3060.875,2,194.005,94.265,243.729,2.66,2,2
JY51-2,3061,2,192.133,94.219,243.276,2.661,2,2
JY51-2,3061.75,2,190.989,94.297,244.255,2.667,2,2
JY51-2,3061.875,2,192.788,94.321,245.265,2.66,2,2
JY51-2,3062,2,193.159,94.302,245.833,2.658,2,2
JY51-2,3062.75,2,196.484,94.451,248.944,2.69,2,2
JY51-2,3062.875,2,197.961,94.478,250.999,2.695,2,2
JY51-2,3063,2,197.691,94.451,252.028,2.693,2,2
JY51-2,3063.75,2,204.037,94.499,252.987,2.653,2,2
JY51-2,3063.875,2,205.067,94.53,253.797,2.656,2,2
JY51-2,3064,2,206.055,94.537,254.836,2.656,2,2
JY51-2,3064.75,2,209.6,94.474,255.792,2.627,2,2
JY51-2,3064.875,2,209.411,94.422,255.453,2.624,2,2
JY51-2,3065,2,211.269,94.392,255.821,2.621,2,2
JY51-2,3065.75,2,228.722,94.749,258.981,2.65,2,2
JY51-2,3065.875,2,230.068,94.801,258.235,2.648,2,2
JY51-2,3066,2,226.645,94.803,257.17,2.638,2,2
JY51-2,3066.75,2,213.593,93.531,251.274,2.623,2,2
JY51-2,3066.875,2,216.469,93.407,251.967,2.626,2,2
JY51-2,3067,2,219.479,93.413,252.617,2.632,2,2
JY51-2,3067.75,2,222.793,94.041,248.274,2.641,2,2
JY51-2,3067.875,2,222.377,94.182,248.446,2.658,2,2
JY51-2,3068,2,220.049,94.443,248.762,2.683,2,2
JY51-2,3068.75,2,175.776,97.033,224.993,2.764,2,2
JY51-2,3068.875,2,163.135,97.229,221.863,2.765,2,2
JY51-2,3069,2,165.213,97.349,224.016,2.75,2,2
JY51-2,3069.625,2,217.704,98.292,258.5,2.643,2,2
JY51-2,3069.75,2,211.116,98.532,259.819,2.647,2,2
JY51-2,3069.875,2,209.662,98.742,261.527,2.656,2,2
JY51-2,3070.75,2,218.409,99.046,266.085,2.658,2,2
JY51-2,3070.875,2,215.081,99.143,266.848,2.66,2,2
JY51-2,3071,2,211.919,99.337,268.001,2.662,2,2
JY51-2,3071.75,2,210.497,101.04,269.579,2.67,2,2
JY51-2,3071.875,2,210.757,101.213,270.178,2.666,2,2
JY51-2,3072,2,210.919,101.341,270.681,2.663,2,2
JY51-2,3072.75,2,217.588,101.354,271.951,2.638,2,2
JY51-2,3072.875,2,219.99,101.315,273.069,2.643,2,2
JY51-2,3073,2,222.261,101.272,272.893,2.653,2,2
JY51-2,3073.75,2,216.372,100.076,264.722,2.687,2,2
JY51-2,3073.875,2,216.792,99.797,264.241,2.684,2,2
JY51-2,3074,2,216.262,99.578,263.74,2.683,2,2
JY51-2,3074.5,2,207.473,99.147,265.941,2.668,2,2
JY51-2,3074.625,2,207.258,98.987,265.13,2.667,2,2
JY51-2,3074.75,2,206.158,98.757,262.285,2.671,2,2
JY51-2,3075.75,2,222.267,95.182,264.399,2.666,2,2
JY51-2,3075.875,2,222.459,95.045,264.341,2.669,2,2
JY51-2,3076,2,223.23,94.948,264.183,2.667,2,2
JY51-2,3076.75,2,187.233,94.849,239.591,2.682,2,2
JY51-2,3076.875,2,183.019,94.883,240.37,2.688,2,2
JY51-2,3077,2,186.233,94.936,245.054,2.677,2,2
JY51-2,3077.75,2,222.666,94.686,263.552,2.649,2,2
JY51-2,3077.875,2,222.648,94.437,264.627,2.649,2,2
JY51-2,3078,2,219.95,94.265,265.859,2.647,2,2
JY51-2,3078.75,2,206.502,93.212,266.413,2.645,2,2
JY51-2,3078.875,2,207.183,93.034,266.307,2.649,2,2
JY51-2,3079,2,209.669,92.941,266.058,2.655,2,2
JY51-2,3079.75,2,200.463,91.875,261.617,2.664,2,2
JY51-2,3079.875,2,197.487,91.664,259.486,2.668,2,2
JY51-2,3080,2,197.418,91.514,258.809,2.669,2,2
JY51-2,3080.75,2,206.696,89.437,279.331,2.658,2,2
JY51-2,3080.875,2,210.274,89.177,275.028,2.652,2,2
JY51-2,3081,2,212.296,89.116,268.462,2.644,2,2
JY51-2,3081.75,2,204.642,89.681,264.619,2.669,2,2
JY51-2,3081.875,2,200.055,89.548,263.733,2.682,2,2
JY51-2,3082,2,193.909,89.398,259.144,2.685,2,2
JY51-2,3082.75,2,176.19,87.801,237.718,2.649,2,2
JY51-2,3082.875,2,175.625,87.568,238.136,2.647,2,2
JY51-2,3083,2,176.26,87.406,238.105,2.645,2,2
JY51-2,3083.75,2,173.385,85.406,237.481,2.646,2,2
JY51-2,3083.875,2,173.186,84.851,238.524,2.645,2,2
JY51-2,3084,2,174.259,84.322,239.576,2.641,2,2
JY51-2,3084.75,2,183.019,82.528,239.69,2.632,2,2
JY51-2,3084.875,2,184.422,82.42,240.398,2.634,2,2
JY51-2,3085,2,186.361,82.304,240.877,2.638,2,2
JY51-2,3085.625,2,171.218,81.6,233.919,2.67,2,2
JY51-2,3085.75,2,170.72,81.544,233.292,2.66,2,2
JY51-2,3085.875,2,175.23,81.565,233.541,2.647,2,2
JY51-2,3086.75,2,183.576,83.242,241.113,2.618,2,2
JY51-2,3086.875,2,182.357,83.777,242.114,2.613,2,2
JY51-2,3087,2,182.943,84.264,243.098,2.61,2,2
JY51-2,3087.75,2,183.292,84.131,242.928,2.624,2,2
JY51-2,3087.875,2,178.57,82.913,241.339,2.617,2,2
JY51-2,3088,2,176.388,82.061,240.493,2.615,2,2
JY51-2,3088.625,2,168.557,81.252,238.547,2.648,2,2
JY51-2,3088.75,2,166.05,81.988,237.538,2.65,2,2
JY51-2,3088.875,2,165.266,82.631,236.706,2.65,2,2
JY51-2,3089.75,2,183.617,83.744,245.566,2.622,2,2
JY51-2,3089.875,2,184.631,83.621,245.621,2.616,2,2
JY51-2,3090,2,184.048,83.586,245.346,2.614,2,2
JY51-2,3091.125,2,202.465,85.976,240.095,2.641,2,2
JY51-2,3091.25,2,218.361,86.227,240.292,2.646,2,2
JY51-2,3091.375,2,230.36,86.293,240.653,2.647,2,2
JY51-2,3091.75,2,230.973,85.625,239.344,2.651,2,2
JY51-2,3091.875,2,224.817,85.462,238.394,2.656,2,2
JY51-2,3092,2,215.501,85.426,237.502,2.66,2,2
JY51-2,3092.75,2,180.91,84.711,232.359,2.646,2,2
JY51-2,3092.875,2,182.833,84.622,232.57,2.646,2,2
JY51-2,3093,2,187.042,84.543,233.165,2.646,2,2
JY51-2,3093.75,2,190.698,84.338,237.722,2.648,2,2
JY51-2,3093.875,2,188.154,84.231,239.305,2.646,2,2
JY51-2,3094,2,186.204,84.058,240.33,2.642,2,2
JY51-2,3094.75,2,194.543,82.812,245.858,2.636,2,2
JY51-2,3094.875,2,194.153,82.702,246.051,2.641,2,2
JY51-2,3095,2,192.255,82.653,245.731,2.64,2,2
JY51-2,3095.75,2,187.398,81.786,241.298,2.615,2,2
JY51-2,3095.875,2,187.586,81.588,238.998,2.614,2,2
JY51-2,3096,2,188.935,81.429,236.696,2.615,2,2
JY51-2,3096.75,2,182.256,80.686,236.111,2.637,2,2
JY51-2,3096.875,2,180.725,80.617,235.613,2.638,2,2
JY51-2,3097,2,180.748,80.611,234.721,2.634,2,2
JY51-2,3097.75,2,182.415,80.379,225.109,2.659,2,2
JY51-2,3097.875,2,187.478,80.234,226.643,2.654,2,2
JY51-2,3098,2,190.779,80.15,230.041,2.645,2,2
JY51-2,3098.75,2,179.885,81.244,236.418,2.627,2,2
JY51-2,3098.875,2,177.437,81.558,235.154,2.634,2,2
JY51-2,3099,2,177.88,81.85,234.234,2.64,2,2
JY51-2,3099.75,2,180.313,82.744,234.413,2.627,2,2
JY51-2,3099.875,2,181.074,83.015,235.256,2.623,2,2
JY51-2,3100,2,182.266,83.337,237,2.621,2,2
JY51-2,3100.75,2,177.452,83.828,242.727,2.63,2,2
JY51-2,3100.875,2,179.555,83.782,242.597,2.634,2,2
JY51-2,3101,2,182.562,83.804,242.734,2.641,2,2
JY51-2,3101.75,2,193.25,84.322,244.073,2.628,2,2
JY51-2,3101.875,2,194.613,84.565,243.82,2.631,2,2
JY51-2,3102,2,195.716,84.759,243.292,2.639,2,2
JY51-2,3102.75,2,175.825,84.324,238.701,2.675,2,2
JY51-2,3102.875,2,170.635,84.353,239.118,2.665,2,2
JY51-2,3103,2,168.991,84.436,239.973,2.652,2,2
JY51-2,3103.75,2,197.258,85.372,247.915,2.617,2,2
JY51-2,3103.875,2,199.402,85.464,249.876,2.619,2,2
JY51-2,3104,2,197.59,85.54,250.902,2.62,2,2
JY51-2,3104.625,2,191.839,86.394,247.279,2.644,2,2
JY51-2,3104.75,2,190.085,86.502,248.9,2.655,2,2
JY51-2,3104.875,2,190.832,86.585,251.367,2.659,2,2
JY51-2,3105.75,2,173.356,87.839,245.236,2.6,2,2
JY51-2,3105.875,2,171.859,87.918,247.503,2.599,2,2
JY51-2,3106,2,175.51,88.022,249.679,2.6,2,2
JY51-2,3106.75,2,186.727,87.7,260.408,2.591,2,2
JY51-2,3106.875,2,188.457,87.796,259.774,2.59,2,2
JY51-2,3107,2,190.33,88.001,259.282,2.593,2,2
JY51-2,3107.625,2,191.686,89.99,258.479,2.599,2,2
JY51-2,3107.75,2,189.283,90.387,258.381,2.602,2,2
JY51-2,3107.875,2,188.522,90.733,258.264,2.605,2,2
JY51-2,3108.75,2,188.018,90.599,260.561,2.627,2,2
JY51-2,3108.875,2,189.291,90.112,261.824,2.611,2,2
JY51-2,3109,2,187.283,89.679,262.484,2.604,2,2
JY51-2,3109.75,2,178.96,88.9,256.354,2.592,2,2
JY51-2,3109.875,2,180.471,89.038,255.716,2.585,2,2
JY51-2,3110,2,179.885,89.251,255.325,2.578,2,2
JY51-2,3110.75,2,191.847,90.7,258.683,2.582,2,2
JY51-2,3110.875,2,191.334,90.663,258.805,2.583,2,2
JY51-2,3111,2,189.526,90.479,257.747,2.587,2,2
JY51-2,3111.75,2,170.925,87.538,253.283,2.606,2,2
JY51-2,3111.875,2,179.531,87.141,255.058,2.591,2,2
JY51-2,3112,2,185.418,86.788,256.05,2.579,2,2
JY51-2,3112.75,2,183.183,84.56,252.286,2.564,2,2
JY51-2,3112.875,2,181.664,84.454,251.849,2.573,2,2
JY51-2,3113,2,180.4,84.462,252.493,2.588,2,2
JY51-2,3113.75,2,181.889,85.093,250.357,2.584,2,2
JY51-2,3113.875,2,183.554,85.067,249.723,2.583,2,2
JY51-2,3114,2,187.087,85.001,249.924,2.579,2,2
JY51-2,3114.75,2,207.024,86.456,253.426,2.56,2,2
JY51-2,3114.875,2,210.453,86.92,254.503,2.561,2,2
JY51-2,3115,2,213.125,87.299,255.602,2.562,2,2
JY51-2,3115.75,2,238.033,89.027,264.561,2.592,2,2
JY51-2,3115.875,2,241.981,89.286,266.56,2.6,2,2
JY51-2,3116,2,244.594,89.464,267.363,2.6,2,2
JY51-2,3116.625,2,223.049,89.409,249.022,2.588,2,2
JY51-2,3116.75,2,216.3,89.218,247.431,2.601,2,2
JY51-2,3116.875,2,212.292,88.934,246.204,2.609,2,2
JY51-2,3117.75,2,210.991,86.973,246.045,2.625,2,2
JY51-2,3117.875,2,212.119,87.043,247.447,2.616,2,2
JY51-2,3118,2,211.245,87.143,247.467,2.611,2,2
JY51-2,3118.75,2,201.062,86.065,240.596,2.623,2,2
JY51-2,3118.875,2,201.109,85.742,239.036,2.628,2,2
JY51-2,3119,2,200.958,85.385,237.898,2.636,2,2
JY51-2,3119.75,2,216.691,81.938,246.712,2.602,2,2
JY51-2,3119.875,2,216.053,81.805,245.754,2.599,2,2
JY51-2,3120,2,213.587,81.84,244.913,2.596,2,2
JY51-2,3120.75,2,203.315,80.841,237.562,2.613,2,2
JY51-2,3120.875,2,204.388,80.329,238.04,2.608,2,2
JY51-2,3121,2,206.197,79.91,240.751,2.596,2,2
JY51-2,3121.75,2,197.751,82.348,243.829,2.59,2,2
JY51-2,3121.875,2,199.076,83.353,242.273,2.591,2,2
JY51-2,3122,2,200.575,84.303,242.398,2.597,2,2
JY51-2,3122.75,2,199.617,87.188,244.583,2.581,2,2
JY51-2,3122.875,2,194.529,87.296,243.245,2.579,2,2
JY51-2,3123,2,190.145,87.344,242.455,2.581,2,2
JY51-2,3123.75,2,177.034,87.803,239.938,2.579,2,2
JY51-2,3123.875,2,179.197,87.828,240.999,2.579,2,2
JY51-2,3124,2,187.739,87.895,243.036,2.584,2,2
JY51-2,3124.75,2,220.514,88.132,243.152,2.558,2,2
JY51-2,3124.875,2,209.618,88.021,241.784,2.554,2,2
JY51-2,3125,2,200.075,87.938,241.279,2.553,2,2
JY51-2,3125.75,2,195.766,87.596,240.133,2.59,2,2
JY51-2,3125.875,2,198.144,87.496,241.758,2.586,2,2
JY51-2,3126,2,200.502,87.365,243.396,2.577,2,2
JY51-2,3126.75,2,210.597,87.254,241.373,2.554,2,2
JY51-2,3126.875,2,213.353,87.307,240.899,2.562,2,2
JY51-2,3127,2,215.856,87.332,241.125,2.565,2,2
JY51-2,3127.75,2,220.436,86.589,248.18,2.541,2,2
JY51-2,3127.875,2,219.861,86.496,247.951,2.535,2,2
JY51-2,3128,2,217.983,86.474,247.286,2.531,2,2
JY51-2,3128.75,2,208.031,86.716,248.064,2.554,2,2
JY51-2,3128.875,2,208.617,86.818,248.603,2.547,2,2
JY51-2,3129,2,211.984,86.998,248.504,2.54,2,2
JY51-2,3129.75,2,206.528,88.497,247.599,2.548,2,2
JY51-2,3129.875,2,205.527,88.696,247.745,2.541,2,2
JY51-2,3130,2,206.843,88.952,247.091,2.535,2,2
JY51-2,3130.75,2,209.244,91.377,248.962,2.554,2,2
JY51-2,3130.875,2,212.2,91.659,249.2,2.542,2,2
JY51-2,3131,2,214.879,91.839,248.329,2.533,2,2
JY51-2,3131.75,2,219.961,91.684,245.635,2.561,2,2
JY51-2,3131.875,2,235.09,91.747,245.432,2.565,2,2
JY51-2,3132,2,253.443,91.821,246.053,2.567,2,2
JY51-2,3132.75,2,241.844,91.023,253.556,2.557,2,2
JY51-2,3132.875,2,236.655,90.954,252.149,2.549,2,2
JY51-2,3133,2,238.573,90.992,251.41,2.541,2,2
JY51-2,3133.75,2,233.777,93.004,252.517,2.524,2,2
JY51-2,3133.875,2,232.485,93.637,252.896,2.526,2,2
JY51-2,3134,2,232.517,94.347,253.473,2.528,2,2
JY51-2,3134.875,2,332.175,97.994,262.229,2.56,2,2
JY51-2,3135,2,341.333,98.232,261.22,2.549,2,2
JY51-2,3135.125,2,336.199,98.39,258.747,2.535,2,2
JY51-2,3135.75,2,276.671,98.397,248.399,2.54,2,2
JY51-2,3135.875,2,272.344,98.358,246.653,2.532,2,2
JY51-2,3136,2,266.95,98.324,244.615,2.522,2,2
JY51-2,3136.75,2,274.743,99,242.686,2.496,2,2
JY51-2,3136.875,2,293.19,99.162,246.378,2.507,2,2
JY51-2,3137,2,322.456,99.329,250.973,2.522,2,2
JY51-2,3138.25,2,404.745,100.284,250.672,2.455,2,2
JY51-2,3138.375,2,436.878,100.292,251.91,2.454,2,2
JY51-2,3138.5,2,457.92,100.375,253.352,2.457,2,2
JY51-2,3139.75,2,244.393,102.668,243.332,2.543,2,2
JY51-2,3139.875,2,232.701,102.827,247.44,2.516,2,2
JY51-2,3140,2,225.779,102.938,249.809,2.503,2,2
JY51-2,3140.75,2,217.185,103.791,241.879,2.52,2,2
JY51-2,3140.875,2,221.863,103.61,239.404,2.506,2,2
JY51-2,3141,2,225.801,103.315,238.477,2.495,2,2
JY51-2,3141.75,2,194.118,101.821,237.229,2.49,2,2
JY51-2,3141.875,2,184.389,102.104,236.011,2.492,2,2
JY51-2,3142,2,176.891,102.628,235.113,2.497,2,2
JY51-2,3142.75,2,159.184,104.986,252.069,2.548,2,2
JY51-2,3142.875,2,155.465,104.954,254.036,2.562,2,2
JY51-2,3143,2,155.957,104.782,254.702,2.564,2,2
JY51-2,3143.75,2,193.836,101.402,268.561,2.523,2,2
JY51-2,3143.875,2,195.247,100.645,271.254,2.559,2,2
JY51-2,3144,2,196.91,99.903,273.09,2.613,2,2
JY51-2,3144.75,2,160.242,96.731,226.812,2.753,2,2
JY51-2,3144.875,2,137.797,96.323,216.495,2.755,2,2
JY51-2,3145,2,110.346,95.926,205.372,2.754,2,2
